"opec";"descripcion";"estudio";"experiencia";"tiempomin";"altenativa_estudio";"altenativa_experiencia";"altenativa_tiempomin"
2881;"Verificar que los productos vigilados por el INVIMA provenientes del exterior, cumplan
con las normas sanitarias y de comercio exterior, de acuerdo con los procedimientos
establecidos.";"Título profesional en Ingeniería de
Alimentos, Medicina Veterinaria,
Química Farmacéutica, Química,
Ingeniería Química, Ingeniería Pesquera,
Agronomía, Medicina.
Tarjeta o matrícula profesional en los
casos reglamentados por la Ley.";"Tres (3) meses de experiencia profesional
relacionada con las funciones del cargo.";3;;;
5973;"Verificar el cumplimiento de los requisitos para obtención de Registro Sanitario de los
Dispositivos médicos y otras tecnologías, con el fin de garantizar su seguridad para el
uso humano, de acuerdo con las normas y procedimientos vigentes.";"Título profesional en Medicina, Odontología, Microbiología, Bacteriología, Ingeniería Biomédica, Química Farmacéutica.
Tarjeta o matrícula profesional en los casos reglamentados por la Ley.";"Nueve (9) meses de experiencia profesional relacionada.
";9;;;
5974;"Administrar el portafolio de inversiones, custodiar los títulos valores y efectivo, efectuar
los pagos y transacciones financieras, manejar el Terminal Empresarial Bancario, en
desarrollo del objetivo Institucional de acuerdo con las normas vigentes, normas de
seguridad y Manual de Procesos y Procedimientos adoptados por la Entidad.";"Título profesional en Contaduría Pública,
Economía, Administración de Empresas,
Administración Industrial, Administración
Pública, Ingeniería Industrial.
Tarjeta o matrícula profesional en los casos
reglamentados por la Ley.";"Nueve (9) meses de experiencia
profesional relacionada.";9;;;
5975;"Verificar que los productores y distribuidores de productos farmacéuticos, cumplen los
requerimientos establecidos para la elaboración y distribución de los mismos, de
acuerdo con las normas y procedimientos vigentes.";"Título profesional en Química
Farmacéutica, Bacteriología, Microbiología
o Ingeniería Química.
Tarjeta o matrícula profesional en los casos
reglamentados por la Ley.";"Nueve (9) meses de experiencia
profesional relacionada.";9;;;
7003;"Realizar los análisis de control de calidad físico-químico a los productos farmacéuticos
garantizando el cumplimiento de los requisitos y parámetros de calidad que deben
cumplir los mismos para su distribución en el país, de acuerdo con las normas y
procedimientos vigentes.";"Título profesional en Química Farmacéutica, Bacteriología, Microbiología.
Tarjeta o matrícula profesional en los casos reglamentados por la Ley.";Doce (12) meses de experiencia profesional relacionada.;12;;;
7004;"Participar en la verificación del cumplimiento de los requerimientos establecidos para la
elaboración y distribución de productos farmacéuticos por parte de productores y
distribuidores de los mismos, de conformidad con las normas y procedimientos
vigentes.";"Título profesional en Química Farmacéutica, Bacteriología, Microbiología o Ingeniería Química.
Tarjeta o matrícula profesional en los casos reglamentados por la Ley.";Doce (12) meses de experiencia profesional relacionada.;12;;;
7751;"Realizar acciones de Inspección, Vigilancia y Control de los productos competencia del Instituto para la fabricación de los mismos, y en particular en el puerto, aeropuerto o
paso fronterizo, según sea el caso, en concordancia con la legislación sanitaria, los procedimientos.";"Título profesional en Medicina Veterinaria, Química Farmacéutica, Ingeniería Química, Ingeniería de Alimentos, Zootecnia, Ingeniería Pesquera, Agronomía.

Tarjeta o matrícula profesional en los casos reglamentados por la Ley.
";Quince (15) meses de experiencia profesional relacionada.;15;;;
7752;"Ejercer vigilancia, inspección y control a productos y establecimientos fabricantes,
importadores y comercializadores de insumos para la salud y productos de dispositivos
médicos, componentes anatómicos, reactivos de diagnóstico in Vitro, productos
oficinales y droga blanca, productos de aseo y limpieza de uso doméstico, plaguicidas
de uso doméstico, de acuerdo con la legislación, métodos y procedimientos vigentes.";"Título profesional en Bacteriología, Microbiología, Química Farmacéutica, Química, Ingeniería Química, Odontología, Ingeniería Biomédica, Biología.

Tarjeta o matrícula profesional en los casos reglamentados por la Ley.";Quince (15) meses de experiencia profesional relacionada.;15;;;
7753;"Elaborar los Actos Administrativos relacionados con el Registro Sanitario y demás
novedades asociadas con los productos vigilados por el Instituto, de acuerdo con las
normas y procedimientos vigentes.";"Título profesional en Ingeniería de
Alimentos, Química Farmacéutica,
Ingeniería Industrial de Alimentos,
Ingeniería Pesquera, Ingeniería Química,
Agronomía.
Tarjeta o matrícula profesional en los casos
reglamentados por la Ley.";"Quince (15) meses de experiencia
profesional relacionada.";15;;;
8388;"Mantener en funcionamiento el Centro de Cómputo, de acuerdo con manuales,
procedimientos, requerimientos de usuarios y normas.";"Título profesional en Ingeniería de Sistemas, Ingeniería Electrónica, Telecomunicaciones, Administración de
sistemas informáticos, Ingeniería Industrial, Ingeniería Telemática.

Tarjeta o matricula profesional en los casos reglamentados por la ley.";Dieciocho (18) meses de experiencia profesional relacionada.;18;;;
9733;"Desarrollar los programas de Salud Ocupacional, Bienestar Social e incentivos y demás actividades relacionadas con la carrera administrativa tendientes al
mejoramiento y la calidad de vida de los empleados, de acuerdo con las normas y procedimientos legales vigentes.";"Título profesional en Administración de Empresas, Administración Industrial, Administración Pública, Ingeniería Industrial, Psicología, Administración Turística y Hotelera, Administración de Recursos Humanos.

Tarjeta o matrícula profesional, en los casos reglamentados por la Ley.";"Veinticuatro (24) meses de experiencia profesional relacionada.
";24;;;
9734;"Ejecutar actividades de vigilancia y control a productos, productores y distribuidores de productos farmacéuticos, constatando que los mismos cumplan con los parámetros de
calidad y requerimientos establecidos para la elaboración y distribución de productos farmacéuticos, de acuerdo con las normas y procedimientos vigentes.";"Título profesional en Medicina, Química Farmacéutica, Bacteriología, Microbiología, Odontología, Biología, Licenciatura en Química o Biología.

Tarjeta o matrícula profesional en los casos reglamentados por la Ley.";"Quince (15) meses de experiencia profesional relacionada.
";15;;;
9735;"Realizar control de calidad a los alimentos y bebidas como apoyo a las labores de
vigilancia y control competencia de la Dirección de Alimentos y Bebidas de acuerdo con
las normas y procedimientos vigentes.";"Título profesional en Química, Química Farmacéutica, Ingeniería de Alimentos, Ingeniería Química, Ingeniería Industrial y de Alimentos.
Tarjeta o matrícula profesional, en los casos reglamentados por la Ley.";Veinticuatro (24) meses de experiencia profesional relacionada.;24;;;
11200;"Cumplir  con  la  inspección,  vigilancia  y  control  de  los  alimentos  y  bebidas,  en concordancia con la legislación sanitaria, las políticas, directrices del Instituto y los
procedimientos vigentes en cumplimiento de su misión institucional.
";"Título profesional en: Medicina Veterinaria, Zootecnia. 
Tarjeta o matrícula profesional en los casos reglamentados por la Ley.";Treinta    (30)    meses    de    experiencia profesional relacionada.;30;"Título profesional en: Medicina Veterinaria, Zootecnia. 

Tarjeta  o  matrícula  profesional,  en  los casos reglamentados por la Ley.

Título de posgrado en la modalidad de especialización en áreas relacionadas con las funciones del empleo.

Seis     (6)     meses     de     experiencia
profesional relacionada.

";;
11201;Cumplir con la inspección, vigilancia y control de los alimentos y bebidas alcohólicas, en concordancia con la legislación sanitaria, las políticas, directrices de la Institución y los procedimientos vigentes en cumplimiento de su misión institucional.;"Título profesional en: Química Farmacéutica, Ingeniería Química, Química.
Tarjeta o matrícula profesional en los casos reglamentados por la Ley.
";Treinta    (30)    meses    de    experiencia profesional relacionada.;30;"Título profesional en: Química Farmacéutica, Ingeniería Química, Química.

Tarjeta o matrícula profesional en los casos reglamentados por la Ley.

Título de posgrado en la modalidad de especialización en áreas relacionadas con las funciones del empleo.

Seis     (6)     meses     de     experiencia
profesional relacionada.
";;
11202;Cumplir con la inspección, vigilancia y control de los alimentos y bebidas alcohólicas, en concordancia con la legislación sanitaria, las políticas, directrices de la Institución y los procedimientos vigentes en cumplimiento de su misión institucional.;"Título profesional en: Ingeniería Agrícola, Ingeniería Agroindustrial, Ingeniería Sanitaria, Ingeniería Ambiental.

Tarjeta o matrícula profesional en los casos reglamentados por la Ley.
";Treinta    (30)    meses    de    experiencia profesional relacionada.;30;"Título profesional en: Ingeniería Agrícola, Ingeniería Agroindustrial, Ingeniería Sanitaria, Ingeniería Ambiental.

Tarjeta o matrícula profesional en los casos reglamentados por la Ley.

Título de posgrado en la modalidad de especialización en áreas relacionadas con las funciones del empleo.

Seis     (6)     meses     de     experiencia
profesional relacionada.
";;
11203;Cumplir con la inspección, vigilancia y control de los alimentos y bebidas alcohólicas, en concordancia con la legislación sanitaria, las políticas, directrices de la Institución y los procedimientos vigentes en cumplimiento de su misión institucional.;"Título profesional en: Ciencia y Tecnología de Alimentos.

Tarjeta o matrícula profesional en los casos reglamentados por la Ley.
";Treinta    (30)    meses    de    experiencia profesional relacionada.;30;"Título profesional en: Ciencia y Tecnología de Alimentos.

Tarjeta o matrícula profesional en los casos reglamentados por la Ley.

Título de posgrado en la modalidad de especialización en áreas relacionadas con las funciones del empleo.

Seis     (6)     meses     de     experiencia
profesional relacionada.
";;
11204;Cumplir con la inspección, vigilancia y control de los alimentos y bebidas alcohólicas, en concordancia con la legislación sanitaria, las políticas, directrices de la Institución y los procedimientos vigentes en cumplimiento de su misión institucional.;"Título profesional en: Química de Alimentos.

Tarjeta o matrícula profesional en los casos reglamentados por la Ley.
";Treinta    (30)    meses    de    experiencia profesional relacionada.;30;"Título profesional en: Química de Alimentos.

Tarjeta o matrícula profesional en los casos reglamentados por la Ley.

Título de posgrado en la modalidad de especialización en áreas relacionadas con las funciones del empleo.

Seis     (6)     meses     de     experiencia
profesional relacionada.
";;
11205;Cumplir con la inspección, vigilancia y control de los alimentos y bebidas alcohólicas, en concordancia con la legislación sanitaria, las políticas, directrices de la Institución y los procedimientos vigentes en cumplimiento de su misión institucional.;"Título profesional en: Microbiología Industrial,  Microbiología, Bacteriología.

Tarjeta o matrícula profesional en los casos reglamentados por la Ley.";Treinta    (30)    meses    de    experiencia profesional relacionada.;30;"Título profesional en: Microbiología Industrial,  Microbiología, Bacteriología.

Tarjeta o matrícula profesional en los casos reglamentados por la Ley.

Título de posgrado en la modalidad de especialización en áreas relacionadas con las funciones del empleo.

Seis     (6)     meses     de     experiencia
profesional relacionada.
";;
11206;Cumplir con la inspección, vigilancia y control de los alimentos y bebidas alcohólicas, en concordancia con la legislación sanitaria, las políticas, directrices de la Institución y los procedimientos vigentes en cumplimiento de su misión institucional.;"Título profesional en: Ingeniería de Alimentos, Ingeniería Industrial de Alimentos. 

Tarjeta o matrícula profesional en los casos reglamentados por la Ley.";Treinta    (30)    meses    de    experiencia profesional relacionada.;30;"Título profesional en: Ingeniería de Alimentos, Ingeniería Industrial de Alimentos. 

Tarjeta o matrícula profesional en los casos reglamentados por la Ley.

Título de posgrado en la modalidad de especialización en áreas relacionadas con las funciones del empleo.

Seis     (6)     meses     de     experiencia
profesional relacionada.
";;
11207;Cumplir con la inspección, vigilancia y control de los alimentos y bebidas alcohólicas, en concordancia con la legislación sanitaria, las políticas, directrices de la Institución y los procedimientos vigentes en cumplimiento de su misión institucional.;"Título profesional en: Nutrición.

Tarjeta o matrícula profesional en los casos reglamentados por la Ley.
";Treinta    (30)    meses    de    experiencia profesional relacionada.;30;"Título profesional en: Nutrición.

Tarjeta o matrícula profesional en los casos reglamentados por la Ley.

Título de posgrado en la modalidad de especialización en áreas relacionadas con las funciones del empleo.

Seis     (6)     meses     de     experiencia
profesional relacionada.	
";;
11208;"Realizar Inspección, Vigilancia y Control de Alimentos, Materias Primas para la
fabricación de los mismos y bebidas en el área del Grupo de Trabajo asignado y en
particular en el puerto, aeropuerto o paso fronterizo, según sea el caso, en
concordancia con la legislación sanitaria, los procedimientos, las políticas y directrices
del Instituto.";"Título profesional en: Ingeniería de Alimentos, Química de Alimentos, Ciencia y Tecnología de Alimentos, Ingeniería Industrial de Alimentos, Microbiología Industrial, Zootecnia, Bacteriología o Químico Farmacéutico.

Tarjeta o matrícula profesional en los casos reglamentados por la Ley. ";Treinta (30) meses de experiencia profesional relacionada con las funciones del cargo.;30;"Título profesional en: Ingeniería de Alimentos, Química de Alimentos, Ciencia y Tecnología de Alimentos, Ingeniería Industrial de Alimentos, Microbiología Industrial, Zootecnia, Bacteriología o Químico Farmacéutico.

Tarjeta o matrícula profesional en los casos reglamentados por la Ley. 
Título de posgrado en la modalidad de especialización en áreas relacionadas con las funciones del empleo.

Seis (6) meses de experiencia profesional relacionada.";;
11209;"Realizar Inspección, Vigilancia y Control de Alimentos, Materias Primas para la
fabricación de los mismos y bebidas en el área del Grupo de Trabajo asignado y en
particular en el puerto, aeropuerto o paso fronterizo, según sea el caso, en
concordancia con la legislación sanitaria, los procedimientos, las políticas y directrices
del Instituto.";"Título profesional en: Ingeniería Química, Ingeniería de Alimentos, Química de Alimentos, Ciencia y Tecnología de Alimentos, Ingeniería Industrial de Alimentos, Zootecnia, Bacteriología, Microbiología, Químico Farmacéutico.

Tarjeta o matrícula profesional en los casos reglamentados por la Ley. 
";Treinta (30) meses de experiencia profesional relacionada con las funciones del cargo.;30;"Título profesional en: Ingeniería Química, Ingeniería de Alimentos, Química de Alimentos, Ciencia y Tecnología de Alimentos, Ingeniería Industrial de Alimentos, Zootecnia, Bacteriología, Microbiología, Químico Farmacéutico.

Tarjeta o matrícula profesional en los casos reglamentados por la Ley. 

Título de posgrado en la modalidad de especialización en áreas relacionadas con las funciones del empleo.
Seis (6) meses de experiencia profesional relacionada.";;
11210;"Realizar Inspección, Vigilancia y Control de Alimentos, Materias Primas para la
fabricación de los mismos y bebidas en el área del Grupo de Trabajo asignado y en
particular en el puerto, aeropuerto o paso fronterizo, según sea el caso, en
concordancia con la legislación sanitaria, los procedimientos, las políticas y directrices
del Instituto.";"Título profesional en: Ingeniería Química, Ingeniería de Alimentos, Química de Alimentos, Ciencia y Tecnología de Alimentos, Ingeniería Industrial de Alimentos, Microbiología Industrial, Zootecnia, Bacteriología.

Tarjeta o matrícula profesional en los casos reglamentados por la Ley.";Treinta (30) meses de experiencia profesional relacionada con las funciones del cargo.;30;"Título profesional en: Ingeniería Química, Ingeniería de Alimentos, Química de Alimentos, Ciencia y Tecnología de Alimentos, Ingeniería Industrial de Alimentos, Microbiología Industrial, Zootecnia, Bacteriología.

Tarjeta o matrícula profesional en los casos reglamentados por la Ley.
Título de posgrado en la modalidad de
especialización en áreas relacionadas con
las funciones del empleo.
Seis (6) meses de experiencia
profesional relacionada.";;
11211;"En el Programa de Inspección Vigilancia y Control de plantas de beneficio de animales;
ejecutar actividades del Sistema Oficial de Inspección, Vigilancia y Control de Plantas de Beneficio de animales de abasto público, para la protección de la salud de la población de conformidad con la legislación y procedimientos vigentes.";"Título  profesional  en  Medicina Veterinaria, Medicina Veterinaria y Zootecnia, Zootecnia.

Tarjeta o matrícula profesional, en los casos reglamentados por la Ley.
";Treinta    (30)    meses    de    experiencia profesional relacionada.;30;"Título      profesional      en      Medicina
Veterinaria,    Medicina    Veterinaria    y
Zootecnia, Zootecnia.
	
Tarjeta o matrícula profesional, en los casos reglamentados por la Ley.

Título de posgrado en la modalidad de especialización  en  áreas  relacionadas con las funciones del empleo.

Seis (6) meses de experiencia profesional
relacionada.
";;
11212;"Realizar Inspección, Vigilancia y Control de Alimentos, Materias Primas para la
fabricación de los mismos y bebidas en el área del Grupo de Trabajo asignado y en
particular en el puerto, aeropuerto o paso fronterizo, según sea el caso, en
concordancia con la legislación sanitaria, los procedimientos, las políticas y directrices
del Instituto.";"
Título profesional en: Ingeniería Química, Ingeniería de Alimentos, Bioquímica de Alimentos, Química de Alimentos, Ciencia y Tecnología de Alimentos, Ingeniería Industrial de Alimentos, Microbiología Industrial, Zootecnia, Bacteriología.

Tarjeta o matrícula profesional en los casos reglamentados por la Ley. 
";Treinta (30) meses de experiencia profesional relacionada con las funciones del cargo.;30;"Título profesional en: Ingeniería Química, Ingeniería de Alimentos, Bioquímica de Alimentos, Química de Alimentos, Ciencia y Tecnología de Alimentos, Ingeniería Industrial de Alimentos, Microbiología Industrial, Zootecnia, Bacteriología.

Tarjeta o matrícula profesional en los casos reglamentados por la Ley. 
Título de posgrado en la modalidad de
especialización en áreas relacionadas con
las funciones del empleo.

Seis (6) meses de experiencia
profesional relacionada.";;
11213;"Realizar Inspección, Vigilancia y Control de Alimentos, Materias Primas para la
fabricación de los mismos y bebidas en el área del Grupo de Trabajo asignado y en
particular en el puerto, aeropuerto o paso fronterizo, según sea el caso, en
concordancia con la legislación sanitaria, los procedimientos, las políticas y directrices
del Instituto.";"
Título profesional en: Ingeniería Química, Ingeniería de Alimentos, Química de Alimentos, Ciencia y Tecnología de Alimentos, Ingeniería Industrial de Alimentos, Bacteriología, Químico Farmacéutico.

Tarjeta o matrícula profesional en los casos reglamentados por la Ley. 
";"
Treinta (30) meses de experiencia profesional relacionada con las funciones del cargo.";30;"Título profesional en: Ingeniería Química, Ingeniería de Alimentos, Química de Alimentos, Ciencia y Tecnología de Alimentos, Ingeniería Industrial de Alimentos, Bacteriología, Químico Farmacéutico.

Tarjeta o matrícula profesional en los casos reglamentados por la Ley. 

Título de posgrado en la modalidad de especialización en áreas relacionadas con las funciones del empleo.

Seis (6) meses de experiencia profesional relacionada.";;
11214;"Realizar Inspección, Vigilancia y Control de Alimentos, Materias Primas para la
fabricación de los mismos y bebidas en el área del Grupo de Trabajo asignado y en
particular en el puerto, aeropuerto o paso fronterizo, según sea el caso, en
concordancia con la legislación sanitaria, los procedimientos, las políticas y directrices
del Instituto.";"
Título profesional en: Ingeniería Química, Químico Farmacéutico.

Tarjeta o matrícula profesional en los casos reglamentados por la Ley. 
";Treinta (30) meses de experiencia profesional relacionada con las funciones del cargo.;30;"Título profesional en: Ingeniería Química, Químico Farmacéutico.

Tarjeta o matrícula profesional en los casos reglamentados por la Ley. 

Título de posgrado en la modalidad de especialización en áreas relacionadas con las funciones del empleo.

Seis (6) meses de experiencia profesional relacionada.";;
11215;"Realizar Inspección, Vigilancia y Control de Alimentos, Materias Primas para la
fabricación de los mismos y bebidas en el área del Grupo de Trabajo asignado y en
particular en el puerto, aeropuerto o paso fronterizo, según sea el caso, en
concordancia con la legislación sanitaria, los procedimientos, las políticas y directrices
del Instituto.";"
Título profesional en: Ingeniería de Alimentos, Ciencia y Tecnología de Alimentos, Ingeniería Industrial de Alimentos.

Tarjeta o matrícula profesional en los casos reglamentados por la Ley. 
";Treinta (30) meses de experiencia profesional relacionada con las funciones del cargo.;30;"Título profesional en: Ingeniería de Alimentos, Ciencia y Tecnología de Alimentos, Ingeniería Industrial de Alimentos.

Tarjeta o matrícula profesional en los casos reglamentados por la Ley. 

Título de posgrado en la modalidad de especialización en áreas relacionadas con las funciones del empleo.

Seis (6) meses de experiencia profesional relacionada.";;
11216;"Realizar Inspección, Vigilancia y Control de Alimentos, Materias Primas para la
fabricación de los mismos y bebidas en el área del Grupo de Trabajo asignado y en
particular en el puerto, aeropuerto o paso fronterizo, según sea el caso, en
concordancia con la legislación sanitaria, los procedimientos, las políticas y directrices
del Instituto.";"Título profesional en: Microbiología Industrial, Bacteriología.

Tarjeta o matrícula profesional en los casos reglamentados por la Ley. 
";Treinta (30) meses de experiencia profesional relacionada con las funciones del cargo.;30;"Título profesional en: Microbiología Industrial, Bacteriología.

Tarjeta o matrícula profesional en los casos reglamentados por la Ley. 

Título de posgrado en la modalidad de especialización en áreas relacionadas con las funciones del empleo.

Seis (6) meses de experiencia profesional relacionada.";;
11217;"Realizar Inspección, Vigilancia y Control de Alimentos, Materias Primas para la
fabricación de los mismos y bebidas en el área del Grupo de Trabajo asignado y en
particular en el puerto, aeropuerto o paso fronterizo, según sea el caso, en
concordancia con la legislación sanitaria, los procedimientos, las políticas y directrices
del Instituto.";"
Título profesional en: Ingeniería Química, Químico Farmacéutico, Ingeniería de Alimentos, Ciencia y Tecnología de Alimentos, Ingeniería Industrial de Alimentos.

Tarjeta o matrícula profesional en los casos reglamentados por la Ley. 
";"Treinta (30) meses de experiencia profesional relacionada con las funciones del cargo.
";30;"Título profesional en: Ingeniería Química, Químico Farmacéutico, Ingeniería de Alimentos, Ciencia y Tecnología de Alimentos, Ingeniería Industrial de Alimentos.

Tarjeta o matrícula profesional en los casos reglamentados por la Ley. 

Título de posgrado en la modalidad de especialización en áreas relacionadas con las funciones del empleo.

Seis (6) meses de experiencia profesional relacionada.";;
11218;"Realizar Inspección, Vigilancia y Control de Alimentos, Materias Primas para la
fabricación de los mismos y bebidas en el área del Grupo de Trabajo asignado y en
particular en el puerto, aeropuerto o paso fronterizo, según sea el caso, en
concordancia con la legislación sanitaria, los procedimientos, las políticas y directrices
del Instituto.";"
Título profesional en: Ingeniería de Alimentos, Química de Alimentos, Ciencia y Tecnología de Alimentos, Ingeniería Industrial de Alimentos, Microbiología Industrial, Bacteriología.

Tarjeta o matrícula profesional en los casos reglamentados por la Ley. 
";Treinta (30) meses de experiencia profesional relacionada con las funciones del cargo.;30;"Título profesional en: Ingeniería de Alimentos, Química de Alimentos, Ciencia y Tecnología de Alimentos, Ingeniería Industrial de Alimentos, Microbiología Industrial, Bacteriología.

Tarjeta o matrícula profesional en los casos reglamentados por la Ley. 

Título de posgrado en la modalidad de especialización en áreas relacionadas con las funciones del empleo.

Seis (6) meses de experiencia profesional relacionada.";;
11219;"Realizar Inspección, Vigilancia y Control de Alimentos, Materias Primas para la
fabricación de los mismos y bebidas en el área del Grupo de Trabajo asignado y en
particular en el puerto, aeropuerto o paso fronterizo, según sea el caso, en
concordancia con la legislación sanitaria, los procedimientos, las políticas y directrices
del Instituto.";"
Título profesional en: Ingeniería de Alimentos, Química de Alimentos, Ciencia y Tecnología de Alimentos, Ingeniería Industrial de Alimentos.

Tarjeta o matrícula profesional en los casos reglamentados por la Ley. 
";Treinta (30) meses de experiencia profesional relacionada con las funciones del cargo.;30;"Título profesional en: Ingeniería de Alimentos, Química de Alimentos, Ciencia y Tecnología de Alimentos, Ingeniería Industrial de Alimentos.

Tarjeta o matrícula profesional en los casos reglamentados por la Ley. 

Título de posgrado en la modalidad de especialización en áreas relacionadas con las funciones del empleo.

Seis (6) meses de experiencia profesional relacionada.";;
11220;"Realizar Inspección, Vigilancia y Control de Alimentos, Materias Primas para la
fabricación de los mismos y bebidas en el área del Grupo de Trabajo asignado y en
particular en el puerto, aeropuerto o paso fronterizo, según sea el caso, en
concordancia con la legislación sanitaria, los procedimientos, las políticas y directrices
del Instituto.";"
Título profesional en: Ingeniería Química, Químico Farmacéutico.

Tarjeta o matrícula profesional en los casos reglamentados por la Ley. 
";Treinta (30) meses de experiencia profesional relacionada con las funciones del cargo.;30;"Título profesional en: Ingeniería Química, Químico Farmacéutico.

Tarjeta o matrícula profesional en los casos reglamentados por la Ley. 
Título de posgrado en la modalidad de
especialización en áreas relacionadas con
las funciones del empleo.
Seis (6) meses de experiencia
profesional relacionada.";;
11221;"Realizar Inspección, Vigilancia y Control de Alimentos, Materias Primas para la
fabricación de los mismos y bebidas en el área del Grupo de Trabajo asignado y en
particular en el puerto, aeropuerto o paso fronterizo, según sea el caso, en
concordancia con la legislación sanitaria, los procedimientos, las políticas y directrices
del Instituto.";"Título profesional en: Ingeniería Química, Ingeniería de Alimentos, Química de Alimentos, Ciencia y Tecnología de Alimentos, Ingeniería Industrial de Alimentos, Microbiología Industrial, Bacteriología, Químico Farmacéutico.

Tarjeta o matrícula profesional en los casos reglamentados por la Ley. 
";Treinta (30) meses de experiencia profesional relacionada con las funciones del cargo.;30;"Título profesional en: Ingeniería Química, Ingeniería de Alimentos, Química de Alimentos, Ciencia y Tecnología de Alimentos, Ingeniería Industrial de Alimentos, Microbiología Industrial, Bacteriología, Químico Farmacéutico.

Tarjeta o matrícula profesional en los casos reglamentados por la Ley. 
Título de posgrado en la modalidad de
especialización en áreas relacionadas con
las funciones del empleo.
Seis (6) meses de experiencia
profesional relacionada";;
11222;Adelantar los programas de control de calidad de alimentos y bebidas como apoyo a las labores de vigilancia y control competencia de la Dirección de Alimentos y Bebidas de acuerdo con las normas y procedimientos vigentes.;"Título profesional en Química, Química Farmacéutica, Ingeniería de Alimentos, Ingeniería Química, Ingeniería Industrial de Alimentos.

Tarjeta o matrícula profesional en los casos reglamentados por la Ley.

";Treinta (30) meses de experiencia profesional relacionada.;30;"Título profesional en Química, Química Farmacéutica, Ingeniería de Alimentos, Ingeniería Química, Ingeniería Industrial de Alimentos.

Tarjeta o matrícula profesional en los casos reglamentados por la Ley.

Título de posgrado en la modalidad de especialización en áreas relacionadas con las funciones del empleo.

Seis (6) meses de experiencia profesional relacionada.
";;
12071;"Gestionar y ejecutar los programas de Inspección, Vigilancia y Control de Alimentos y
Bebidas que permitan garantizar la calidad e inocuidad de los mismos en el área del
Grupo de Trabajo asignado con el propósito de reducir los riesgos químicos asociados a
la producción y procesamiento de los alimentos, especialmente de las frutas y otros
vegetales.";"Título profesional en: Ingeniería de Alimentos, Bioquímica de Alimentos, Química de Alimentos, Ciencia y Tecnología de Alimentos,  Ingeniería Química, Ingeniería Industrial de Alimentos, Ingeniería Agroindustrial, Bacteriología o Química Farmacéutica.

Tarjeta o matricula profesional en los casos reglamentados por la Ley.

Titulo de postgrado en la modalidad de especialización en áreas relacionadas con las funciones del cargo.  
";Siete (7) meses de experiencia profesional relacionada con las funciones del cargo.;7;"Título profesional en: Ingeniería de Alimentos, Bioquímica de Alimentos, Química de Alimentos, Ciencia y Tecnología de Alimentos,  Ingeniería Química, Ingeniería Industrial de Alimentos, Ingeniería Agroindustrial, Bacteriología o Química Farmacéutica.

Tarjeta o matricula profesional en los casos reglamentados por la Ley.

Treinta y Uno (31) meses de experiencia profesional relacionada con las funciones del cargo.";;
12072;"Realizar control de calidad a los alimentos y bebidas como apoyo a las labores de
vigilancia y control competencia de la Dirección de Alimentos y Bebidas de acuerdo con
las normas y procedimientos vigentes.";"Título profesional en Química, Química Farmacéutica, Ingeniería de Alimentos, Ingeniería Química, Bioquímica de Alimentos, Ingeniería Industrial y de Alimentos, Bacteriología, Microbiología.

Tarjeta o matrícula profesional en los casos reglamentados por la Ley.

Título de posgrado en la modalidad de especialización en áreas relacionadas con las funciones del cargo.";Siete (7) meses de experiencia profesional relacionada.;7;"Título profesional en Química, Química Farmacéutica, Ingeniería de Alimentos, Ingeniería Química, Bioquímica de Alimentos, Ingeniería Industrial y de Alimentos, Bacteriología, Microbiología.

Tarjeta o matrícula profesional en los casos reglamentados por la Ley.

Treinta y Un (31) meses de experiencia profesional relacionada.";;
12755;Llevar a cabo los programas de Inspección, Vigilancia y Control de los productos competencia del INVIMA que permitan garantizarla calidad e inocuidad de los mismos en el área del Grupo de Trabajo asignado.;"Título profesional en Química, Ingeniería de Alimentos, Bioquímica de Alimentos, Química de Alimentos, Ciencia yTecnología de Alimentos, Ingeniería Industrial de Alimentos, Microbiología
Industrial, Zootecnia, Bacteriología, Química Farmacéutica.
Tarjeta o matrícula profesional, en los casos reglamentados por la Ley.
Título de posgrado en la modalidad de especialización en áreas relacionadas con las funciones del empleo.";Diez (10) meses de experiencia profesional relacionada.;10;"Título profesional en Química, Ingeniería de Alimentos, Bioquímica de Alimentos, Química de Alimentos, Ciencia y Tecnología de Alimentos, Ingeniería Industrial de Alimentos, Microbiología
Industrial, Zootecnia, Bacteriología, Química Farmacéutica.
Tarjeta o matrícula profesional, en los casos reglamentados por la Ley.

Treinta y cuatro (34) meses de experiencia profesional.";;
12756;"Verificar el cumplimiento de los requisitos de calidad e inocuidad de los productos competencia de la dirección como apoyo a los programas de vigilancia y control competencia de la Dirección de Alimentos, de acuerdo con las normas y procedimientos
vigentes.";"Título profesional en Bacteriología, Microbiología.

Tarjeta o matrícula profesional en los casos reglamentados por la Ley.

Título de postgrado en la modalidad de especialización en áreas relacionadas con las funciones del cargo.";Diez (10) meses de experiencia profesional relacionada.;10;"Título profesional en Bacteriología, Microbiología.

Tarjeta o matrícula profesional en los casos reglamentados por la Ley.

Treinta y cuatro (34) meses de experiencia profesional relacionada.";;
13988;"Realizar el análisis fisicoquímico de alimentos para determinar la inocuidad y calidad de
los alimentos y bebidas, especialmente de las frutas y otros vegetales como apoyo a las
labores de vigilancia y control competencia de la Dirección de Alimentos y Bebidas de
acuerdo con las normas y procedimientos vigentes.";"Título profesional en Química, Química
Farmacéutica, Ingeniería de Alimentos,
Bioquímica de Alimentos, Química de
Alimentos e Ingeniería Industrial de
Alimentos.
Tarjeta o matrícula profesional, en los casos
reglamentados por la Ley.
Título de posgrado en la modalidad de
especialización en áreas relacionadas con
las funciones del empleo.";"Dieciséis (16) meses de experiencia profesional relacionada.
";16;"Título profesional en Química, Química
Farmacéutica, Ingeniería de Alimentos,
Bioquímica de Alimentos, Química de
Alimentos e Ingeniería Industrial de
Alimentos.
Tarjeta o matrícula profesional, en los casos
reglamentados por la Ley.
Cuarenta (40) meses de experiencia profesional relacionada.";;
13989;"Realizar el análisis microbiológico para determinar la inocuidad y calidad de los
alimentos, especialmente los relacionados con las frutas y otros vegetales como apoyo a
las labores de vigilancia y control competencia de la Dirección de Alimentos y Bebidas
de acuerdo con las normas y procedimientos vigentes.";"Título profesional en: Bacteriología, Microbiología, Microbiología Industrial o Microbiología de Alimentos. 

Tarjeta o matrícula profesional en los casos reglamentados por la Ley.

Título de postgrado en la modalidad de especialización en áreas relacionadas con las funciones del cargo. 
";Dieciséis (16) meses de experiencia profesional relacionada con las funciones del cargo.;16;"Título profesional en: Bacteriología, Microbiología, Microbiología Industrial o Microbiología de Alimentos.

Tarjeta o matrícula profesional en los casos reglamentados por la Ley.

Cuarenta (40) meses de experiencia profesional relacionada con las funciones del cargo.";;
13990;"Gestionar y ejecutar los programas de Inspección, Vigilancia y Control de Alimentos y
Bebidas que permitan garantizar la calidad e inocuidad de los mismos en el área del
Grupo de Trabajo asignado.";"Título profesional en Medicina Veterinaria,
Ingeniería Química, Zootecnia, Ingeniería
de Alimentos, Bioquímica de Alimentos,
Química de Alimentos, Ciencia y
Tecnología de Alimentos, Microbiología o
Química Farmacéutica.
Tarjeta o matrícula profesional, en los casos
reglamentados por la Ley.
Título de posgrado en la modalidad de
especialización en áreas relacionadas con
las funciones del empleo.
";Dieciséis (16) meses de experiencia profesional relacionada.;16;"Título profesional en Medicina Veterinaria,
Ingeniería Química, Zootecnia, Ingeniería
de Alimentos, Bioquímica de Alimentos,
Química de Alimentos, Ciencia y
Tecnología de Alimentos, Microbiología o
Química Farmacéutica.

Tarjeta o matrícula profesional en los casos reglamentados por la Ley.

Cuarenta (40) meses de experiencia profesional relacionada con las funciones del cargo.";;
13991;"Proponer el desarrollo de políticas, planes, programas, proyectos y procedimientos
relacionados con la gestión e implementación de los procesos de inspección, vigilancia y
control de riesgos que afectan la inocuidad de los alimentos, especialmente de las cadenas
de frutas y de otros vegetales competencia de la Dirección de Alimentos y Bebidas, de
acuerdo con las normas y procedimientos vigentes.
";"Título profesional en Química
Farmacéutica, Ingeniería de Alimentos,
Bioquímica de Alimentos, Química de
Alimentos, Ciencia y Tecnología de
Alimentos, Ingeniería Química, Ingeniería
Industrial de Alimentos, Ingeniería
Agroindustrial o Bacteriología.
Tarjeta o matrícula profesional, en los casos
reglamentados por la Ley.
Título de posgrado en la modalidad de
especialización en áreas relacionadas con
las funciones del empleo.";Dieciséis (16) meses de experiencia profesional relacionada.;16;"Título profesional en Química
Farmacéutica, Ingeniería de Alimentos,
Bioquímica de Alimentos, Química de
Alimentos, Ciencia y Tecnología de
Alimentos, Ingeniería Química, Ingeniería
Industrial de Alimentos, Ingeniería
Agroindustrial o Bacteriología.
Tarjeta o matrícula profesional, en los casos
reglamentados por la Ley.
Cuarenta (40) meses de experiencia profesional relacionada con las funciones del cargo.";;
13992;"Gestionar el desarrollo de los planes, proyectos y programas, para promover el
desarrollo integral del talento humano al servicio de la Entidad, de acuerdo con las
normas y procedimientos legales vigentes.";"Título profesional en Administración Pública, Administración de Empresas, Administración Industrial, Ingeniería Industrial, Psicología, Derecho.
Tarjeta o matrícula profesional, en los casos reglamentados por la Ley.
Título de Posgrado en la modalidad de especialización en áreas relacionadas con las funciones del cargo.";Dieciséis (16) meses de experiencia profesional relacionada.;16;"1. Título profesional en Administración Pública, Administración de Empresas, Administración Industrial, Ingeniería Industrial, Psicología, Derecho.
Tarjeta o matrícula profesional, en los casos reglamentados por la Ley.
1. Cuarenta (40) meses de experiencia profesional relacionada.

2. Título profesional en Administración Pública, Administración de Empresas, Administración Industrial, Ingeniería Industrial, Psicología o Derecho.
Título profesional adicional siempre y cuando dicha formación adicional sea afín con las funciones del empleo.
Tarjeta o matrícula profesional, en los casos reglamentados por la Ley. 
2. Dieciséis (16) meses de experiencia profesional relacionada.

3. Título profesional en Administración Pública, Administración de Empresas, Administración Industrial, Ingeniería Industrial, Psicología o Derecho.
Terminación y aprobación de estudios profesionales adicionales, siempre y cuando dicha formación adicional sea afín con las funciones del cargo.
Tarjeta o matrícula profesional, en los casos reglamentados por la Ley.
3. Veintiocho (28) meses de experiencia profesional relacionada.
";;
13992;"Gestionar el desarrollo de los planes, proyectos y programas, para promover el
desarrollo integral del talento humano al servicio de la Entidad, de acuerdo con las
normas y procedimientos legales vigentes.";"Título profesional en Administración Pública, Administración de Empresas, Administración Industrial, Ingeniería Industrial, Psicología, Derecho.
Tarjeta o matrícula profesional, en los casos reglamentados por la Ley.
Título de Posgrado en la modalidad de especialización en áreas relacionadas con las funciones del cargo.";Dieciséis (16) meses de experiencia profesional relacionada.;16;"1. Título profesional en Administración Pública, Administración de Empresas, Administración Industrial, Ingeniería Industrial, Psicología, Derecho.
Tarjeta o matrícula profesional, en los casos reglamentados por la Ley.
1. Cuarenta (40) meses de experiencia profesional relacionada.

2. Título profesional en Administración Pública, Administración de Empresas, Administración Industrial, Ingeniería Industrial, Psicología o Derecho.
Título profesional adicional siempre y cuando dicha formación adicional sea afín con las funciones del empleo.
Tarjeta o matrícula profesional, en los casos reglamentados por la Ley. 
2. Dieciséis (16) meses de experiencia profesional relacionada.

3. Título profesional en Administración Pública, Administración de Empresas, Administración Industrial, Ingeniería Industrial, Psicología o Derecho.
Terminación y aprobación de estudios profesionales adicionales, siempre y cuando dicha formación adicional sea afín con las funciones del cargo.
Tarjeta o matrícula profesional, en los casos reglamentados por la Ley.
3. Veintiocho (28) meses de experiencia profesional relacionada.
";;
13992;"Gestionar el desarrollo de los planes, proyectos y programas, para promover el
desarrollo integral del talento humano al servicio de la Entidad, de acuerdo con las
normas y procedimientos legales vigentes.";"Título profesional en Administración Pública, Administración de Empresas, Administración Industrial, Ingeniería Industrial, Psicología, Derecho.
Tarjeta o matrícula profesional, en los casos reglamentados por la Ley.
Título de Posgrado en la modalidad de especialización en áreas relacionadas con las funciones del cargo.";Dieciséis (16) meses de experiencia profesional relacionada.;16;"1. Título profesional en Administración Pública, Administración de Empresas, Administración Industrial, Ingeniería Industrial, Psicología, Derecho.
Tarjeta o matrícula profesional, en los casos reglamentados por la Ley.
1. Cuarenta (40) meses de experiencia profesional relacionada.

2. Título profesional en Administración Pública, Administración de Empresas, Administración Industrial, Ingeniería Industrial, Psicología o Derecho.
Título profesional adicional siempre y cuando dicha formación adicional sea afín con las funciones del empleo.
Tarjeta o matrícula profesional, en los casos reglamentados por la Ley. 
2. Dieciséis (16) meses de experiencia profesional relacionada.

3. Título profesional en Administración Pública, Administración de Empresas, Administración Industrial, Ingeniería Industrial, Psicología o Derecho.
Terminación y aprobación de estudios profesionales adicionales, siempre y cuando dicha formación adicional sea afín con las funciones del cargo.
Tarjeta o matrícula profesional, en los casos reglamentados por la Ley.
3. Veintiocho (28) meses de experiencia profesional relacionada.
";;
13993;Responder por la ejecución presupuestal del INVIMA, de acuerdo con las normas vigentes y Manual de Procesos y Procedimientos adoptado por la Entidad.;"Título profesional en Contaduría Pública, Administración Pública, Administración de Empresas, Administración Industrial, Economía, Ingeniería Industrial o Finanzas. 

Tarjeta o matrícula profesional, en los casos
reglamentados por la Ley.

Título de posgrado en la modalidad de especialización en áreas relacionadas con las funciones del cargo.";Dieciséis (16) meses de experiencia profesional relacionada.;16;"Título profesional en Contaduría Pública, Administración Pública, Administración de Empresas, Administración Industrial, Economía, Ingeniería Industrial o Finanzas.

Tarjeta o matrícula profesional, en los casos reglamentados por la Ley.

Cuarenta (40) meses de experiencia profesional relacionada.";;
14895;"Realizar el análisis fisicoquímico de alta complejidad para determinar la inocuidad y
calidad de los alimentos y bebidas, especialmente en las frutas y otros vegetales, como apoyo a las labores de vigilancia y control competencia de la Dirección de Alimentos y Bebidas de acuerdo con las normas y procedimientos vigentes.
";"Título profesional en: Química,  Ingeniería Química, Química de Alimentos, Ingeniería Industrial de Alimentos, Ingeniería de Alimentos o Bioquímica de Alimentos.

Tarjeta o Matricula Profesional en los casos reglamentados por la ley.

Titulo de postgrado en la modalidad de especialización en áreas relacionadas con las funciones del cargo.
";Diecinueve (19) meses de experiencia profesional relacionada con las funciones del cargo.;19;"Título profesional en: Química,  Ingeniería Química, Química de Alimentos, Ingeniería Industrial de Alimentos, Ingeniería de Alimentos o Bioquímica de Alimentos.

Tarjeta o Matricula Profesional en los casos reglamentados por la ley.

Cuarenta y tres (43) meses de experiencia profesional relacionada con las funciones del cargo.";;
14896;"Realizar el análisis microbiológico basado en tecnologías y estándares internacionales, para determinar la inocuidad de los productos competencia del INVIMA como apoyo a las labores de vigilancia y control competencia de la Dirección de Alimentos y Bebidas
de acuerdo con las normas y procedimientos vigentes.
";"Título profesional en Bacteriología, Microbiología,  Microbiología  Industrial  o
Microbiología de Alimentos.
	
Tarjeta o matrícula profesional, en los casos reglamentados por la Ley.

Título de posgrado en la modalidad de especialización en áreas relacionadas con las funciones del empleo.

";Diecinueve   (19)  meses   de   experiencia profesional relacionada.;19;"Título profesional en Bacteriología, Microbiología, Microbiología Industrial o Microbiología de Alimentos.

Tarjeta o matrícula profesional, en los casos reglamentados por la Ley.

Cuarenta y tres (43) meses de experiencia profesional relacionada.";;
14897;"Participar en la definición y desarrollo de políticas, planes, programas y procedimientos de inspección, vigilancia y control de riesgos que afectan la inocuidad de los alimentos, frutas y otros vegetales competencia de la Dirección de Alimentos y Bebidas de acuerdo
con las normas y procedimientos vigentes.	
";"Título de formación profesional en Ingeniería de Alimentos, Bioquímica de Alimentos, Química     de     Alimentos,     Ciencia     y
Tecnología   de   Alimentos,       Ingeniería
Química,      Ingeniería      Industrial      de
Alimentos, Ingeniería Agroindustrial, Químico  Farmacéutico,  Ingeniería Agrícola, Ingeniería Agrónoma o Ingeniería de Producción Biotecnológica.

Tarjeta o matrícula profesional, en los casos reglamentados por la Ley.

Título de posgrado en la modalidad de especialización en áreas relacionadas con las funciones del empleo.
";Diecinueve   (19)  meses   de   experiencia profesional relacionada.;19;"Título de formación profesional en Ingeniería de Alimentos, Bioquímica de Alimentos, Química  de  Alimentos,  Ciencia  y Tecnología de Alimentos,    Ingeniería Química,  Ingeniería  Industrial  de Alimentos, Ingeniería Agroindustrial, Químico  Farmacéutico,  Ingeniería Agrícola, Ingeniería Agrónoma o Ingeniería de Producción Biotecnológica.

Tarjeta o matrícula profesional, en los casos reglamentados por la Ley.

Cuarenta y tres (43) meses de experiencia profesional relacionada.";;
15415;Responder por las actividades financieras y presupuestales del INVIMA, de acuerdo con las normas legales vigentes y el Manual de Procesos y Procedimientos a doptado por el Instituto.;"Título profesional en Economía, Contaduría Pública, Administración de Empresas, Administración Industrial, Administración Pública, Ingeniería Industrial, Finanzas, Derecho.
Tarjeta o matricula profesional, en los casos reglamentados por la ley.
Título de posgrado en la modalidad de especialización en áreas relacionadas con las funciones del cargo.";Veintidós (22) meses de experiencia profesional relacionada.;22;"Título profesional en Economía, Contaduría Pública, Administración de Empresas, Administración Industrial, Administración Pública, Ingeniería Industrial, Finanzas, Derecho.

Tarjeta o matricula profesional, en los casos reglamentados por la ley.

Cuarenta y seis (46) meses de experiencia
profesional relacionada.";;
15918;"Garantizar el cumplimiento de los estándares técnicos requeridos y el desarrollo de nuevas metodologías, programas y planes de muestreo analíticos, relacionados con los
análisis fisicoquímicos para la determinación de sustancias químicas y contaminantes presentes  en  los  alimentos,  materias  primas  y  bebidas,  con  el  fin  de  verificar  los
requisitos  de  inocuidad,  como  apoyo  a  los  programas  de  vigilancia  y  control competencia de la dirección de alimentos y bebidas.
";"Título  profesional  en  Química,  Ingeniería de Alimentos, Bioquímica de Alimentos, Química    de    Alimentos    o    Ingeniería
Industrial de Alimentos.
	
Tarjeta  o  matrícula  profesional,  en  los casos reglamentados por la Ley.

Título de postgrado en la modalidad de especialización en áreas relacionadas con las funciones del cargo
";Veinticinco   (25)   meses   de   experiencia profesional relacionada.;25;"Título  profesional  en  Química,  Ingeniería de Alimentos, Bioquímica de Alimentos, Química  de  Alimentos  o  Ingeniería Industrial de Alimentos.

Tarjeta  o  matrícula  profesional,  en  los casos reglamentados por la Ley.

Cuarenta    y    nueve    (49)    meses    de experiencia profesional relacionada.";;
15919;"Garantizar el cumplimiento de los estándares técnicos requeridos y el desarrollo de
nuevas metodologías, programas y planes de muestreo relacionados con los análisis microbiológicos para la determinación de agentes patógenos presentes en los alimentos, materias primas y bebidas, con el fin de verificar los requisitos de inocuidad, como apoyo a los programas de vigilancia y control competencia de la dirección de Alimentos y Bebidas.
";"Título     profesional     en     Bacteriología,
Microbiología,  Microbiología  Industrial  o
Microbiología de Alimentos.
	
Tarjeta  o  matrícula  profesional,  en  los casos reglamentados por la Ley.

Título de postgrado en la modalidad de especialización en áreas relacionadas con las funciones del cargo.
";"Veinticinco   (25)   meses   de   experiencia
profesional relacionada.
";25;"Título profesional en Bacteriología, Microbiología, Microbiología Industrial o Microbiología de Alimentos.
	
Tarjeta  o  matrícula  profesional,  en  los casos reglamentados por la Ley.

Cuarenta    y    nueve    (49)    meses    de experiencia profesional relacionada.";;
15920;Evaluar  los efectos de los residuos químicos presentes en los alimentos o materias primas, especialmente en frutas y hortalizas durante su producción y procesamiento, que puedan generar problemas a la inocuidad y la salud pública, con el fin de contribuir en las evaluaciones toxicológicas y la definición de límites máximos de residuos.;"Título  profesional en Química,  Química
Farmacéutica, Ingeniería Química, Ingeniería de Alimentos o Medicina.

Tarjeta o matrícula profesional, en los casos reglamentados por la Ley.

Título de postgrado en la modalidad de especialización  en  áreas  relacionadas con las funciones del cargo.
";Veinticinco   (25)   meses   de   experiencia profesional relacionada.;25;"Título  profesional en Química,  Química Farmacéutica, Ingeniería Química, Ingeniería de Alimentos o Medicina.
	
Tarjeta o matrícula profesional, en los casos reglamentados por la Ley.

Cuarenta y nueve (49) meses de experiencia profesional relacionada.";;
15921;"Realizar el estudio y análisis del comportamiento químico de las moléculas presentes en las sustancias químicas o contaminantes, aplicados en las materias primas o alimentos,
especialmente en frutas y hortalizas para determinar el efecto de las mismas en la salud.
";"Título profesional en: Química, Química Farmacéutica, Ingeniería Química o Química de Alimentos. 

Tarjeta o matrícula profesional en los casos reglamentados por la Ley.

Título de postgrado en la modalidad de especialización en áreas relacionadas con las funciones del cargo.
";Veinticinco (25) meses de experiencia profesional relacionada con las funciones del cargo.;25;"Título  profesional en Química,  Química Farmacéutica, Ingeniería Química o Química de Alimentos.
	
Tarjeta o matrícula profesional, en los casos reglamentados por la Ley.

Cuarenta y nueve (49) meses de experiencia profesional relacionada.";;
15922;"Realizar las actividades del laboratorio de medicamentos, tendientes a asegurar la
ejecución de los programas de vigilancia y control incluidos en los planes estratégicos
del Instituto.";"
Título profesional en Química Farmacéutica.
Tarjeta o matrícula profesional, en los casos reglamentados por la Ley.
Título de postgrado en la modalidad de especialización en áreas relacionadas con la profesión.";"
Veinticinco (25) meses de experiencia profesional relacionada.";25;"
Título profesional en Química Farmacéutica.
Tarjeta o matrícula profesional, en los casos reglamentados por la Ley.
Cuarenta y nueve (49) meses de experiencia profesional relacionada.
";;
17090;"Diseñar, proponer y liderar estudios e investigaciones que promuevan el montaje,
validación y estandarización de técnicas analíticas para la detección y monitoreo de
microorganismos de los productos competencia de la dirección.";"Título profesional en Microbiología, Microbiología Industrial, Bacteriología y Microbiología de Alimentos.
Tarjeta o matricula profesional, en los casos reglamentados por la ley.
Título de postgrado en la modalidad de especialización en áreas relacionadas con las funciones del cargo.
";"Treinta y uno (31) meses de experiencia profesional relacionada.
";31;"Título profesional en Microbiología, Microbiología Industrial, Bacteriología y Microbiología de Alimentos.
Tarjeta o matricula profesional, en los casos reglamentados por la ley.
Cincuenta y cinco (55) meses de experiencia profesional relacionada.";;
17091;"Diseñar, proponer y liderar estudios e investigaciones que promuevan el montaje,
validación y estandarización de técnicas analíticas de alta complejidad para el monitoreo
de residuos y contaminantes químicos en alimentos, frutas y otros vegetales.";"Título profesional en Química, Ingeniería industrial de Alimentos, Ingeniería de Alimentos, Bioquímica de Alimentos, Química de Alimentos o Ingeniería Química.
Tarjeta o matricula profesional, en los casos reglamentados por la Ley.
Título de postgrado en la modalidad de especialización en áreas relacionadas con las funciones del cargo.";Treinta y uno (31) meses de experiencia profesional relacionada.;31;"Título profesional en Química, Ingeniería industrial de Alimentos, Ingeniería de Alimentos, Bioquímica de Alimentos, Química de Alimentos e Ingeniería Química.
Tarjeta o matricula profesional, en los casos reglamentados por la Ley.
Cincuenta y cinco (55) meses de experiencia profesional relacionada.";;
17092;"Formular, desarrollar, hacer seguimiento y evaluación a los planes, programas y
proyectos de inspección, vigilancia y control de riesgos que afectan la inocuidad de los
alimentos, especialmente de las cadenas de frutas y de otros vegetales.";"Título profesional en Ingeniería de Producción Biotecnológica, Ingeniería de Alimentos, Bioquímica de Alimentos, Química de Alimentos, Ciencia y Tecnología de Alimentos, Ingeniería Química, Ingeniería Industrial de Alimentos, Ingeniería Agroindustrial, Medicina.

Tarjeta o matricula profesional, en los casos reglamentados por la Ley.

Título de postgrado en la modalidad de especialización en áreas relacionadas con las funciones del cargo.";"Treinta y uno (31) meses de experiencia profesional relacionada.
";31;"Título profesional en Ingeniería de Producción Biotecnológica, Ingeniería de Alimentos, Bioquímica de Alimentos, Química de Alimentos, Ciencia y Tecnología de Alimentos, Ingeniería Química, Ingeniería Industrial de Alimentos, Ingeniería Agroindustrial, Medicina.

Tarjeta o Matricula Profesional en los casos reglamentados por la Ley.

Cincuenta y cinco (55) meses de experiencia profesional relacionada con las funciones del cargo.";;
17093;"Realizar la evaluación toxicológica de los estudios presentados sobre los efectos de los residuos químicos y sustancias que se encuentran presentes en los alimentos, frutas y
otros vegetales o materias primas, utilizados en las diferentes etapas de la cadena productiva y que inciden en la inocuidad y la salud pública.";"Título profesional en Química, Química de Alimentos, Ingeniería Química, Bioquímica de Alimentos, Bioquímica o Medicina.

Tarjeta  o  matricula  profesional,  en  los casos reglamentados por la ley.

Título de postgrado en la modalidad de especialización en áreas relacionadas con las funciones del cargo.
";"Treinta y uno (31) meses de experiencia
profesional relacionada.
";31;"Título profesional en Química, Química de Alimentos, Ingeniería Química, Bioquímica de Alimentos, Bioquímica o Medicina.
	
Tarjeta  o  matricula  profesional,  en  los casos reglamentados por la ley.

Cincuenta    y    Cinco    (55)    meses    de experiencia profesional relacionada.";;
17094;"Evaluar el comportamiento químico de las moléculas presentes en las sustancias
químicas utilizados en materias primas y alimentos, frutas u otros vegetales para
determinar el efecto de las mismas en la salud pública.";"Título profesional en Química, Ingeniería Química, Química Farmacéutica, Ingeniería de Alimentos, Química de Alimentos, Ingeniería Biológica, Biología y Medicina.
Tarjeta o matricula profesional, en los casos reglamentados por la Ley.
Título de postgrado en la modalidad de especialización en áreas relacionadas con las funciones del cargo.";"

Treinta y uno (31) meses de experiencia profesional relacionada.";31;"Título profesional en Química, Ingeniería Química, Química Farmacéutica, Ingeniería de Alimentos, Química de Alimentos, Ingeniería Biológica, Biología y Medicina.
Tarjeta o matricula profesional, en los casos reglamentados por la Ley.
Cincuenta y cinco (55) meses de experiencia profesional relacionada.";;
17095;"Realizar el análisis estadístico de los modelos de evaluación de los estudios técnico /
científicos empleados en la evaluación toxicológica de residuos y contaminantes
químicos que se encuentran presentes en las materias primas o alimentos, frutas y otros
vegetales asociados a la inocuidad y los efectos en salud.";"Título profesional en Ingeniería Química,Medicina, Química o Bacteriología.
Tarjeta o matricula profesional, en los casos reglamentados por la ley.
Título de postgrado en la modalidad de especialización en áreas relacionadas con las funciones del empleo.
";Treinta y uno (31) meses de experiencia profesional relacionada.;31;"Título profesional en Ingeniería Química, Medicina, Química o Bacteriología.
Tarjeta o Matricula Profesional en los casos reglamentados por la Ley.
Cincuenta y cinco (55) meses de experiencia profesional relacionada.
";;
17096;"Formular, desarrollar, evaluar y hacer seguimiento de los planes, programas y proyectos
relacionados con la evaluación y gestión de los riesgos químicos (contaminantes y
residuos) que afectan la inocuidad de los alimentos, frutas y de otros vegetales de
acuerdo con las normas y procedimientos vigentes.";"Título profesional en Ingeniería de Alimentos, Bioquímica de Alimentos, Química de Alimentos, Ciencia y Tecnología de Alimentos, Química, Ingeniería Química, Ingeniería Industrial de
Alimentos, Medicina.
Tarjeta o matricula profesional, en los casos reglamentados por la Ley.
Título de postgrado en la modalidad de especialización en áreas relacionadas con las funciones del empleo.";Treinta y uno (31) meses de experiencia profesional relacionada.;31;"Título profesional en Ingeniería de Alimentos, Bioquímica de Alimentos, Química de Alimentos, Ciencia y Tecnología de Alimentos, Química, Ingeniería Química, Ingeniería Industrial de Alimentos, Medicina.
Tarjeta o matricula profesional, en los casos reglamentados por la Ley.
Cincuenta y cinco (55) meses de experiencia profesional relacionada.";;
23328;"Realizar actividades de apoyo técnico y asistencial que permitan la Inspección,
Vigilancia y Control de Alimentos y materias primas para la fabricación de los mismos en
el Grupo de Trabajo asignado y en particular en el puerto, aeropuerto o paso fronterizo,
según sea el caso, en concordancia con la legislación y procedimientos vigentes y las
políticas y directrices del Instituto.";"1. Título de formación tecnológica en
Alimentos, Química, Saneamiento Ambiental,
Tecnología Pesquera.
Certificado de inscripción profesional, en los
casos reglamentados por la Ley.
2. Aprobación de tres (3) años de educación
superior en Ingeniería de Alimentos,
Medicina Veterinaria, Ingeniería Química,
Bioquímica de Alimentos, Química de
Alimentos, Ciencia y Tecnología de
Alimentos, Ingeniería Industrial de Alimentos,
Microbióloga Industrial, Ingeniería Pesquera,
Agronomía.";"1. No requiere experiencia relacionada o
laboral.
2. Nueve (9) meses de experiencia
relacionada o laboral.";9;"1. Diploma de Bachiller en cualquier
modalidad.
1. Treinta y seis (36) meses de
experiencia relacionada o laboral.

2. Aprobación de dos (2) años de educación
superior en Ingeniería de Alimentos, Medicina Veterinaria, Ingeniería Química,
Bioquímica de Alimentos, Química de
Alimentos, Ciencia y Tecnología de
Alimentos, Ingeniería Industrial de Alimentos,
Microbióloga Industrial, Ingeniería Pesquera,
Agronomía.
2. Veintiún (21) meses de experiencia
relacionada o laboral.";;
23328;"Realizar actividades de apoyo técnico y asistencial que permitan la Inspección,
Vigilancia y Control de Alimentos y materias primas para la fabricación de los mismos en
el Grupo de Trabajo asignado y en particular en el puerto, aeropuerto o paso fronterizo,
según sea el caso, en concordancia con la legislación y procedimientos vigentes y las
políticas y directrices del Instituto.";"1. Título de formación tecnológica en
Alimentos, Química, Saneamiento Ambiental,
Tecnología Pesquera.
Certificado de inscripción profesional, en los
casos reglamentados por la Ley.
2. Aprobación de tres (3) años de educación
superior en Ingeniería de Alimentos,
Medicina Veterinaria, Ingeniería Química,
Bioquímica de Alimentos, Química de
Alimentos, Ciencia y Tecnología de
Alimentos, Ingeniería Industrial de Alimentos,
Microbióloga Industrial, Ingeniería Pesquera,
Agronomía.";"1. No requiere experiencia relacionada o
laboral.
2. Nueve (9) meses de experiencia
relacionada o laboral.";9;"1. Diploma de Bachiller en cualquier
modalidad.
1. Treinta y seis (36) meses de
experiencia relacionada o laboral.

2. Aprobación de dos (2) años de educación
superior en Ingeniería de Alimentos, Medicina Veterinaria, Ingeniería Química,
Bioquímica de Alimentos, Química de
Alimentos, Ciencia y Tecnología de
Alimentos, Ingeniería Industrial de Alimentos,
Microbióloga Industrial, Ingeniería Pesquera,
Agronomía.
2. Veintiún (21) meses de experiencia
relacionada o laboral.";;
30443;"Conducir y custodiar el vehículo asignado al servicio del Instituto, respetando las
disposiciones de tránsito y normas de seguridad.";"Aprobación de cuatro (4) años de educación básica secundaria.

Licencia de conducción de 4º categoría.";No requiere experiencia laboral.;0;;;
31260;"Realizar actividades de apoyo y asistencia administrativa en el trámite y ejecución de
los procesos llevados a cabo en la dependencia, de acuerdo con las disposiciones
legales, reglamentarias y procedimientos vigentes.";Aprobación de cinco (5) años de educación básica secundaria.;Seis (6) meses de experiencia laboral.;6;;;
31261;"Realizar funciones de apoyo y asistencia administrativa, que faciliten el desarrollo y
ejecución de las actividades en cumplimiento de la gestión administrativa de la
dependencia, teniendo en cuentas la normatividad vigente, procedimientos y las
políticas de la Entidad.";"Aprobación de cinco (5) años de educación
básica secundaria.";Seis (6) meses de experiencia laboral.;6;;;
32100;"Desempeñar funciones de oficina y de asistencia administrativa que faciliten el
desarrollo de la gestión administrativa y el cumplimiento de las responsabilidades de la
dependencia, teniendo en cuenta la normatividad vigente, procedimientos y las políticas
de la Entidad.";"Diploma de Bachiller en cualquier
modalidad.";Quince (15) meses de experiencia laboral;15;;;
41665;"Realizar actividades de Inspección Vigilancia y Control de plantas de beneficio de animales de abasto público; para la protección de la salud de la población de conformidad con la legislación y procedimientos vigentes.";"Título profesional de los Núcleos Básicos de Conocimiento en: Medicina Veterinaria, Medicina Veterinaria Zootecnia.

Tarjeta o matrícula profesional, en los casos reglamentados por la Ley";Treinta (30) meses de experiencia profesional relacionada.;30;"Título profesional de los Núcleos Básicos de Conocimiento en: Medicina Veterinaria, Medicina Veterinaria Zootecnia.

Tarjeta o matrícula profesional, en los casos reglamentados por la Ley.
Título de postgrado en la modalidad de especialización en áreas relacionadas con las funciones del cargo.";Seis (6) meses de experiencia profesional relacionada.;6
41667;Verificar el cumplimiento de los requisitos de calidad de los dispositivos médicos y Otras Tecnologías como apoyo a los programas de Vigilancia y Control  competencia de la Dirección de Dispositivos Médicos y Otras Tecnologías, de acuerdo con las normas y procedimientos vigentes.;"Título profesional de los Núcleos Básicos de Conocimiento en: Ingeniería Química y Afines, Ingeniería Biomédica y Afines o Ingeniería Mecánica y Afines.

Tarjeta o matrícula profesional, en los casos reglamentados por la Ley.

Título de postgrado en la modalidad de especialización en áreas relacionadas con las funciones del cargo.";Veinticinco (25) meses de experiencia profesional relacionada.;25;"Título profesional de los Núcleos Básicos de Conocimiento en: Ingeniería Química y Afines, Ingeniería Biomédica y Afines o Ingeniería Mecánica y Afines.

Tarjeta o matrícula profesional, en los casos reglamentados por la Ley.";Cuarenta y nueve (49) meses de experiencia profesional relacionada.;49
41817;Realizar Inspección, Vigilancia y Control de Productos Competencia del INVIMA según sea el caso, en concordancia con la legislación sanitaria, los procedimientos, las políticas y directrices del Instituto.;"Título profesional de los Núcleos Básicos de Conocimiento en: Medicina Veterinaria, Química y Afines, Ingeniería Química y Afines, Ingeniería Agroindustrial, Alimentos y Afines, Zootecnia, Ingeniería Agronómica, Pecuaria y Afines, Agronomía, Otras Ingenierías, Ingeniería Biomédica y Afines, Medicina, Biología, Microbiología y Afines, Bacteriología, Odontología o Ingeniería Industrial y Afines.

Tarjeta o matrícula profesional, en los casos reglamentados por la Ley.

Título de postgrado en la modalidad de especialización en áreas relacionadas con las funciones del cargo.";Diecinueve (19) meses de experiencia profesional relacionada.;19;"Título profesional de los Núcleos Básicos de Conocimiento en: Medicina Veterinaria, Química y Afines, Ingeniería Química y Afines, Ingeniería Agroindustrial, Alimentos y Afines, Zootecnia, Ingeniería Agronómica, Pecuaria y Afines, Agronomía, Otras Ingenierías, Ingeniería Biomédica y Afines, Medicina, Biología, Microbiología y Afines, Bacteriología, Odontología o Ingeniería Industrial y Afines.

Tarjeta o matrícula profesional, en los casos reglamentados por la Ley.";Cuarenta y tres (43) meses de experiencia profesional relacionada.;43
42758;Realizar actividades del Sistema Oficial de Inspección, Vigilancia y Control en Plantas de Beneficio de animales de abasto público, para la protección de la salud de la población de conformidad con la legislación y procedimientos vigentes;"Título profesional de los Núcleos Básicos de Conocimiento en: Medicina Veterinaria; Medicina Veterinaria Zootecnia.
Tarjeta o matrícula profesional, en los casos reglamentados por la Ley.
Título de postgrado en la modalidad de especialización en áreas relacionadas con las funciones del cargo.";Diecinueve (19) meses de experiencia profesional relacionada.;19;"Título profesional de los Núcleos Básicos de Conocimiento en: Medicina Veterinaria o Zootecnia
Tarjeta o matrícula profesional, en los casos reglamentados por la Ley.";Cuarenta y tres (43) meses de experiencia profesional relacionada.;43
42708;"Planificar y estructurar las actividades de Inspección, Vigilancia y Control a Bancos de Sangre (y servicios de transfusión sanguínea); en concordancia con la normatividad vigente para Banco de Sangre, procedimientos, políticas y directrices del Instituto.";"Título profesional de los Núcleos Básicos de Conocimiento en: Bacteriología.

Tarjeta o matrícula profesional, en los casos reglamentados por la Ley.

Título de postgrado en la modalidad de especialización en áreas relacionadas con las funciones del cargo.";Diecinueve (19) meses de experiencia profesional relacionada.;19;"Título profesional de los Núcleos Básicos de Conocimiento en: Bacteriología.

Tarjeta o matrícula profesional, en los casos reglamentados por la Ley.";Cuarenta y tres (43) meses de experiencia profesional relacionada.;43
42712;Desarrollar las actividades institucionales en el desarrollo de acuerdos, negociaciones internacionales y acceso a mercados, que permitan cumplir con los compromisos derivados de la puesta en marcha de Acuerdos de Libre Comercio, apoyar al gobierno nacional y al sector privado en el aprovechamiento de estos acuerdos en relación con los productos y actividades de competencia del INVIMA..;"Título profesional de los Núcleos Básicos de Conocimiento en: Economía, Ciencia Política, Relaciones Internacionales,  Derecho y Afines.

Tarjeta o matrícula profesional, en los casos reglamentados por la Ley.

Título de Postgrado en la modalidad de especialización en áreas relacionadas.";Diecinueve (19) meses de experiencia profesional relacionada.;19;"Título profesional de los Núcleos Básicos de Conocimiento en: Economía, Ciencia Política, Relaciones Internacionales,  Derecho y Afines.

Tarjeta o matrícula profesional, en los casos reglamentados por la Ley.";Cuarenta y tres (43) meses de experiencia profesional relacionada.;43
42724;Orientar legalmente en todos los asuntos de competencia de la dependencia y de los programas del Instituto.;"Título profesional de los Núcleos Básicos de Conocimiento en: Derecho y Afines.

Tarjeta o matrícula profesional, en los casos reglamentados por la Ley.

Título de postgrado en la modalidad de especialización en áreas relacionadas con las funciones del cargo.";Veinticinco (25) meses de experiencia profesional relacionada.;25;"Título profesional de los Núcleos Básicos de Conocimiento en: Derecho y Afines.

Tarjeta o matrícula profesional, en los casos reglamentados por la Ley.";Cuarenta y nueve (49) meses de experiencia profesional relacionada.;49
42727;Orientar legalmente en todos los asuntos de competencia de la dependencia y de los programas del Instituto.;"Título profesional de los Núcleos Básicos de Conocimiento en: Derecho y Afines.

Tarjeta o matrícula profesional, en los casos reglamentados por la Ley.

Título de postgrado en la modalidad de especialización en áreas relacionadas con las funciones del cargo.";Veinticinco (25) meses de experiencia profesional relacionada.;25;"Título profesional de los Núcleos Básicos de Conocimiento en: Derecho y Afines.

Tarjeta o matrícula profesional, en los casos reglamentados por la Ley.";Cuarenta y nueve (49) meses de experiencia profesional relacionada.;49
42733;Elaborar, planificar y programar las actividades administrativas que permitan el buen desempeño de las funciones en las direcciones misionales del instituto y conlleven a alcanzar el cumplimiento de la planificación estratégica del Instituto.;"Título profesional de los Núcleos Básicos de Conocimiento en: Administración, Ingeniería Industrial y Afines, Economía o Derecho y Afines.

Tarjeta o matrícula profesional, en los casos reglamentados por la Ley.

Título de postgrado en la modalidad de especialización en áreas relacionadas con las funciones del cargo.";Veinticinco (25) meses de experiencia profesional relacionada.;25;"Título profesional de los Núcleos Básicos de Conocimiento en: Administración, Ingeniería Industrial y Afines, Economía o Derecho y Afines.

Tarjeta o matrícula profesional, en los casos reglamentados por la Ley.";Cuarenta y nueve (49) meses de experiencia profesional relacionada.;49
42742;Formular, gestionar y ejecutar planes, programas, proyectos y metodologías del instituto acuerdo con la normatividad y los lineamientos nacionales y sectoriales.;"Título profesional de los Núcleos Básicos de Conocimiento en: Administración, Contaduría Pública, Economía, Ingeniería Industrial y Afines, Ingeniería Administrativa y Afines.

Tarjeta o matricula profesional, en los casos reglamentados por la ley.

Título de postgrado en la modalidad de especialización áreas relacionadas con las funciones del cargo.";Veinticinco (25) meses de experiencia profesional relacionada.;25;"Título profesional de los Núcleos Básicos de Conocimiento en: Administración, Contaduría Pública, Economía, Ingeniería Industrial y Afines, Ingeniería Administrativa y Afines.

Tarjeta o matricula profesional, en los casos reglamentados por la ley.";Cuarenta y nueve (49) meses de experiencia profesional relacionada.;49
42751;Ejecutar actividades relacionadas con ingreso y salida del país de los productos vigilados por el INVIMA, que permitan el cumplimiento de las normas sanitarias y de comercio exterior, en concordancia con la legislación sanitaria, los procedimientos, las políticas y directrices del Instituto.;"Título profesional de los Núcleos Básicos de Conocimiento en: Químico Farmacéutico, Ingeniero Biomédico, Comercio Internacional.
Tarjeta o matrícula profesional, en los casos reglamentados por la Ley.
Título de postgrado en la modalidad de especialización en áreas relacionadas con las funciones del cargo.";Diecinueve (19) meses de experiencia profesional relacionada.;19;"Título profesional de los Núcleos Básicos de Conocimiento en: Químico Farmacéutico, Ingeniero Biomédico, Comercio Internacional.
Tarjeta o matrícula profesional, en los casos reglamentados por la Ley.";Cuarenta y tres (43) meses de experiencia profesional relacionada.;43
42754;Realizar Inspección, Vigilancia y Control a dispositivos médicos para la salud visual y ocular y otros dispositivos médicos competencia del INVIMA, en concordancia con la legislación sanitaria, los procedimientos, las políticas y directrices del Instituto.;"Título profesional de los Núcleos Básicos de Conocimiento en: Optometría 

Tarjeta o matrícula profesional, en los casos reglamentados por la Ley.

Título de postgrado en la modalidad de especialización en áreas relacionadas con las funciones del cargo.";Diecinueve (19) meses de experiencia profesional relacionada.;19;"Título profesional de los Núcleos Básicos de Conocimiento en: Optometría

Tarjeta o matrícula profesional, en los casos reglamentados por la Ley.";Cuarenta y tres (43) meses de experiencia profesional relacionada.;43
42764;"Realizar actividades de Inspección Vigilancia y Control de plantas de beneficio de animales de abasto público; para la protección de la salud de la población de conformidad con la legislación y procedimientos vigentes";"Título profesional de los Núcleos Básicos de Conocimiento en: Medicina Veterinaria, Medicina Veterinaria Zootecnia.

Tarjeta o matrícula profesional, en los casos reglamentados por la Ley.";Treinta (30) meses de experiencia profesional relacionada.;30;"Título profesional de los Núcleos Básicos de Conocimiento en: Medicina Veterinaria, Medicina Veterinaria Zootecnia.

Tarjeta o matrícula profesional, en los casos reglamentados por la Ley.
Título de postgrado en la modalidad de especialización en áreas relacionadas con las funciones del cargo.";Seis (6) meses de experiencia profesional relacionada.;6
42774;Realizar actividades técnicas y administrativas a la Oficina Asesora Jurídica buscando dar respuesta oportuna a los diferentes requerimientos y proponer diseño de metodologías de procesamiento de información en procura de mejorar los resultados del trabajo.;"Título de formación Tecnológica de los Núcleos Básicos de Conocimiento en: Administración o Derecho y Afines.

Certificado de inscripción profesional, en los casos reglamentados por la Ley.";Nueve (9) meses de experiencia relacionada o laboral.;9;Diploma de Bachiller en cualquier modalidad.;Cuarenta y cinco (45) meses de experiencia relacionada.;45
42774;Realizar actividades técnicas y administrativas a la Oficina Asesora Jurídica buscando dar respuesta oportuna a los diferentes requerimientos y proponer diseño de metodologías de procesamiento de información en procura de mejorar los resultados del trabajo.;Aprobación de dos (2) años de educación superior en la modalidad de formación tecnológica o universitaria de los Núcleos Básicos de Conocimiento en: Administración o Derecho y Afines.;Nueve (9) meses de experiencia relacionada o laboral.;9;Aprobación de un (1) año de educación superior en la modalidad de formación tecnológica o universitaria de los Núcleos Básicos de Conocimiento en: Administración o Derecho y Afines.;Veintiún (21) meses de experiencia relacionada.;21
42776;Apoyar la ejecución de los procesos y procedimientos de la tesorería.;"Título de formación Tecnológica de los Núcleos Básicos de Conocimiento en: Administración, Economía, Contaduría Pública, Ingeniería Administrativa y Financiera o Ingeniería Industrial y Afines.

Certificado de inscripción profesional, en los casos reglamentados por la Ley.";Nueve (9) meses de experiencia relacionada o laboral.;9;Diploma de Bachiller en cualquier modalidad.;Cuarenta y cinco (45) meses de experiencia relacionada.;45
42776;Apoyar la ejecución de los procesos y procedimientos de la tesorería.;Aprobación de tres (3) años de educación superior en la modalidad de formación tecnológica o universitaria de los Núcleos Básicos de Conocimiento en: Administración, Economía, Contaduría Pública, Ingeniería Administrativa y Financiera o Ingeniería Industrial y Afines.;Nueve (9) meses de experiencia relacionada o laboral.;9;Aprobación de un (1) año de educación superior en la modalidad de formación tecnológica o universitaria de los Núcleos Básicos de Conocimiento en: Administración, Economía, Contaduría Pública, Ingeniería Administrativa y Financiera o Ingeniería Industrial y Afines.;Veintiún (21) meses de experiencia relacionada.;21
42816;Realizar Inspección, Vigilancia y Control de Productos Competencia del INVIMA según sea el caso, en concordancia con la legislación sanitaria, los procedimientos, las políticas y directrices del Instituto.;"Título profesional de los Núcleos Básicos de Conocimiento en: Medicina Veterinaria, Química y Afines, Ingeniería Química y Afines, Ingeniería Agroindusrial, Alimentos y Afines, Zootecnia, Ingeniería Agronómica, Pecuaria y Afines, Agronomía, Otras Ingenierías, Ingeniería Biomédica y Afines, Medicina, Biología, Microbiología y Afines, Bacteriología, Odontología, Enfermería, Optometría, Otros Programas de Ciencias de la Salud, Oftalmología o Ingeniería Industrial y Afines.

Tarjeta o matrícula profesional, en los casos reglamentados por la Ley.";Treinta (30) meses de experiencia profesional relacionada.;30;"Título profesional de los Núcleos Básicos de Conocimiento en: Medicina Veterinaria, Química y Afines, Ingeniería Química y Afines, Ingeniería Agroindusrial, Alimentos y Afines, Zootecnia, Ingeniería Agronómica, Pecuaria y Afines, Agronomía, Otras Ingenierías, Ingeniería Biomédica y Afines, Medicina, Biología, Microbiología y Afines, Bacteriología, Odontología, Enfermería, Optometría, Otros Programas de Ciencias de la Salud, Oftalmología o Ingeniería Industrial y Afines.

Tarjeta o matrícula profesional, en los casos reglamentados por la Ley.

Título de postgrado en modalidad de especialización en áreas relacionadas con las funciones del cargo.";Seis (6) meses de experiencia profesional relacionada.;6
42819;"Realizar actividades de Inspección Vigilancia y Control de plantas de beneficio de animales de abasto público; para la protección de la salud de la población de conformidad con la legislación y procedimientos vigentes.";"Título profesional de los Núcleos Básicos de Conocimiento en: Medicina Veterinaria, Medicina Veterinaria Zootecnia.

Tarjeta o matrícula profesional, en los casos reglamentados por la Ley.";Treinta (30) meses de experiencia profesional relacionada.;30;"Título profesional de los Núcleos Básicos de Conocimiento en: Medicina Veterinaria, Medicina Veterinaria Zootecnia.

Tarjeta o matrícula profesional, en los casos reglamentados por la Ley.
Título de postgrado en la modalidad de especialización en áreas relacionadas con las funciones del cargo.";Seis (6) meses de experiencia profesional relacionada.;6
42818;Apoyar el proceso de inspección, vigilancia y control de los productos competencia del INVIMA, por medio de la gestión realizada en materia de los trámites y licencias de importación y exportación en puertos, aeropuertos y pasos fronterizos, de conformidad con la legislación y procedimientos vigentes.;"Título profesional de los Núcleos Básicos de Conocimiento en: Ingeniero Biomédico, Ingeniero de Alimentos, Zootecnista, Químico Farmacéutico, Ingeniero Químico, Microbiólogo, Bacterióloga, odontólogo, Medico, Relaciones Internacionales o Derecho y Afines, Administración, Economía, Ciencia Política.

Tarjeta o matrícula profesional, en los casos reglamentados por la Ley.";Treinta (30) meses de experiencia profesional relacionada.;30;"Título profesional de los Núcleos Básicos de Conocimiento en: Ingeniero Biomédico, Ingeniero de Alimentos, Zootecnista, Químico Farmacéutico, Ingeniero Químico, Microbiólogo, Bacterióloga, odontólogo, Medico, Relaciones Internacionales o Derecho y Afines, Administración, Economía, Ciencia Política.

Tarjeta o matrícula profesional, en los casos reglamentados por la Ley.
Título de postgrado en modalidad de especialización en áreas relacionadas con las funciones del cargo.";Seis (6) meses de experiencia profesional relacionada.;6
42824;"Realizar actividades de Inspección Vigilancia y Control de plantas de beneficio de animales de abasto público; para la protección de la salud de la población de conformidad con la legislación y procedimientos vigentes.";"Título profesional de los Núcleos Básicos de Conocimiento en: Medicina Veterinaria, Medicina Veterinaria Zootecnia.

Tarjeta o matrícula profesional, en los casos reglamentados por la Ley.";Treinta (30) meses de experiencia profesional relacionada.;30;"Título profesional de los Núcleos Básicos de Conocimiento en: Medicina Veterinaria, Medicina Veterinaria Zootecnia.

Tarjeta o matrícula profesional, en los casos reglamentados por la Ley.
Título de postgrado en la modalidad de especialización en áreas relacionadas con las funciones del cargo.";Seis (6) meses de experiencia profesional relacionada.;6
42825;"Realizar actividades de Inspección Vigilancia y Control de plantas de beneficio de animales de abasto público; para la protección de la salud de la población de conformidad con la legislación y procedimientos vigentes.";"Título profesional de los Núcleos Básicos de Conocimiento en: Medicina Veterinaria, Medicina Veterinaria Zootecnia.

Tarjeta o matrícula profesional, en los casos reglamentados por la Ley.";Treinta (30) meses de experiencia profesional relacionada.;30;"Título profesional de los Núcleos Básicos de Conocimiento en: Medicina Veterinaria, Medicina Veterinaria Zootecnia.

Tarjeta o matrícula profesional, en los casos reglamentados por la Ley.
Título de postgrado en la modalidad de especialización en áreas relacionadas con las funciones del cargo.";Seis (6) meses de experiencia profesional relacionada.;6
42823;"Realizar actividades de Inspección Vigilancia y Control de plantas de beneficio de animales de abasto público; para la protección de la salud de la población de conformidad con la legislación y procedimientos vigentes.";"Título profesional de los Núcleos Básicos de Conocimiento en: Medicina Veterinaria, Medicina Veterinaria Zootecnia.

Tarjeta o matrícula profesional, en los casos reglamentados por la Ley.";Treinta (30) meses de experiencia profesional relacionada.;30;"Título profesional de los Núcleos Básicos de Conocimiento en: Medicina Veterinaria, Medicina Veterinaria Zootecnia.

Tarjeta o matrícula profesional, en los casos reglamentados por la Ley.
Título de postgrado en la modalidad de especialización en áreas relacionadas con las funciones del cargo.";Seis (6) meses de experiencia profesional relacionada.;6
42882;Gestionar y liderar el análisis, diseño e implementación de proyectos para el desarrollo y mantenimiento de tecnologías de información, acorde a las políticas y lineamientos de la oficina.;"Título profesional de los Núcleos Básicos de Conocimiento en: Ingeniería de sistemas, telemática y afines o ingeniería electrónica, telecomunicaciones y afines

Tarjeta o matrícula profesional, en los casos reglamentados por la Ley.

Título de postgrado en la modalidad de especialización en áreas relacionadas con las funciones del cargo.";Treinta y un (31) meses de experiencia profesional relacionada.;31;"Título profesional de los Núcleos Básicos de Conocimiento en: Ingeniería de sistemas, telemática y afines o ingeniería electrónica, telecomunicaciones y afines

Tarjeta o matrícula profesional, en los casos reglamentados por la Ley.";Cincuenta y cinco (55) meses de experiencia profesional relacionada.;55
42885;Liderar la implementación de Estrategia de Gobierno en línea y los proyectos que de este se deriven conjuntamente con la administración y gestión de las soluciones informáticas del instituto.;"Título profesional de los Núcleos Básicos de Conocimiento en: Ingeniería de Sistemas, Telemática y Afines o Ingeniería Electrónica, Telecomunicaciones y Afines.
Tarjeta o matrícula profesional, en los casos reglamentados por la Ley.

Título de postgrado en la modalidad de especialización en áreas relacionadas con las funciones del cargo.";Veinticinco (25) meses de experiencia profesional relacionada.;25;"Título profesional de los Núcleos Básicos de Conocimiento en: Ingeniería de Sistemas, Telemática y Afines o Ingeniería Electrónica, Telecomunicaciones y Afines.

Tarjeta o matrícula profesional, en los casos reglamentados por la Ley";Cuarenta y nueve (49) meses de experiencia profesional relacionada.;49
42889;Analizar, diseñar, desarrollar, mantener sistemas de información para el Instituto acorde con los lineamientos, buenas prácticas y proyectos de la Oficina de Tecnologías de la información y las necesidades del Instituto.;"Título profesional de los Núcleos Básicos de Conocimiento en: Ingeniería de Sistemas, Telemática y Afines o Ingeniería Electrónica, Telecomunicaciones y Afines.

Tarjeta o matrícula profesional, en los casos reglamentados por la Ley.

Título de postgrado en la modalidad de especialización en áreas relacionadas con las funciones del cargo.";Veinticinco (25) meses de experiencia profesional relacionada.;25;"Título profesional de los Núcleos Básicos de Conocimiento en: Ingeniería de Sistemas, Telemática y Afines o Ingeniería Electrónica, Telecomunicaciones y Afines.

Tarjeta o matrícula profesional, en los casos reglamentados por la Ley";Cuarenta y nueve (49) meses de experiencia profesional relacionada.;49
42890;Diseñar, desarrollar, mantener los sistemas informáticos para el Instituto acorde con los lineamientos, buenas prácticas y proyectos de la Oficina de Tecnologías de la información y las necesidades del Instituto.;"Título profesional de los Núcleos Básicos de Conocimiento en: Ingeniería de Sistemas, Telemática y Afines o Ingeniería Electrónica, Telecomunicaciones y Afines.
 
Tarjeta o matrícula profesional, en los casos reglamentados por la Ley.

Título de postgrado en la modalidad de especialización en áreas relacionadas con las funciones del cargo.";Diecinueve (19) meses de experiencia Profesional relacionada.;19;"Título profesional de los Núcleos Básicos de Conocimiento en: Ingeniería de Sistemas, Telemática y Afines o Ingeniería Electrónica, Telecomunicaciones y Afines. 
 
Tarjeta o matrícula profesional, en los casos reglamentados por la Ley.";Cuarenta y tres (43) meses de experiencia Profesional relacionada.;43
42891;Mantener y hacer seguimiento a los temas de calidad de los servicios y sistemas de información de la Oficina de Tecnologías de la Información y del Grupo de Soporte Tecnológico, mediante  la actualización de políticas, procedimientos y demás documentos necesarios para garantizar la prestación de los servcios tecnológicos y la sostenibilidad de los sistemas de gestión aplicables al área.;"Título profesional de los Núcleos Básicos de Conocimiento en: Ingeniería de Sistemas, Telemática y Afines o Ingeniería Electrónica, Telecomunicaciones y Afines.

Tarjeta o matrícula profesional, en los casos reglamentados por la Ley.

Título de postgrado en la modalidad de especialización en áreas relacionadas con las funciones del cargo.";Diecinueve (19) meses de experiencia profesional relacionada.;19;"Título profesional de los Núcleos Básicos de Conocimiento en: Ingeniería de Sistemas, Telemática y Afines o Ingeniería Electrónica, Telecomunicaciones y Afines.

Tarjeta o matrícula profesional, en los casos reglamentados por la Ley.";Cuarenta y tres (43) meses de experiencia profesional relacionada.;43
42904;Elaborar, planificar y programar las actividades administrativas que permitan el buen desempeño de las funciones en las direcciones misionales del instituto y conlleven a alcanzar el cumplimiento de la planificación estratégica del Instituto.;"Título profesional de los Núcleos Básicos de Conocimiento en: Administración, Ingeniería Industrial y Afines, Economía o Derecho y Afines.

Tarjeta o matrícula profesional, en los casos reglamentados por la Ley.

Título de postgrado en la modalidad de especialización en áreas relacionadas con las funciones del cargo.";Veinticinco (25) meses de experiencia profesional relacionada.;25;"Título profesional de los Núcleos Básicos de Conocimiento en: Administración, Ingeniería Industrial y Afines, Economía o Derecho y Afines.

Tarjeta o matrícula profesional, en los casos reglamentados por la Ley.";Cuarenta y nueve (49) meses de experiencia profesional relacionada.;49
42906;Realizar las actividades que se generen del manejo del sistema de información en la inspección vigilancia y control de los productos competencia del INVIMA, para la protección de la salud de la población, de acuerdo con las normas y procedimientos vigentes.;"Título profesional de los Núcleos Básicos de Conocimiento en: Medicina, Medicina Veterinaria, Zootecnia, Química y Afines, Ingeniería Química y Afines, Ingeniería Agroindustrial, Alimentos y Afines,  Ingeniería Agronómica, Pecuaria y Afines, Agronomía, Otras Ingenierías, Ingeniería Electrónica, Telecomunicaciones y Afines, Bacteriología, Biología, Microbiología y Afines, Odontología, Ingeniería Biomédica y Afines o Ingeniería Industrial y Afines.

Tarjeta o matrícula profesional, en los casos reglamentados por la Ley.

Título de postgrado en modalidad de especialización en áreas relacionadas con las funciones del cargo.";Diecinueve (19) meses de experiencia profesional relacionada;19;"Título profesional de los Núcleos Básicos de Conocimiento en: Medicina, Medicina Veterinaria, Zootecnia, Química y Afines, Ingeniería Química y Afines, Ingeniería Agroindustrial, Alimentos y Afines,  Ingeniería Agronómica, Pecuaria y Afines, Agronomía, Otras Ingenierías, Ingeniería Electrónica, Telecomunicaciones y Afines, Bacteriología, Biología, Microbiología y Afines, Odontología, Ingeniería Biomédica y Afines o Ingeniería Industrial y Afines.

Tarjeta o matrícula profesional, en los casos reglamentados por la Ley.";Cuarenta y tres (43) meses de experiencia profesional relacionada.;43
42907;Ejecución de políticas para la expedición de registros sanitarios y la oportuna expedición y notificación de los actos administrativos que de ellos se derive, ejecutar las acciones que se requieran para la evaluación y gestión de los riesgos que se pueden presentar dentro de lo relacionado con las Buenas Prácticas Clínicas, Farmacovigilancia, de acuerdo a lo establecido en la Dirección de Medicamentos y Productos Biológicos y a la normatividad vigente.;"Título profesional de los Núcleos Básicos de Conocimiento en: Medicina.

Tarjeta o matrícula profesional, en los casos reglamentados por la Ley. 

Título de posgrado en la modalidad de especialización en áreas relacionadas con las funciones del empleo.";Treinta y un (31) meses de experiencia profesional relacionada.;31;"Título profesional de los Núcleos Básicos de Conocimiento en: Medicina

Tarjeta o matrícula profesional, en los casos reglamentados por la Ley.";Cincuenta y cinco (55) meses de experiencia profesional relacionada.;55
42915;Liderar el desarrollo de los planes, proyectos y programas, para promover el desarrollo integral del talento humano al servicio de la Entidad, de acuerdo con las normas y procedimientos legales vigentes.;"Título profesional de los Núcleos Básicos de Conocimiento en: Administración, Ingeniería Industrial y Afines, Contaduría Pública, Ingeniería Administrativa y Afines o Economía.

Tarjeta o matrícula profesional, en los casos reglamentados por la Ley.

Título de Postgrado en la modalidad de especialización en áreas relacionadas con las funciones del cargo.";Diecinueve (19) meses de experiencia profesional relacionada.;19;"Título profesional de los Núcleos Básicos de Conocimiento en: Administración, Ingeniería Industrial y Afines, Contaduría Pública, Ingeniería Administrativa y Afines o Economía.

Tarjeta o matrícula profesional, en los casos reglamentados por la Ley.";Cuarenta y tres (43) meses de experiencia profesional relacionada.;43
42908;Realizar Inspección, Vigilancia y Control de Alimentos, Materias Primas para la fabricación de los mismos y bebidas en el área del Grupo de Trabajo asignado y en particular en el puerto, aeropuerto o paso fronterizo, según sea el caso, en concordancia con la legislación sanitaria, los procedimientos, las políticas y directrices del Instituto.;"Título profesional en: Ingeniería Química, Ingeniería de Alimentos, Bioquímica de Alimentos, Química de Alimentos, Ciencia y Tecnología de Alimentos, Ingeniería Industrial de Alimentos, Microbiología Industrial, Zootecnia, Bacteriología o Química Farmacéutica, Microbiología.

Tarjeta o matrícula profesional, en los casos reglamentados por la Ley.";Treinta (30) meses de experiencia profesional relacionada.;30;"Título profesional en: Ingeniería Química, Ingeniería de Alimentos, Bioquímica de Alimentos, Química de Alimentos, Ciencia y Tecnología de Alimentos, Ingeniería Industrial de Alimentos, Microbiología Industrial, Zootecnia, Bacteriología o Química Farmacéutica, Microbiología.

Tarjeta o matrícula profesional, en los casos reglamentados por la Ley.

Título de postgrado en la modalidad de especialización en áreas relacionadas con las funciones del cargo.";Seis (6) meses de experiencia profesional relacionada.;6
42914;Brindar información oportuna, veraz y objetiva a los usuarios internos y/o externos sobre trámites, normas, requisitos, formatos y estado de los asuntos en trámite, de acuerdo con las normatividad, reglamentaciones y procedimientos vigentes.;Diploma de bachiller en cualquier modalidad.;Veinticinco (25) meses de experiencia laboral.;25;;;
42909;Realizar Inspección, Vigilancia y Control de Alimentos, Materias Primas para la fabricación de los mismos y bebidas en el área del Grupo de Trabajo asignado y en particular en el puerto, aeropuerto o paso fronterizo, según sea el caso, en concordancia con la legislación sanitaria, los procedimientos, las políticas y directrices del Instituto.;"Título profesional en: Ingeniería Química, Ingeniería de Alimentos, Bioquímica de Alimentos, Química de Alimentos, Ciencia y Tecnología de Alimentos, Ingeniería Industrial de Alimentos, Microbiología Industrial, Zootecnia, Bacteriología o Química Farmacéutica, Microbiología.

Tarjeta o matrícula profesional, en los casos reglamentados por la Ley.";Treinta (30) meses de experiencia profesional relacionada.;30;"Título profesional en: Ingeniería Química, Ingeniería de Alimentos, Bioquímica de Alimentos, Química de Alimentos, Ciencia y Tecnología de Alimentos, Ingeniería Industrial de Alimentos, Microbiología Industrial, Zootecnia, Bacteriología o Química Farmacéutica, Microbiología.

Tarjeta o matrícula profesional, en los casos reglamentados por la Ley.

Título de postgrado en la modalidad de especialización en áreas relacionadas con las funciones del cargo.";Seis (6) meses de experiencia profesional relacionada.;6
42910;Realizar actividades de apoyo técnico, aplicando los conocimientos que permitan el mejoramiento continuo de los procesos administrativos y la ejecución de los procedimientos de la dependencia donde se encuentre ubicado el cargo.;"Título de formación Tecnológica de los Núcleos Básicos de Conocimiento en: Administración o Ingeniería Industrial y Afines.

Certificado de inscripción profesional, en los casos reglamentados por la Ley.";Nueve (9) meses de experiencia relacionada o laboral.;9;Diploma de Bachiller en cualquier modalidad.;Cuarenta y cinco (45) meses de experiencia relacionada.;45
42910;Realizar actividades de apoyo técnico, aplicando los conocimientos que permitan el mejoramiento continuo de los procesos administrativos y la ejecución de los procedimientos de la dependencia donde se encuentre ubicado el cargo.;Aprobación de tres (3) años de educación superior en la modalidad de formación tecnológica o universitaria de los Núcleos Básicos de Conocimiento en: Administración o Ingeniería Industrial y Afines.;Nueve (9) meses de experiencia relacionada o laboral.;9;Aprobación de un (1) año de educación superior en la modalidad de formación tecnológica o universitaria de los Núcleos Básicos de Conocimiento en: Administración o Ingeniería Industrial y Afines.;Veintiún (21) meses de experiencia relacionada.;21
42911;Realizar actividades de apoyo técnico que permitan la Inspección, Vigilancia y Control de los productos competencia del INVIMA, para la fabricación de los mismos, así como resolver y remitir los informes relacionados con la expedición de los registros sanitarios.;"Título de formación tecnológica de los Núcleos Básicos de Conocimiento en: Ingeniería Agroindustrial, Alimentos y Afines, Química y Afines, Ingeniería Ambiental, Sanitaria y Afines, Odontología, Optometría, Otros Programas de Ciencias de la Salud, Biología, Microbiología y Afines, Ingeniería Industrial y Afines, Otras Ingenierías.

Certificado de inscripción profesional, en los casos reglamentados por la Ley.";Nueve (9) meses de experiencia relacionada o laboral.;9;Diploma de Bachiller en cualquier modalidad.;Cuarenta y cinco (45) meses de experiencia relacionada.;45
42911;Realizar actividades de apoyo técnico que permitan la Inspección, Vigilancia y Control de los productos competencia del INVIMA, para la fabricación de los mismos, así como resolver y remitir los informes relacionados con la expedición de los registros sanitarios.;Aprobación de tres (3) años de educación superior en la modalidad de formación tecnológica o universitaria de los Núcleos Básicos de Conocimiento en: Ingeniería Agroindustrial, Alimentos y Afines, Química y Afines, Ingeniería Ambiental, Sanitaria y Afines, Odontología, Optometría, Otros Programas de Ciencias de la Salud, Biología, Microbiología y Afines, Ingeniería Industrial y Afines, Otras Ingenierías.;Nueve (9) meses de experiencia relacionada o laboral.;9;Aprobación de un (1) año de educación superior en la modalidad de formación tecnológica o universitaria de los Núcleos Básicos de Conocimiento en: Ingeniería Agroindustrial, Alimentos y Afines, Química y Afines, Ingeniería Ambiental, Sanitaria y Afines, Odontología, Optometría, Otros Programas de Ciencias de la Salud, Biología, Microbiología y Afines, Ingeniería Industrial y Afines, Otras Ingenierías.;Veintiún (21) meses de experiencia relacionada.;21
42912;Realizar labores de oficina y asistencia técnica que faciliten el desarrollo de las funciones y responsabilidades de la dependencia.;"Título de formación tecnológica de los Núcleos Básicos de Conocimiento en: Administración, Ingeniería Industrial y Afines, Derecho y Afines o Bibliotecología, Otros de las Ciencias Sociales y Humanas.

Certificado de inscripción profesional, en los casos reglamentados por la Ley.";Nueve (9) meses de experiencia relacionada o laboral.;9;Diploma de Bachiller en cualquier modalidad.;Cuarenta y Cinco (45) meses de experiencia relacionada.;45
42912;Realizar labores de oficina y asistencia técnica que faciliten el desarrollo de las funciones y responsabilidades de la dependencia.;Aprobación de tres (3) años de educación superior en la modalidad de formación tecnológica o universitaria de los Núcleos Básicos de Conocimiento en: Administración, Ingeniería Industrial y Afines, Derecho y Afines o Bibliotecología, Otros de las Ciencias Sociales y Humanas.;Nueve (9) meses de experiencia relacionada o laboral.;9;Aprobación de un (1) año de educación superior en la modalidad de formación tecnológica o universitaria de los Núcleos Básicos de Conocimiento en: Administración, Ingeniería Industrial y Afines, Derecho y Afines o Bibliotecología, Otros de las Ciencias Sociales y Humanas.;Veintiún (21) meses de experiencia relacionada.;21
42917;Apoyar la ejecución de la estrategia de comunicación institucional y su difusión a nivel interno y externo, proporcionando coherencia e integración entre objetivos estratégicos y funcionales, planes y acciones de la Dirección General, Direcciones Misionales, Oficina de Atención al Ciudadano y la Oficina de Asuntos Internacionales.;"Título profesional de los Núcleos Básicos de Conocimiento en: Comunicación Social, Periodismo y Afines, Publicidad y Afines,  o Diseño.

Tarjeta o matrícula profesional, en los casos reglamentados por la Ley.

Título de postgrado en la modalidad de especialización en áreas relacionadas con las funciones del cargo.";Diecinueve (19) meses de experiencia profesional relacionada.;19;"Título profesional de los Núcleos Básicos de Conocimiento en: Comunicación Social, Periodismo y Afines, Publicidad y Afines,  o Diseño.

Tarjeta o matrícula profesional, en los casos reglamentados por la Ley.";Cuarenta y tres (43) meses de experiencia profesional relacionada.;43
42919;Apoyar la ejecución de la estrategia de comunicación institucional y su difusión a nivel interno y externo, proporcionando coherencia e integración entre objetivos estratégicos y funcionales, planes y acciones de la Dirección General, Direcciones Misionales, Oficina de Atención al Ciudadano y la Oficina de Asuntos Internacionales.;"Título profesional de los Núcleos Básicos de Conocimiento en: Comunicación Social, Periodismo y Afines, Publicidad y Afines,  o Diseño.

Tarjeta o matrícula profesional, en los casos reglamentados por la Ley.

Título de postgrado en la modalidad de especialización en áreas relacionadas con las funciones del cargo.";Diecinueve (19) meses de experiencia profesional relacionada.;19;"Título profesional de los Núcleos Básicos de Conocimiento en: Comunicación Social, Periodismo y Afines, Publicidad y Afines,  o Diseño.

Tarjeta o matrícula profesional, en los casos reglamentados por la Ley.";Cuarenta y tres (43) meses de experiencia profesional relacionada.;43
42963;Realizar Inspección, Vigilancia y Control de Alimentos, Materias Primas para la fabricación de los mismos y bebidas en el área del Grupo de Trabajo asignado y en particular en el puerto, aeropuerto o paso fronterizo, según sea el caso, en concordancia con la legislación sanitaria, los procedimientos, las políticas y directrices del Instituto.;"Título profesional en: Ingeniería Química, Ingeniería de Alimentos, Bioquímica de Alimentos, Química de Alimentos, Ciencia y Tecnología de Alimentos, Ingeniería Industrial de Alimentos, Microbiología Industrial, Zootecnia, Bacteriología o Química Farmacéutica, Microbiología.

Tarjeta o matrícula profesional, en los casos reglamentados por la Ley.";Treinta (30) meses de experiencia profesional relacionada.;30;"Título profesional en: Ingeniería Química, Ingeniería de Alimentos, Bioquímica de Alimentos, Química de Alimentos, Ciencia y Tecnología de Alimentos, Ingeniería Industrial de Alimentos, Microbiología Industrial, Zootecnia, Bacteriología o Química Farmacéutica, Microbiología.

Tarjeta o matrícula profesional, en los casos reglamentados por la Ley.

Título de postgrado en la modalidad de especialización en áreas relacionadas con las funciones del cargo.";Seis (6) meses de experiencia profesional relacionada.;6
42964;Apoyar y recomendar legalmente en todos los asuntos de competencia de la dependencia y de los programas del Instituto.;"Título profesional  de los Núcleos Básicos de Conocimiento en: Derecho y Afines.

Tarjeta o matrícula profesional, en los casos reglamentados por la Ley.

Título de postgrado en la modalidad de especialización en áreas relacionadas con las funciones del cargo.";Treinta y un (31) meses de experiencia profesional relacionada.;31;"Título profesional  de los Núcleos Básicos de Conocimiento en: Derecho y Afines.

Tarjeta o matrícula profesional, en los casos reglamentados por la Ley.";Cincuenta y cinco (55) meses de experiencia profesional relacionada.;55
42079;Apoyar las actividades de gestión propias de la tesorería en el manejo de bancos y órdenes de pago.;"Título profesional de los Núcleos Básicos de Conocimiento en: Contaduría Pública, Administración, Economía o Ingeniería Industrial y Afines.

Tarjeta o matrícula profesional, en los casos reglamentados por la Ley.

Título de Postgrado la modalidad de especialización en áreas relacionadas con las funciones del cargo.";Veinticinco (25) meses de experiencia profesional relacionada.;25;"Título profesional de los Núcleos Básicos de Conocimiento en: Contaduría Pública, Administración, Economía o Ingeniería Industrial y Afines.

Tarjeta o matrícula profesional, en los casos reglamentados por la Ley.";Cuarenta y nueve (49) meses de experiencia profesional relacionada.;49
41663;Realizar labores de oficina y asistencia técnica que faciliten el desarrollo de las funciones y responsabilidades de la Dirección de Responsabilidad Sanitaria.;Diploma de bachiller en cualquier modalidad.;Veinticinco (25) meses de experiencia laboral.;25;;;
41476;Formular, desarrollar, evaluar y hacer seguimiento a  los planes, programas y proyectos relacionados con la inspección, vigilancia y control realizando una evaluación de los riesgos que afecten la inocuidad de los alimentos y bebidas de acuerdo con las normas y procedimientos vigentes.;"Título profesional de los Núcleos Básicos de Conocimiento en: Ingeniería Agroindustrial, Alimentos y Afines.

Tarjeta o matrícula profesional en los casos reglamentados por la Ley.

Título de postgrado en la modalidad de especialización en áreas relacionadas con las funciones del cargo.";"Experiencia
Veinticinco (25) meses de experiencia profesional relacionada.";25;"Título profesional de los Núcleos Básicos de Conocimiento en: Ingeniería Agroindustrial, Alimentos y Afines.

Tarjeta o matrícula profesional en los casos reglamentados por la Ley.";Cuarenta y nueve (49) meses de experiencia profesional relacionada.;49
41479;Contribuir, proponer y desarrollar estrategias e instrumentos para la ejecución de las políticas, planes, programas y proyectos de inspección, vigilancia y control de calidad y seguridad de los cosméticos, aseo, plaguicidas y productos de higiene doméstica comercializados en el país de conformidad con la legislación sanitaria, los modelos  y los procedimientos vigentes para tal fin, así como en la gestión técnica de los asuntos de competencia de la Dirección.;"Título profesional de los Núcleos Básicos de Conocimiento en: Química y Afines, Biología, Microbiología y Afines o Ingeniería Química y Afines.

Tarjeta o matrícula profesional, en los casos reglamentados por la Ley.

Título de postgrado en la modalidad de especialización en áreas relacionadas con las funciones del cargo.";Veinticinco (25) meses de experiencia profesional relacionada.;25;"Título profesional de los Núcleos Básicos de Conocimiento en: Química y Afines, Biología, Microbiología y Afines o Ingeniería Química y Afines.

Tarjeta o matrícula profesional, en los casos reglamentados por la Ley.";Cuarenta y nueve (49) meses de experiencia profesional relacionada.;49
41480;Apoyar, interpretar  y analizar propuestas de estrategias e instrumentos para la ejecución de las políticas, planes, programas y proyectos de inspección, vigilancia y control de calidad de los cosméticos, aseo, plaguicidas y productos de higiene doméstica comercializados en el de conformidad con la legislación sanitaria y los procedimientos vigentes.;"Título profesional de los Núcleos Básicos de Conocimiento en: Química y Afines, Biología, Microbiología y Afines o Ingeniería Química y Afines.

Tarjeta o matrícula profesional, en los casos reglamentados por la Ley.

Título de postgrado en la modalidad de especialización en áreas relacionadas con las funciones del cargo.";Veinticinco (25) meses de experiencia profesional relacionada.;25;"Título profesional de los Núcleos Básicos de Conocimiento en: Química y Afines, Biología, Microbiología y Afines o Ingeniería Química y Afines.

Tarjeta o matrícula profesional, en los casos reglamentados por la Ley.";Cuarenta y nueve (49) meses de experiencia profesional relacionada.;49
41481;Definir, diseñar y valorar estrategias e instrumentos para la ejecución de las políticas, planes, programas y proyectos referentes al sistema de registro sanitario y notificación sanitaria obligatoria de los productos cosméticos, aseo, plaguicidas y productos de higiene doméstica comercializados en el país de conformidad con la legislación sanitaria y los procedimientos vigentes.;"Título profesional de los Núcleos Básicos de Conocimiento en: Química y Afines, Biología, Microbiología y Afines o Ingeniería Química y Afines.

Tarjeta o matrícula profesional, en los casos reglamentados por la Ley.

Título de postgrado en la modalidad de especialización en áreas relacionadas con las funciones del cargo.";Veinticinco (25) meses de experiencia profesional relacionada.;25;"Título profesional de los Núcleos Básicos de Conocimiento en: Química y Afines, Biología, Microbiología y Afines o Ingeniería Química y Afines.

Tarjeta o matrícula profesional, en los casos reglamentados por la Ley.";Cuarenta y nueve (49) meses de experiencia profesional relacionada.;49
41488;Establecer los procedimientos e instrumentos que permitan la ejecución de las políticas, desarrollo de planes, programas y proyectos de inspección, vigilancia y control bajo el enfoque de riesgo de los productos competencia de la Dirección.;"Química y Afines, Odontología, Ingeniería Biomédica y Afines,  Otras Ingenierías, Oftalmología, Ingeniería Eléctrica y Afines u Optometría, Otros Programas de Ciencias de la Salud.

Tarjeta o matrícula profesional, en los casos reglamentados por la Ley.

Título de postgrado en la modalidad de especialización en áreas relacionadas con las funciones del cargo.";Veinticinco (25) meses de experiencia profesional relacionada.;25;"Título profesional de los Núcleos Básicos de Conocimiento en: Bacteriología, Ingeniería Química y Afines, Odontología, Ingeniería Biomédica y Afines,  Otras Ingenierías, Oftalmología, Ingeniería Eléctrica y Afines u Optometría, Otros Programas de Ciencias de la Salud.

Tarjeta o matrícula profesional, en los casos reglamentados por la Ley.";Cuarenta y nueve (49) meses de experiencia profesional relacionada.;49
41490;Establecer los procedimientos e instrumentos que permitan la ejecución de las políticas, desarrollo de planes, programas y proyectos de inspección, vigilancia y control así como la expedición de los registros sanitarios de los productos competencia de la Dirección de Dispositivos Médicos y Otras Tecnologías.;"Título profesional de los Núcleos Básicos de Conocimiento en: Ingeniería Química y Afines, Ingeniería Biomédica y Afines, Odontología, Otras Ingenierías, Ingeniería Eléctrica y Afines, Medicina, Oftalmología, Enfermería o Bacteriología.

Tarjeta o matrícula profesional, en los casos reglamentados por la Ley.

Título de postgrado en la modalidad de especialización en áreas relacionadas con las funciones del cargo.";Veinticinco (25) meses de experiencia profesional relacionada.;25;"Título profesional de los Núcleos Básicos de Conocimiento en: Ingeniería Química y Afines, Ingeniería Biomédica y Afines, Odontología, Otras Ingenierías, Ingeniería Eléctrica y Afines, Medicina, Oftalmología, Enfermería o Bacteriología.

Tarjeta o matrícula profesional, en los casos reglamentados por la Ley.";Cuarenta y nueve (49) meses de experiencia profesional relacionada.;49
41492;Realizar seguimiento a los procesos operativos relacionados con la expedición de los registros sanitarios de los productos competencia de la Dirección de Dispositivos Médicos y Otras Tecnologías.;"Título profesional de los Núcleos Básicos de Conocimiento en: Ingeniería Industrial y Afines, Administración, Ingeniería de Sistemas, Telemática y Afines o Contaduría Pública.

Tarjeta o matrícula profesional, en los casos reglamentados por la Ley.

Título de postgrado en la modalidad de especialización en áreas relacionadas con las funciones del cargo.";Veinticinco (25) meses de experiencia profesional relacionada.;25;"Título profesional de los Núcleos Básicos de Conocimiento en: Ingeniería Industrial y Afines, Administración, Ingeniería de Sistemas, Telemática y Afines o Contaduría Pública.

Tarjeta o matrícula profesional, en los casos reglamentados por la Ley.";Cuarenta y nueve (49) meses de experiencia profesional relacionada.;49
41524;Verificar el cumplimiento de los productos que son competencia del INVIMA en los procesos de Registros Sanitarios, con el fin de garantizar su aptitud para el consumo humano, de acuerdo con las normas y procedimientos vigentes.;"Título profesional de los Núcleos Básicos de Conocimiento en:   Ingeniería Agroindustrial, Alimentos y Afines, Química y Afines o Ingeniería Química y Afines.

Tarjeta o matrícula profesional, en los casos reglamentados por la Ley. 

Título de postgrado en la modalidad de especialización en áreas relacionadas con las funciones del cargo.";Seis (6) meses de experiencia profesional relacionada.;6;"Título profesional de los Núcleos Básicos de Conocimiento en:   Ingeniería Agroindustrial, Alimentos y Afines, Química y Afines o Ingeniería Química y Afines.

Tarjeta o matrícula profesional, en los casos reglamentados por la Ley.";Treinta (30) meses de experiencia profesional relacionada.;30
41525;Verificar el cumplimiento de los productos que son competencia del INVIMA en los procesos de Registros Sanitarios, con el fin de garantizar su aptitud para el consumo humano, de acuerdo con las normas y procedimientos vigentes.;"Título profesional de los Núcleos Básicos de Conocimiento en:   Ingeniería Agroindustrial, Alimentos y Afines, Química y Afines o Ingeniería Química y Afines.

Tarjeta o matrícula profesional, en los casos reglamentados por la Ley. 

Título de postgrado en la modalidad de especialización en áreas relacionadas con las funciones del cargo.";Seis (6) meses de experiencia profesional relacionada.;6;"Título profesional de los Núcleos Básicos de Conocimiento en:   Ingeniería Agroindustrial, Alimentos y Afines, Química y Afines o Ingeniería Química y Afines.

Tarjeta o matrícula profesional, en los casos reglamentados por la Ley.";Treinta (30) meses de experiencia profesional relacionada.;30
41527;Apoyar y recomendar legalmente en todos los asuntos de competencia de la dependencia y de los programas del Instituto.;"Título profesional de los Núcleos Básicos de Conocimiento en: Derecho y Afines.

Tarjeta o matrícula profesional, en los casos reglamentados por la Ley.";Treinta (30) meses de experiencia profesional relacionada.;30;"Título profesional de los Núcleos Básicos de Conocimiento en: Derecho y Afines.

Tarjeta o matrícula profesional, en los casos reglamentados por la Ley.

Título de postgrado en modalidad de especialización en áreas relacionadas con las funciones del cargo.";Seis (6) meses de experiencia profesional relacionada.;6
41526;Estudiar los aspectos legales de las solicitudes de Registros Sanitarios de los productos competencia de la Dirección  de Alimentos y  Bebidas.;"Título profesional de los Núcleos Básicos de Conocimiento en: Derecho y Afines.

Tarjeta o matrícula profesional, en los casos reglamentados por la Ley. 

Título de postgrado en la modalidad de especialización en áreas relacionadas con las funciones del cargo.";Seis (6) meses de experiencia profesional relacionada.;6;"Título profesional de los Núcleos Básicos de Conocimiento en: Derecho y Afines.

Tarjeta o matrícula profesional, en los casos reglamentados por la Ley.";Treinta (30) meses de experiencia profesional relacionada.;30
41529;Cumplir con la inspección, vigilancia y control de los alimentos y bebidas, en concordancia con la legislación sanitaria, las políticas, directrices del Instituto y los procedimientos vigentes en cumplimiento de su misión institucional.;"Título profesional de los Núcleos Básicos de Conocimiento en: Medicina Veterinaria, Zootecnia, Química y Afines, Ingeniería Química y Afines, Química y Afines, Ingeniería Agroindustrial, Alimentos y Afines, Ingeniería Ambiental, Sanitaria y Afines, Biología, Microbiología y Afines, Bacteriología, Ingeniería Agrícola, Forestal y Afines o Nutrición y Dietética.

Tarjeta o matrícula profesional, en los casos reglamentados por la Ley.";Treinta (30) meses de experiencia profesional relacionada.;30;"Título profesional de los Núcleos Básicos de Conocimiento en: Medicina Veterinaria, Zootecnia, Química y Afines, Ingeniería Química y Afines, Química y Afines, Ingeniería Agroindustrial, Alimentos y Afines, Ingeniería Ambiental, Sanitaria y Afines, Biología, Microbiología y Afines, Bacteriología, Ingeniería Agrícola, Forestal y Afines o Nutrición y Dietética.

Tarjeta o matrícula profesional, en los casos reglamentados por la Ley.

Título de postgrado en la modalidad de especialización en áreas relacionadas con las funciones del cargo.";Seis (6) meses de experiencia profesional relacionada.;6
41528;Implementar planes y programas de vigilancia epidemiológica y evaluación de riegos en la inspección vigilancia y control de alimentos, para la protección de la salud de la población, de acuerdo con las normas y procedimientos vigentes;"Título profesional de los Núcleos Básicos de Conocimiento en: Medicina Veterinaria, Ingeniería Agroindustrial, Alimentos y Afines o Ingeniería Agronómica, Pecuaria y Afines.

Tarjeta o matrícula profesional en los casos reglamentados por la Ley.";Treinta (30) meses de experiencia profesional relacionada.;30;"Título profesional de los Núcleos Básicos de Conocimiento en: Medicina Veterinaria, Ingeniería Agroindustrial, Alimentos y Afines o Ingeniería Agronómica, Pecuaria y Afines.

Tarjeta o matrícula profesional en los casos reglamentados por la Ley.

Título de postgrado en la modalidad de especialización en áreas relacionadas con el empleo.";Seis (6) meses de experiencia profesional relacionada.;6
41530;Realizar las actividades requeridas de articulación y coordinación con las Entidades Territoriales de Salud y formular, desarrollar, hacer seguimiento y evaluación a los planes, programas y proyectos de inspección, vigilancia  y control de riego que afectan  la inocuidad de los alimentos.;"Título profesional de los Núcleos Básicos de Conocimiento en: Ingeniería  Agroindustrial, Alimentos y Afines,  Biología, Microbiología y Afines, Bacteriología, Ingeniería Química y Afines, Ingeniería Ambiental, Sanitaria y Afines; Medicina Veterinaria o Zootecnia.
 
Tarjeta o matrícula profesional, en los casos reglamentados por la Ley.";Treinta (30) meses de experiencia profesional relacionada.;30;"Título profesional de los Núcleos Básicos de Conocimiento en: Ingeniería  Agroindustrial, Alimentos y Afines,  Biología, Microbiología y Afines, Bacteriología, Ingeniería Química y Afines, Ingeniería Ambiental, Sanitaria y Afines; Medicina Veterinaria o Zootecnia.

Tarjeta o matrícula profesional, en los casos reglamentados por la Ley.

Título de postgrado en modalidad de especialización en áreas relacionadas con las funciones del cargo.";Seis (6) meses de experiencia profesional relacionada.;6
41541;Realizar actividades de apoyo y de asistencia administrativa, custodia, recepción, verificación, distribución y seguimiento de los bienes de la Entidad, de acuerdo a las normas y procedimientos vigentes.;Diploma de bachiller en cualquier modalidad.;Veinticinco (25) meses de experiencia laboral.;25;;;
41531;Examinar y evaluar el cumplimiento de los productos cosméticos, de higiene doméstica, absorbentes de higiene personal y plaguicidas de uso doméstico que son notificados o registrados sanitariamente, verificando el cumplimiento de estos de conformidad con la normatividad sanitaria legal vigente.;"Título profesional de los Núcleos Básicos de Conocimiento en: Química y Afines,  Biología, Microbiología y Afines o Ingeniería Química y Afines.

Tarjeta o matrícula profesional, en los casos reglamentados por la Ley.";Treinta (30) meses de experiencia profesional relacionada;30;"Título profesional de los Núcleos Básicos de Conocimiento en: Química y Afines,  Biología, Microbiología y Afines o Ingeniería Química y Afines.

Tarjeta o matrícula profesional, en los casos reglamentados por la Ley.

Título de postgrado en la modalidad de especialización en áreas relacionadas con las funciones del cargo.";Seis (6) meses de experiencia profesional relacionada.;6
41532;Establecer los procedimientos e instrumentos que permitan la ejecución de las políticas, desarrollo de planes, programas y proyectos de inspección, vigilancia y control de los reactivos de diagnóstico in vitro y productos o derivados de origen humano.;"Título profesional de los Núcleos Básicos de Conocimiento en: Medicina o Bacteriología

Tarjeta o matrícula profesional, en los casos reglamentados por la Ley.

Título de postgrado en la modalidad de especialización en áreas relacionadas con las funciones del cargo.";Veinticinco (25) meses de experiencia profesional relacionada.;25;"Título profesional de los Núcleos Básicos de Conocimiento en: Medicina o Bacteriología.

Tarjeta o matrícula profesional, en los casos reglamentados por la Ley.";Cuarenta y nueve (49) meses de experiencia profesional relacionada.;49
41535;Implementar las metodologías y los procedimientos que permitan emitir conceptos sobre el cumplimiento de especificaciones y requerimientos que garanticen la calidad de los productos cosméticos, de higiene doméstica, absorbentes de higiene personal y plaguicidas de uso doméstico, verificando el cumplimiento de la normatividad sanitaria legal vigente;"Título profesional de los Núcleos Básicos de Conocimiento en: Química y Afines,  Biología, Microbiología y Afines o Ingeniería Química y Afines.

Tarjeta o matrícula profesional, en los casos reglamentados por la Ley.";Treinta (30) meses de experiencia profesional relacionada.;30;"Título profesional de los Núcleos Básicos de Conocimiento en: Química y Afines,  Biología, Microbiología y Afines o Ingeniería Química y Afines.

Tarjeta o matrícula profesional, en los casos reglamentados por la Ley.

Título de postgrado en la modalidad de especialización en áreas relacionadas con las funciones del cargo.";Seis (6) meses de experiencia profesional relacionada.;6
41537;Verificar el cumplimiento de la normatividad sanitaria vigente relacionada con la expedición de los registros sanitarios de los productos competencia de la Dirección de Dispositivos Médicos y Otras Tecnologías.;"Título profesional de los Núcleos Básicos de Conocimiento en: Ingeniería Biomédica y Afines, Ingeniería Química y Afines, Otras Ingenierías, Bacteriología, Enfermería, Odontología u Oftalmología.

Tarjeta o matrícula profesional en los casos reglamentados por la Ley.";Treinta (30) meses de experiencia profesional relacionada.;30;"Título profesional de los Núcleos Básicos de Conocimiento en: Ingeniería Biomédica y Afines, Ingeniería Química y Afines, Otras Ingenierías, Bacteriología, Enfermería, Odontología u Oftalmología.
 
Tarjeta o matrícula profesional en los casos reglamentados por la Ley.

Título de postgrado en la modalidad de especialización en áreas relacionadas con las funciones del cargo.";Seis (6) meses de experiencia profesional relacionada.;6
41536;Establecer los procedimientos e instrumentos que permitan la ejecución de las políticas, desarrollo de planes, programas y proyectos de inspección, vigilancia y control de calidad de los dispositivos médicos y otras tecnologías a nivel nacional.;"Título profesional de los Núcleos Básicos de Conocimiento en: Ingeniería Biomédica y Afines, Medicina, Ingeniería Eléctrica y Afines, Ingeniería Mecánica y Afines, Ingenieria Química y Afines o Enfermería

Tarjeta o matrícula profesional, en los casos reglamentados por la Ley.

Título de postgrado en la modalidad de especialización en áreas relacionadas con las funciones del cargo.";Veinticinco (25) meses de experiencia profesional relacionada.;25;"Título profesional de los Núcleos Básicos de Conocimiento en: Ingeniería Biomédica y Afines, Medicina, Ingeniería Eléctrica y Afines, Ingeniería Mecánica y Afines, Ingenieria Química y Afines o Enfermería

Tarjeta o matrícula profesional, en los casos reglamentados por la Ley.";Cuarenta y nueve (49) meses de experiencia profesional relacionada.;49
41540;Participar en la implementación de las metodologías y procedimientos que permiten emitir conceptos sobre el cumplimiento de especificaciones y requerimientos de la calidad de los productos competencia de la Dirección de Medicamentos y Productos Biológicos, según las normas, estándares y procedimientos vigentes.;"Título profesional de los Núcleos Básicos de Conocimiento en: Química Farmacéutica, Bacteriología, Biología, Microbiología y Afines, Ingeniería Química y Afines o Medicina.

Tarjeta o matrícula profesional en los casos reglamentados por la Ley.";Treinta (30) meses de experiencia profesional relacionada.;30;"Título profesional de los Núcleos Básicos de Conocimiento en: Química Farmacéutica, Bacteriología, Biología, Microbiología y Afines, Ingeniería Química y Afines o Medicina.

Tarjeta o matrícula profesional en los casos reglamentados por la Ley.

Título de postgrado en la modalidad de especialización en áreas relacionadas con las funciones del cargo.";Seis (6) meses de experiencia profesional relacionada.;6
41538;Desarrollar los planes, programas y proyectos de inspección, vigilancia y control de calidad de los dispositivos médicos y otras tecnologías a nivel nacional.;"Título profesional de los Núcleos Básicos de Conocimiento en: Bacteriología, Otras Ingenierías, Ingeniería Biomédica y Afines o Enfermería.

Tarjeta o matrícula profesional en los casos reglamentados por la Ley.";Treinta (30) meses de experiencia profesional relacionada.;30;"Título profesional de los Núcleos Básicos de Conocimiento en: Bacteriología, Otras Ingenierías, Ingeniería Biomédica y Afines o Enfermería.
 
Tarjeta o matrícula profesional en los casos reglamentados por la Ley.

Título de postgrado en la modalidad de especialización en áreas relacionadas con las funciones del cargo.";Seis (6) meses de experiencia profesional relacionada.;6
41539;Desarrollar los planes, programas y proyectos de inspección, vigilancia y control de calidad de los dispositivos médicos y otras tecnologías a nivel nacional.;"Título profesional de los Núcleos Básicos de Conocimiento en: Bacteriología, Otras Ingenierías, Ingeniería Biomédica y Afines o Enfermería.

Tarjeta o matrícula profesional en los casos reglamentados por la Ley.";Treinta (30) meses de experiencia profesional relacionada.;30;"Título profesional de los Núcleos Básicos de Conocimiento en: Bacteriología, Otras Ingenierías, Ingeniería Biomédica y Afines o Enfermería.
 
Tarjeta o matrícula profesional en los casos reglamentados por la Ley.

Título de postgrado en la modalidad de especialización en áreas relacionadas con las funciones del cargo.";Seis (6) meses de experiencia profesional relacionada.;6
41543;Gestionar, organizar, controlar y hacer seguimiento a la ejecución de los procesos para la expedición de registros sanitarios y trámites asociados.;"Título profesional de los Núcleos Básicos de Conocimiento en: Medicina o Química Farmacéutica.

Tarjeta o matrícula profesional, en los casos reglamentados por la Ley.

Título de postgrado en la modalidad de especialización en áreas relacionadas con las funciones del cargo.";Veinticinco (25) meses de experiencia profesional relacionada.;25;"Título profesional de los Núcleos Básicos de Conocimiento en: Medicina o Química Farmacéutica.

Tarjeta o matrícula profesional, en los casos reglamentados por la Ley.";Cuarenta y nueve (49) meses de experiencia profesional relacionada.;49
41546;Planear las actividades de inspección, vigilancia y control a los productores y distribuidores de productos farmacéuticos, con el fin de garantizar que dichos productos cumplan con los parámetros de calidad establecidos, de acuerdo con las normas y procedimientos vigentes;"Título profesional de los Núcleos Básicos de Conocimiento en: Química Farmacéutica, Bacteriología, Biología, Microbiología y Afines o Educación.

Tarjeta o matrícula profesional en los casos reglamentados por la Ley.

Título de postgrado en la modalidad de especialización en área relacionada con las funciones del cargo.";Veinticinco (25) meses de experiencia profesional relacionada.;25;"Título profesional de los Núcleos Básicos de Conocimiento en: Química Farmacéutica, Bacteriología, Biología, Microbiología y Afines o Educación.

Tarjeta o matrícula profesional, en los casos reglamentados por la Ley.";Cuarenta y nueve (49) meses de experiencia profesional relacionada.;49
41550;Ejecutar actividades de inspección, vigilancia y control a productos, productores y distribuidores de productos farmacéuticos, garantizando que los mismos cumplan con los parámetros de calidad y requerimientos establecidos para la elaboración y distribución de productos farmacéuticos, de acuerdo con las normas y procedimientos vigentes.;"Título profesional de los Núcleos Básicos de Conocimiento en: Química Farmacéutica, Ingeniería Química y Afines, Medicina, Biología, Microbiología y Afines o Bacteriología 

Tarjeta o matrícula profesional en los casos reglamentados por la Ley.";Treinta (30) meses de experiencia profesional relacionada.;30;"Título profesional de los Núcleos Básicos de Conocimiento en: Química Farmacéutica, Ingeniería Química y Afines, Medicina, Biología, Microbiología y Afines o Bacteriología.
Tarjeta o matrícula profesional en los casos reglamentados por la Ley.

Título de postgrado en modalidad de especialización en áreas relacionadas con las funciones del cargo.";Seis (6) meses de experiencia profesional relacionada.;6
41542;Verificar el cumplimiento de los productos que son competencia del INVIMA en los procesos de Registros Sanitarios, con el fin de garantizar su aptitud para el consumo humano, de acuerdo con las normas y procedimientos vigentes.;"Título profesional de los Núcleos Básicos de Conocimiento en: Química Farmacéutica o  Derecho y Afines.

Tarjeta o matrícula profesional en los casos reglamentados por la Ley.";Treinta (30) meses de experiencia profesional relacionada.;30;"Título profesional de los Núcleos Básicos de Conocimiento en: Química Farmacéutica o  Derecho y Afines.

Tarjeta o matrícula profesional en los casos reglamentados por la Ley.

Título de postgrado en la modalidad de especialización en áreas relacionadas con las funciones del cargo.";Seis (6) meses de experiencia profesional relacionada.;6
41545;Gestionar y ejecutar los programas de Inspección, Vigilancia y Control que permitan garantizar la calidad de los mismos de conformidad con la legislación sanitaria y los procedimientos vigentes.;"Título profesional de los Núcleos Básicos de Conocimiento en: Química Farmacéutica;  Ingeniería Química y Afines; Bacteriología; Biología, Microbiología y Afines; Medicina u Odontología.
 
Tarjeta o matrícula profesional, en los casos reglamentados por la Ley.";Treinta (30) meses de experiencia profesional relacionada.;30;"Título profesional de los Núcleos Básicos de Conocimiento en: Química Farmacéutica;  Ingeniería Química y Afines; Bacteriología; Biología, Microbiología y Afines; Medicina u Odontología.

Tarjeta o matrícula profesional, en los casos reglamentados por la Ley.

Título de postgrado en la modalidad de especialización en áreas relacionadas con las funciones del cargo.";Seis (6) meses de experiencia profesional relacionada.;6
41547;Diseñar los instrumentos, manuales, protocolos, formatos y guías necesarios para la aplicación de la normatividad sanitaria vigente en medicamentos y productos biológicos de acuerdo con las normas y procedimientos establecidos por el Instituto.;"Título profesional de los Núcleos Básicos de Conocimiento en: Química Farmacéutica, Bacteriología, Biología, Microbiología y Afines o Ingeniería Química y Afines.

Tarjeta o matrícula profesional en los casos reglamentados por la Ley.";Treinta (30) meses de experiencia profesional relacionada.;30;"Título profesional de los Núcleos Básicos de Conocimiento en: Química Farmacéutica, Bacteriología, Biología, Microbiología y Afines o Ingeniería Química y Afines.

Tarjeta o matrícula profesional en los casos reglamentados por la Ley.

Título de postgrado en la modalidad de especialización en áreas relacionadas con las funciones del cargo.";Seis (6) meses de experiencia profesional relacionada.;6
41548;Asistir al coordinador del grupo en el trámite de los contratos, el manejo de las bases de datos y la elaboración de informes, de manera que se dé cumplimiento a las normas en la materia, y se responda efectivamente a los requerimientos de las diferentes dependencias.;Diploma de bachiller en cualquier modalidad.;Veinticinco (25) meses de experiencia laboral.;25;;;
41549;Apoyar en la propuesta, planeación, desarrollo y ejecución de planes, programas y acciones relacionados con los productos y establecimientos  competencia de la Dirección de Medicamentos y Productos Biológicos en concordancia con la normatividad sanitaria viente.;"Título profesional de los Núcleos Básicos de Conocimiento en: Medicina, Química Farmacéutica o Bacteriología.

Tarjeta o matrícula profesional en los casos reglamentados por la Ley.

Título de postgrado en la modalidad de especialización en área relacionada con las funciones del cargo.";Veinticinco (25) meses de experiencia profesional relacionada.;25;"Título profesional de los Núcleos Básicos de Conocimiento en: Medicina, Química Farmacéutica o Bacteriología

Tarjeta o matrícula profesional, en los casos reglamentados por la Ley.";Cuarenta y nueve (49) meses de experiencia profesional relacionada.;49
41563;Elaborar y revisar los actos administrativos relacionados con los procesos sancionatorios derivados de las actividades de inspección, vigilancia y control efectuados por el instituto dentro de las competencias misionales establecidas para tal fin, conforme a las normas vigentes.;"Título profesional de los Núcleos Básicos de Conocimiento en: Derecho y Afines.

Tarjeta o matrícula profesional, en los casos reglamentados por la Ley.

Título de postgrado en la modalidad de especialización en áreas relacionadas con las funciones del cargo.";Veinticinco (25) meses de experiencia profesional relacionada.;25;"Título profesional de los Núcleos Básicos de Conocimiento en: Derecho y Afines.

Tarjeta o matrícula profesional, en los casos reglamentados por la Ley.";Cuarenta y nueve (49) meses de experiencia profesional relacionada.;49
41558;Realizar Inspección, Vigilancia y Control de Productos Competencia del INVIMA según sea el caso, en concordancia con la legislación sanitaria, los procedimientos, las políticas y directrices del Instituto.;"Título profesional de los Núcleos Básicos de Conocimiento en: Medicina Veterinaria, Química y Afines, Ingeniería Química y Afines, Ingeniería Agroindustrial, Alimentos y Afines, Zootecnia, Ingeniería Agronómica, Pecuaria y Afines, Agronomía, Otras Ingenierías, Ingeniería Biomédica y Afines, Medicina, Biología, Microbiología y Afines, Bacteriología, Odontología o Ingeniería Industrial y Afines.
Tarjeta o matrícula profesional, en los casos reglamentados por la Ley.


Título de postgrado en modalidad de especialización en áreas relacionadas con las funciones del cargo.";Veinticinco (25) meses de experiencia profesional relacionada.;25;"Título profesional de los Núcleos Básicos de Conocimiento en: Medicina Veterinaria, Química y Afines, Ingeniería Química y Afines, Ingeniería Agroindustrial, Alimentos y Afines, Zootecnia, Ingeniería Agronómica, Pecuaria y Afines, Agronomía, Otras Ingenierías, Ingeniería Biomédica y Afines, Medicina, Biología, Microbiología y Afines, Bacteriología, Odontología o Ingeniería Industrial y Afines.

Tarjeta o matrícula profesional, en los casos reglamentados por la Ley.";Cuarenta y nueve (49) meses de experiencia profesional relacionada.;49
41562;Tramitar y gestionar la respectiva solución a los requerimientos y/o solicitudes tecnológicas, asegurando el cumplimiento de los tiempos indicados en los acuerdos de servicio ante los usuarios del Instituto.;Diploma de bachiller en cualquier modalidad.;Veinticinco (25) meses de experiencia laboral.;25;;;
41560;Realizar Inspección, Vigilancia y Control de Productos Competencia del INVIMA según sea el caso, en concordancia con la legislación sanitaria, los procedimientos, las políticas y directrices del Instituto.;"Título profesional de los Núcleos Básicos de Conocimiento en: Medicina Veterinaria, Química y Afines, Ingeniería Química y Afines, Ingeniería Agroindustrial, Alimentos y Afines, Zootecnia, Ingeniería Agronómica, Pecuaria y Afines, Agronomía, Otras Ingenierías, Ingeniería Biomédica y Afines, Medicina, Biología, Microbiología y Afines, Bacteriología, Odontología o Ingeniería Industrial y Afines.
Tarjeta o matrícula profesional, en los casos reglamentados por la Ley.

Título de postgrado en modalidad de especialización en áreas relacionadas con las funciones del cargo.";Veinticinco (25) meses de experiencia profesional relacionada.;25;"Título profesional de los Núcleos Básicos de Conocimiento en: Medicina Veterinaria, Química y Afines, Ingeniería Química y Afines, Ingeniería Agroindustrial, Alimentos y Afines, Zootecnia, Ingeniería Agronómica, Pecuaria y Afines, Agronomía, Otras Ingenierías, Ingeniería Biomédica y Afines, Medicina, Biología, Microbiología y Afines, Bacteriología, Odontología o Ingeniería Industrial y Afines.

Tarjeta o matrícula profesional, en los casos reglamentados por la Ley.";Cuarenta y nueve (49) meses de experiencia profesional relacionada.;49
41566;Proponer políticas para la recepción, análisis, clasificación y distribución de la documentación que se recepciona en el Instituto, así como realizar seguimiento y control para la adecuada ejecución de las actividades que involucren la gestión documental de la dependencia.;"Título profesional de los Núcleos Básicos de Conocimiento en: Bibliotecología, Otros de Ciencias Sociales y Humanas.

Tarjeta o matrícula profesional, en los casos reglamentados por la Ley.

Título de postgrado en la modalidad de especialización en áreas relacionadas con las funciones del cargo.";Veinticinco (25) meses de experiencia profesional relacionada.;25;"Título profesional de los Núcleos Básicos de Conocimiento en: Bibliotecología, Otros de Ciencias Sociales y Humanas.

Tarjeta o matrícula profesional, en los casos reglamentados por la Ley.";Cuarenta y nueve (49) meses de experiencia profesional relacionada.;49
42760;Realizar Inspección, Vigilancia y Control de Productos Competencia del INVIMA según sea el caso, en concordancia con la legislación sanitaria, los procedimientos, las políticas y directrices del Instituto.;"Título profesional de los Núcleos Básicos de Conocimiento en: Medicina Veterinaria, Química y Afines, Ingeniería Química y Afines, Ingeniería Agroindusrial, Alimentos y Afines, Zootecnia, Ingeniería Agronómica, Pecuaria y Afines, Agronomía, Otras Ingenierías, Ingeniería Biomédica y Afines, Medicina, Biología, Microbiología y Afines, Bacteriología, Odontología, Enfermería, Optometría, Otros Programas de Ciencias de la Salud, Oftalmología o Ingeniería Industrial y Afines.

Tarjeta o matrícula profesional, en los casos reglamentados por la Ley.";Treinta (30) meses de experiencia profesional relacionada.;30;"Título profesional de los Núcleos Básicos de Conocimiento en: Medicina Veterinaria, Química y Afines, Ingeniería Química y Afines, Ingeniería Agroindusrial, Alimentos y Afines, Zootecnia, Ingeniería Agronómica, Pecuaria y Afines, Agronomía, Otras Ingenierías, Ingeniería Biomédica y Afines, Medicina, Biología, Microbiología y Afines, Bacteriología, Odontología, Enfermería, Optometría, Otros Programas de Ciencias de la Salud, Oftalmología o Ingeniería Industrial y Afines.

Tarjeta o matrícula profesional, en los casos reglamentados por la Ley.

Título de postgrado en modalidad de especialización en áreas relacionadas con las funciones del cargo.";Seis (6) meses de experiencia profesional relacionada.;6
41611;Realizar Inspección, Vigilancia y Control de Productos Competencia del INVIMA según sea el caso, en concordancia con la legislación sanitaria, los procedimientos, las políticas y directrices del Instituto.;"Título profesional de los Núcleos Básicos de Conocimiento en: Medicina Veterinaria, Química y Afines, Ingeniería Química y Afines, Ingeniería Agroindusrial, Alimentos y Afines, Zootecnia, Ingeniería Agronómica, Pecuaria y Afines, Agronomía, Otras Ingenierías, Ingeniería Biomédica y Afines, Medicina, Biología, Microbiología y Afines, Bacteriología, Odontología, Enfermería, Optometría, Otros Programas de Ciencias de la Salud, Oftalmología o Ingeniería Industrial y Afines.

Tarjeta o matrícula profesional, en los casos reglamentados por la Ley.";Treinta (30) meses de experiencia profesional relacionada.;30;"Título profesional de los Núcleos Básicos de Conocimiento en: Medicina Veterinaria, Química y Afines, Ingeniería Química y Afines, Ingeniería Agroindusrial, Alimentos y Afines, Zootecnia, Ingeniería Agronómica, Pecuaria y Afines, Agronomía, Otras Ingenierías, Ingeniería Biomédica y Afines, Medicina, Biología, Microbiología y Afines, Bacteriología, Odontología, Enfermería, Optometría, Otros Programas de Ciencias de la Salud, Oftalmología o Ingeniería Industrial y Afines.

Tarjeta o matrícula profesional, en los casos reglamentados por la Ley.

Título de postgrado en modalidad de especialización en áreas relacionadas con las funciones del cargo.";Seis (6) meses de experiencia profesional relacionada.;6
41612;Realizar Inspección, Vigilancia y Control de Productos Competencia del INVIMA según sea el caso, en concordancia con la legislación sanitaria, los procedimientos, las políticas y directrices del Instituto.;"Título profesional de los Núcleos Básicos de Conocimiento en: Medicina Veterinaria, Química y Afines, Ingeniería Química y Afines, Ingeniería Agroindusrial, Alimentos y Afines, Zootecnia, Ingeniería Agronómica, Pecuaria y Afines, Agronomía, Otras Ingenierías, Ingeniería Biomédica y Afines, Medicina, Biología, Microbiología y Afines, Bacteriología, Odontología, Enfermería, Optometría, Otros Programas de Ciencias de la Salud, Oftalmología o Ingeniería Industrial y Afines.

Tarjeta o matrícula profesional, en los casos reglamentados por la Ley.";Treinta (30) meses de experiencia profesional relacionada.;30;"Título profesional de los Núcleos Básicos de Conocimiento en: Medicina Veterinaria, Química y Afines, Ingeniería Química y Afines, Ingeniería Agroindusrial, Alimentos y Afines, Zootecnia, Ingeniería Agronómica, Pecuaria y Afines, Agronomía, Otras Ingenierías, Ingeniería Biomédica y Afines, Medicina, Biología, Microbiología y Afines, Bacteriología, Odontología, Enfermería, Optometría, Otros Programas de Ciencias de la Salud, Oftalmología o Ingeniería Industrial y Afines.

Tarjeta o matrícula profesional, en los casos reglamentados por la Ley.

Título de postgrado en modalidad de especialización en áreas relacionadas con las funciones del cargo.";Seis (6) meses de experiencia profesional relacionada.;6
41613;Realizar Inspección, Vigilancia y Control de Productos Competencia del INVIMA según sea el caso, en concordancia con la legislación sanitaria, los procedimientos, las políticas y directrices del Instituto.;"Título profesional de los Núcleos Básicos de Conocimiento en: Medicina Veterinaria, Química y Afines, Ingeniería Química y Afines, Ingeniería Agroindusrial, Alimentos y Afines, Zootecnia, Ingeniería Agronómica, Pecuaria y Afines, Agronomía, Otras Ingenierías, Ingeniería Biomédica y Afines, Medicina, Biología, Microbiología y Afines, Bacteriología, Odontología, Enfermería, Optometría, Otros Programas de Ciencias de la Salud, Oftalmología o Ingeniería Industrial y Afines.

Tarjeta o matrícula profesional, en los casos reglamentados por la Ley.";Treinta (30) meses de experiencia profesional relacionada.;30;"Título profesional de los Núcleos Básicos de Conocimiento en: Medicina Veterinaria, Química y Afines, Ingeniería Química y Afines, Ingeniería Agroindusrial, Alimentos y Afines, Zootecnia, Ingeniería Agronómica, Pecuaria y Afines, Agronomía, Otras Ingenierías, Ingeniería Biomédica y Afines, Medicina, Biología, Microbiología y Afines, Bacteriología, Odontología, Enfermería, Optometría, Otros Programas de Ciencias de la Salud, Oftalmología o Ingeniería Industrial y Afines.

Tarjeta o matrícula profesional, en los casos reglamentados por la Ley.

Título de postgrado en modalidad de especialización en áreas relacionadas con las funciones del cargo.";Seis (6) meses de experiencia profesional relacionada.;6
41620;Realizar Inspección, Vigilancia y Control de Productos Competencia del INVIMA según sea el caso, en concordancia con la legislación sanitaria, los procedimientos, las políticas y directrices del Instituto.;"Título profesional de los Núcleos Básicos de Conocimiento en: Medicina Veterinaria, Química y Afines, Ingeniería Química y Afines, Ingeniería Agroindusrial, Alimentos y Afines, Zootecnia, Ingeniería Agronómica, Pecuaria y Afines, Agronomía, Otras Ingenierías, Ingeniería Biomédica y Afines, Medicina, Biología, Microbiología y Afines, Bacteriología, Odontología, Enfermería, Optometría, Otros Programas de Ciencias de la Salud, Oftalmología o Ingeniería Industrial y Afines.

Tarjeta o matrícula profesional, en los casos reglamentados por la Ley.";Treinta (30) meses de experiencia profesional relacionada.;30;"Título profesional de los Núcleos Básicos de Conocimiento en: Medicina Veterinaria, Química y Afines, Ingeniería Química y Afines, Ingeniería Agroindusrial, Alimentos y Afines, Zootecnia, Ingeniería Agronómica, Pecuaria y Afines, Agronomía, Otras Ingenierías, Ingeniería Biomédica y Afines, Medicina, Biología, Microbiología y Afines, Bacteriología, Odontología, Enfermería, Optometría, Otros Programas de Ciencias de la Salud, Oftalmología o Ingeniería Industrial y Afines.

Tarjeta o matrícula profesional, en los casos reglamentados por la Ley.

Título de postgrado en modalidad de especialización en áreas relacionadas con las funciones del cargo.";Seis (6) meses de experiencia profesional relacionada.;6
41614;Realizar Inspección, Vigilancia y Control de Productos Competencia del INVIMA según sea el caso, en concordancia con la legislación sanitaria, los procedimientos, las políticas y directrices del Instituto.;"Título profesional de los Núcleos Básicos de Conocimiento en: Medicina Veterinaria, Química y Afines, Ingeniería Química y Afines, Ingeniería Agroindusrial, Alimentos y Afines, Zootecnia, Ingeniería Agronómica, Pecuaria y Afines, Agronomía, Otras Ingenierías, Ingeniería Biomédica y Afines, Medicina, Biología, Microbiología y Afines, Bacteriología, Odontología, Enfermería, Optometría, Otros Programas de Ciencias de la Salud, Oftalmología o Ingeniería Industrial y Afines.

Tarjeta o matrícula profesional, en los casos reglamentados por la Ley.";Treinta (30) meses de experiencia profesional relacionada;30;"Título profesional de los Núcleos Básicos de Conocimiento en: Medicina Veterinaria, Química y Afines, Ingeniería Química y Afines, Ingeniería Agroindusrial, Alimentos y Afines, Zootecnia, Ingeniería Agronómica, Pecuaria y Afines, Agronomía, Otras Ingenierías, Ingeniería Biomédica y Afines, Medicina, Biología, Microbiología y Afines, Bacteriología, Odontología, Enfermería, Optometría, Otros Programas de Ciencias de la Salud, Oftalmología o Ingeniería Industrial y Afines.

Tarjeta o matrícula profesional, en los casos reglamentados por la Ley.

Título de postgrado en modalidad de especialización en áreas relacionadas con las funciones del cargo.";Seis (6) meses de experiencia profesional relacionada.;6
41616;Realizar Inspección, Vigilancia y Control de Productos Competencia del INVIMA según sea el caso, en concordancia con la legislación sanitaria, los procedimientos, las políticas y directrices del Instituto.;"Título profesional de los Núcleos Básicos de Conocimiento en: Medicina Veterinaria, Química y Afines, Ingeniería Química y Afines, Ingeniería Agroindusrial, Alimentos y Afines, Zootecnia, Ingeniería Agronómica, Pecuaria y Afines, Agronomía, Otras Ingenierías, Ingeniería Biomédica y Afines, Medicina, Biología, Microbiología y Afines, Bacteriología, Odontología, Enfermería, Optometría, Otros Programas de Ciencias de la Salud, Oftalmología o Ingeniería Industrial y Afines.

Tarjeta o matrícula profesional, en los casos reglamentados por la Ley.";Treinta (30) meses de experiencia profesional relacionada.;30;;;
41617;Realizar Inspección, Vigilancia y Control de Productos Competencia del INVIMA según sea el caso, en concordancia con la legislación sanitaria, los procedimientos, las políticas y directrices del Instituto.;"Título profesional de los Núcleos Básicos de Conocimiento en: Medicina Veterinaria, Química y Afines, Ingeniería Química y Afines, Ingeniería Agroindusrial, Alimentos y Afines, Zootecnia, Ingeniería Agronómica, Pecuaria y Afines, Agronomía, Otras Ingenierías, Ingeniería Biomédica y Afines, Medicina, Biología, Microbiología y Afines, Bacteriología, Odontología, Enfermería, Optometría, Otros Programas de Ciencias de la Salud, Oftalmología o Ingeniería Industrial y Afines.

Tarjeta o matrícula profesional, en los casos reglamentados por la Ley.";Treinta (30) meses de experiencia profesional relacionada.;30;"Título profesional de los Núcleos Básicos de Conocimiento en: Medicina Veterinaria, Química y Afines, Ingeniería Química y Afines, Ingeniería Agroindusrial, Alimentos y Afines, Zootecnia, Ingeniería Agronómica, Pecuaria y Afines, Agronomía, Otras Ingenierías, Ingeniería Biomédica y Afines, Medicina, Biología, Microbiología y Afines, Bacteriología, Odontología, Enfermería, Optometría, Otros Programas de Ciencias de la Salud, Oftalmología o Ingeniería Industrial y Afines.

Tarjeta o matrícula profesional, en los casos reglamentados por la Ley.

Título de postgrado en modalidad de especialización en áreas relacionadas con las funciones del cargo.";Seis (6) meses de experiencia profesional relacionada.;6
41618;Realizar Inspección, Vigilancia y Control de Productos Competencia del INVIMA según sea el caso, en concordancia con la legislación sanitaria, los procedimientos, las políticas y directrices del Instituto.;"Título profesional de los Núcleos Básicos de Conocimiento en: Medicina Veterinaria, Química y Afines, Ingeniería Química y Afines, Ingeniería Agroindusrial, Alimentos y Afines, Zootecnia, Ingeniería Agronómica, Pecuaria y Afines, Agronomía, Otras Ingenierías, Ingeniería Biomédica y Afines, Medicina, Biología, Microbiología y Afines, Bacteriología, Odontología, Enfermería, Optometría, Otros Programas de Ciencias de la Salud, Oftalmología o Ingeniería Industrial y Afines.

Tarjeta o matrícula profesional, en los casos reglamentados por la Ley.";Treinta (30) meses de experiencia profesional relacionada.;30;"Título profesional de los Núcleos Básicos de Conocimiento en: Medicina Veterinaria, Química y Afines, Ingeniería Química y Afines, Ingeniería Agroindusrial, Alimentos y Afines, Zootecnia, Ingeniería Agronómica, Pecuaria y Afines, Agronomía, Otras Ingenierías, Ingeniería Biomédica y Afines, Medicina, Biología, Microbiología y Afines, Bacteriología, Odontología, Enfermería, Optometría, Otros Programas de Ciencias de la Salud, Oftalmología o Ingeniería Industrial y Afines.

Tarjeta o matrícula profesional, en los casos reglamentados por la Ley.

Título de postgrado en modalidad de especialización en áreas relacionadas con las funciones del cargo.";Seis (6) meses de experiencia profesional relacionada.;6
41621;Realizar Inspección, Vigilancia y Control de Productos Competencia del INVIMA según sea el caso, en concordancia con la legislación sanitaria, los procedimientos, las políticas y directrices del Instituto.;"Título profesional de los Núcleos Básicos de Conocimiento en: Medicina Veterinaria, Química y Afines, Ingeniería Química y Afines, Ingeniería Agroindusrial, Alimentos y Afines, Zootecnia, Ingeniería Agronómica, Pecuaria y Afines, Agronomía, Otras Ingenierías, Ingeniería Biomédica y Afines, Medicina, Biología, Microbiología y Afines, Bacteriología, Odontología, Enfermería, Optometría, Otros Programas de Ciencias de la Salud, Oftalmología o Ingeniería Industrial y Afines.

Tarjeta o matrícula profesional, en los casos reglamentados por la Ley.";Treinta (30) meses de experiencia profesional relacionada.;30;"Título profesional de los Núcleos Básicos de Conocimiento en: Medicina Veterinaria, Química y Afines, Ingeniería Química y Afines, Ingeniería Agroindusrial, Alimentos y Afines, Zootecnia, Ingeniería Agronómica, Pecuaria y Afines, Agronomía, Otras Ingenierías, Ingeniería Biomédica y Afines, Medicina, Biología, Microbiología y Afines, Bacteriología, Odontología, Enfermería, Optometría, Otros Programas de Ciencias de la Salud, Oftalmología o Ingeniería Industrial y Afines.

Tarjeta o matrícula profesional, en los casos reglamentados por la Ley.

Título de postgrado en modalidad de especialización en áreas relacionadas con las funciones del cargo.";Seis (6) meses de experiencia profesional relacionada.;6
41622;Realizar Inspección, Vigilancia y Control de Alimentos, Materias Primas para la fabricación de los mismos y bebidas en el área del Grupo de Trabajo asignado y en particular en el puerto, aeropuerto o paso fronterizo, según sea el caso, en concordancia con la legislación sanitaria, los procedimientos, las políticas y directrices del Instituto.;"Título profesional en: Ingeniería Química, Ingeniería de Alimentos, Bioquímica de Alimentos, Química de Alimentos, Ciencia y Tecnología de Alimentos, Ingeniería Industrial de Alimentos, Microbiología Industrial, Zootecnia, Bacteriología o Química Farmacéutica, Microbiología.

Tarjeta o matrícula profesional, en los casos reglamentados por la Ley.";Treinta (30) meses de experiencia profesional relacionada.;30;"Título profesional en: Ingeniería Química, Ingeniería de Alimentos, Bioquímica de Alimentos, Química de Alimentos, Ciencia y Tecnología de Alimentos, Ingeniería Industrial de Alimentos, Microbiología Industrial, Zootecnia, Bacteriología o Química Farmacéutica, Microbiología.

Tarjeta o matrícula profesional, en los casos reglamentados por la Ley.

Título de postgrado en la modalidad de especialización en áreas relacionadas con las funciones del cargo.";Seis (6) meses de experiencia profesional relacionada.;6
41627;Realizar Inspección, Vigilancia y Control de Alimentos, Materias Primas para la fabricación de los mismos y bebidas en el área del Grupo de Trabajo asignado y en particular en el puerto, aeropuerto o paso fronterizo, según sea el caso, en concordancia con la legislación sanitaria, los procedimientos, las políticas y directrices del Instituto.;"Título profesional en: Ingeniería Química, Ingeniería de Alimentos, Bioquímica de Alimentos, Química de Alimentos, Ciencia y Tecnología de Alimentos, Ingeniería Industrial de Alimentos, Microbiología Industrial, Zootecnia, Bacteriología o Química Farmacéutica, Microbiología.

Tarjeta o matrícula profesional, en los casos reglamentados por la Ley.";Treinta (30) meses de experiencia profesional relacionada.;30;"Título profesional en: Ingeniería Química, Ingeniería de Alimentos, Bioquímica de Alimentos, Química de Alimentos, Ciencia y Tecnología de Alimentos, Ingeniería Industrial de Alimentos, Microbiología Industrial, Zootecnia, Bacteriología o Química Farmacéutica, Microbiología.

Tarjeta o matrícula profesional, en los casos reglamentados por la Ley.

Título de postgrado en la modalidad de especialización en áreas relacionadas con las funciones del cargo.";Seis (6) meses de experiencia profesional relacionada.;6
41628;Realizar Inspección, Vigilancia y Control de Alimentos, Materias Primas para la fabricación de los mismos y bebidas en el área del Grupo de Trabajo asignado y en particular en el puerto, aeropuerto o paso fronterizo, según sea el caso, en concordancia con la legislación sanitaria, los procedimientos, las políticas y directrices del Instituto.;"Título profesional en: Ingeniería Química, Ingeniería de Alimentos, Bioquímica de Alimentos, Química de Alimentos, Ciencia y Tecnología de Alimentos, Ingeniería Industrial de Alimentos, Microbiología Industrial, Zootecnia, Bacteriología o Química Farmacéutica, Microbiología.

Tarjeta o matrícula profesional, en los casos reglamentados por la Ley.";Treinta (30) meses de experiencia profesional relacionada.;30;"Título profesional en: Ingeniería Química, Ingeniería de Alimentos, Bioquímica de Alimentos, Química de Alimentos, Ciencia y Tecnología de Alimentos, Ingeniería Industrial de Alimentos, Microbiología Industrial, Zootecnia, Bacteriología o Química Farmacéutica, Microbiología.

Tarjeta o matrícula profesional, en los casos reglamentados por la Ley.

Título de postgrado en la modalidad de especialización en áreas relacionadas con las funciones del cargo.";Seis (6) meses de experiencia profesional relacionada.;6
41629;Responder por los estados financieros del INVIMA, de acuerdo con las normas, técnicas contables vigentes y Manual de Procesos y Procedimientos adoptado por la Entidad.;"Título profesional de los Núcleos Básicos de Conocimiento en: Contaduría Pública.

Tarjeta o matricula profesional, en los casos reglamentados por la ley.

Título de postgrado en la modalidad de especialización en áreas relacionadas con las funciones del cargo.";Veinticinco (25) meses de experiencia profesional relacionada.;25;"Título profesional de los Núcleos Básicos de Conocimiento en: Contaduría Pública.

Tarjeta o matricula profesional, en los casos reglamentados por la ley.";Cuarenta y nueve (49) meses de experiencia profesional relacionada.;49
41630;Realizar Inspección, Vigilancia y Control de Alimentos, Materias Primas para la fabricación de los mismos y bebidas en el área del Grupo de Trabajo asignado y en particular en el puerto, aeropuerto o paso fronterizo, según sea el caso, en concordancia con la legislación sanitaria, los procedimientos, las políticas y directrices del Instituto.;"Título profesional en: Ingeniería Química, Ingeniería de Alimentos, Bioquímica de Alimentos, Química de Alimentos, Ciencia y Tecnología de Alimentos, Ingeniería Industrial de Alimentos, Microbiología Industrial, Zootecnia, Bacteriología o Química Farmacéutica, Microbiología.

Tarjeta o matrícula profesional, en los casos reglamentados por la Ley.";Treinta (30) meses de experiencia profesional relacionada;30;"Título profesional en: Ingeniería Química, Ingeniería de Alimentos, Bioquímica de Alimentos, Química de Alimentos, Ciencia y Tecnología de Alimentos, Ingeniería Industrial de Alimentos, Microbiología Industrial, Zootecnia, Bacteriología o Química Farmacéutica, Microbiología.

Tarjeta o matrícula profesional, en los casos reglamentados por la Ley.

Título de postgrado en la modalidad de especialización en áreas relacionadas con las funciones del cargo.";Seis (6) meses de experiencia profesional relacionada.;6
41631;Realizar Inspección, Vigilancia y Control de Alimentos, Materias Primas para la fabricación de los mismos y bebidas en el área del Grupo de Trabajo asignado y en particular en el puerto, aeropuerto o paso fronterizo, según sea el caso, en concordancia con la legislación sanitaria, los procedimientos, las políticas y directrices del Instituto.;"Título profesional en: Ingeniería Química, Ingeniería de Alimentos, Bioquímica de Alimentos, Química de Alimentos, Ciencia y Tecnología de Alimentos, Ingeniería Industrial de Alimentos, Microbiología Industrial, Zootecnia, Bacteriología o Química Farmacéutica, Microbiología.

Tarjeta o matrícula profesional, en los casos reglamentados por la Ley.";Treinta (30) meses de experiencia profesional relacionada.;30;"Título profesional en: Ingeniería Química, Ingeniería de Alimentos, Bioquímica de Alimentos, Química de Alimentos, Ciencia y Tecnología de Alimentos, Ingeniería Industrial de Alimentos, Microbiología Industrial, Zootecnia, Bacteriología o Química Farmacéutica, Microbiología.

Tarjeta o matrícula profesional, en los casos reglamentados por la Ley.

Título de postgrado en la modalidad de especialización en áreas relacionadas con las funciones del cargo.";Seis (6) meses de experiencia profesional relacionada.;6
41634;Brindar el soporte jurídico en el desarrollo de las funciones de la entidad y en la emisión de respuestas a las consultas relacionadas con las competencias de la entidad y proyectos normativos  en aras del cumplimiento cabal de los objetivos institucionales.;"Formación Académica
Título profesional de los Núcleos Básicos de Conocimiento en: Derecho y Afines.

Tarjeta o matrícula profesional, en los casos reglamentados por la Ley.

Título de postgrado en la modalidad de especialización en áreas relacionadas con las funciones del cargo.";Veinticinco (25) meses de experiencia profesional relacionada.;25;"Título profesional de los Núcleos Básicos de Conocimiento en: Derecho y Afines.

Tarjeta o matrícula profesional, en los casos reglamentados por la Ley.";Cuarenta y nueve (49) meses de experiencia profesional relacionada.;49
41632;Participar en la formulación, diseño, organización, ejecución y control de los planes proyectos, programas y procedimientos que permitan la adecuada administración de los recursos físicos y prestación de servicios administrativos.;"Título profesional de los Núcleos Básicos de Conocimiento en: Economía, Administración, Ingeniería Industrial y Afines, Derecho y Afines o Contaduría Pública.

Tarjeta o matrícula profesional, en los casos reglamentados por la Ley.

Título de postgrado en la modalidad de especialización en áreas relacionadas con las funciones del cargo.";Veinticinco (25) meses de experiencia profesional relacionada.;25;"Título profesional de los Núcleos Básicos de Conocimiento en: Economía, Administración, Ingeniería Industrial y Afines, Derecho y Afines o Contaduría Pública.

Tarjeta o matrícula profesional, en los casos reglamentados por la Ley.";Cuarenta y nueve (49) meses de experiencia profesional relacionada.;49
41633;Realizar Inspección, Vigilancia y Control de Alimentos, Materias Primas para la fabricación de los mismos y bebidas en el área del Grupo de Trabajo asignado y en particular en el puerto, aeropuerto o paso fronterizo, según sea el caso, en concordancia con la legislación sanitaria, los procedimientos, las políticas y directrices del Instituto.;"Título profesional en: Ingeniería Química, Ingeniería de Alimentos, Bioquímica de Alimentos, Química de Alimentos, Ciencia y Tecnología de Alimentos, Ingeniería Industrial de Alimentos, Microbiología Industrial, Zootecnia, Bacteriología o Química Farmacéutica, Microbiología.

Tarjeta o matrícula profesional, en los casos reglamentados por la Ley.";Treinta (30) meses de experiencia profesional relacionada.;30;"Título profesional en: Ingeniería Química, Ingeniería de Alimentos, Bioquímica de Alimentos, Química de Alimentos, Ciencia y Tecnología de Alimentos, Ingeniería Industrial de Alimentos, Microbiología Industrial, Zootecnia, Bacteriología o Química Farmacéutica, Microbiología.

Tarjeta o matrícula profesional, en los casos reglamentados por la Ley.

Título de postgrado en la modalidad de especialización en áreas relacionadas con las funciones del cargo.";Seis (6) meses de experiencia profesional relacionada.;6
41636;Realizar actividades propias de la dependencia en lo relacionado con la proyección de Actos Administrativos y apoyo a los procesos del talento humano, de acuerdo con las normas y procedimientos vigentes.;Diploma de bachiller en cualquier modalidad.;Veinticinco (25) meses de experiencia laboral.;25;;;
41639;Realizar Inspección, Vigilancia y Control de Alimentos, Materias Primas para la fabricación de los mismos y bebidas en el área del Grupo de Trabajo asignado y en particular en el puerto, aeropuerto o paso fronterizo, según sea el caso, en concordancia con la legislación sanitaria, los procedimientos, las políticas y directrices del Instituto.;"Título profesional en: Ingeniería Química, Ingeniería de Alimentos, Bioquímica de Alimentos, Química de Alimentos, Ciencia y Tecnología de Alimentos, Ingeniería Industrial de Alimentos, Microbiología Industrial, Zootecnia, Bacteriología o Química Farmacéutica, Microbiología.

Tarjeta o matrícula profesional, en los casos reglamentados por la Ley.";Treinta (30) meses de experiencia profesional relacionada.;30;"Título profesional en: Ingeniería Química, Ingeniería de Alimentos, Bioquímica de Alimentos, Química de Alimentos, Ciencia y Tecnología de Alimentos, Ingeniería Industrial de Alimentos, Microbiología Industrial, Zootecnia, Bacteriología o Química Farmacéutica, Microbiología.

Tarjeta o matrícula profesional, en los casos reglamentados por la Ley.

Título de postgrado en la modalidad de especialización en áreas relacionadas con las funciones del cargo.";Seis (6) meses de experiencia profesional relacionada.;6
41637;Realizar Inspección, Vigilancia y Control de Alimentos, Materias Primas para la fabricación de los mismos y bebidas en el área del Grupo de Trabajo asignado y en particular en el puerto, aeropuerto o paso fronterizo, según sea el caso, en concordancia con la legislación sanitaria, los procedimientos, las políticas y directrices del Instituto.;"Título profesional en: Ingeniería Química, Ingeniería de Alimentos, Bioquímica de Alimentos, Química de Alimentos, Ciencia y Tecnología de Alimentos, Ingeniería Industrial de Alimentos, Microbiología Industrial, Zootecnia, Bacteriología o Química Farmacéutica, Microbiología.

Tarjeta o matrícula profesional, en los casos reglamentados por la Ley.";Treinta (30) meses de experiencia profesional relacionada.;30;"Título profesional en: Ingeniería Química, Ingeniería de Alimentos, Bioquímica de Alimentos, Química de Alimentos, Ciencia y Tecnología de Alimentos, Ingeniería Industrial de Alimentos, Microbiología Industrial, Zootecnia, Bacteriología o Química Farmacéutica, Microbiología.

Tarjeta o matrícula profesional, en los casos reglamentados por la Ley.

Título de postgrado en la modalidad de especialización en áreas relacionadas con las funciones del cargo.";Seis (6) meses de experiencia profesional relacionada.;6
41640;"Realizar actividades de Inspección Vigilancia y Control de plantas de beneficio de animales de abasto público; para la protección de la salud de la población de conformidad con la legislación y procedimientos vigentes.";"Título profesional de los Núcleos Básicos de Conocimiento en: Medicina Veterinaria, Medicina Veterinaria Zootecnia.

Tarjeta o matrícula profesional, en los casos reglamentados por la Ley.";Treinta (30) meses de experiencia profesional relacionada.;30;"Título profesional de los Núcleos Básicos de Conocimiento en: Medicina Veterinaria, Medicina Veterinaria Zootecnia.

Tarjeta o matrícula profesional, en los casos reglamentados por la Ley.
Título de postgrado en la modalidad de especialización en áreas relacionadas con las funciones del cargo.";Seis (6) meses de experiencia profesional relacionada.;6
41642;"Realizar actividades de Inspección Vigilancia y Control de plantas de beneficio de animales de abasto público; para la protección de la salud de la población de conformidad con la legislación y procedimientos vigentes";"Título profesional de los Núcleos Básicos de Conocimiento en: Medicina Veterinaria, Medicina Veterinaria Zootecnia.

Tarjeta o matrícula profesional, en los casos reglamentados por la Ley.";Treinta (30) meses de experiencia profesional relacionada.;30;"Título profesional de los Núcleos Básicos de Conocimiento en: Medicina Veterinaria, Medicina Veterinaria Zootecnia.

Tarjeta o matrícula profesional, en los casos reglamentados por la Ley.
Título de postgrado en la modalidad de especialización en áreas relacionadas con las funciones del cargo.";Seis (6) meses de experiencia profesional relacionada.;6
41643;"Realizar actividades de Inspección Vigilancia y Control de plantas de beneficio de animales de abasto público; para la protección de la salud de la población de conformidad con la legislación y procedimientos vigentes.";"Título profesional de los Núcleos Básicos de Conocimiento en: Medicina Veterinaria, Medicina Veterinaria Zootecnia.

Tarjeta o matrícula profesional, en los casos reglamentados por la Ley.";Treinta (30) meses de experiencia profesional relacionada.;30;"Título profesional de los Núcleos Básicos de Conocimiento en: Medicina Veterinaria, Medicina Veterinaria Zootecnia.

Tarjeta o matrícula profesional, en los casos reglamentados por la Ley.
Título de postgrado en la modalidad de especialización en áreas relacionadas con las funciones del cargo.";Seis (6) meses de experiencia profesional relacionada.;6
41645;"Realizar actividades de Inspección Vigilancia y Control de plantas de beneficio de animales de abasto público; para la protección de la salud de la población de conformidad con la legislación y procedimientos vigentes.";"Título profesional de los Núcleos Básicos de Conocimiento en: Medicina Veterinaria, Medicina Veterinaria Zootecnia.

Tarjeta o matrícula profesional, en los casos reglamentados por la Ley.";Treinta (30) meses de experiencia profesional relacionada.;30;"Título profesional de los Núcleos Básicos de Conocimiento en: Medicina Veterinaria, Medicina Veterinaria Zootecnia.

Tarjeta o matrícula profesional, en los casos reglamentados por la Ley.
Título de postgrado en la modalidad de especialización en áreas relacionadas con las funciones del cargo.";Seis (6) meses de experiencia profesional relacionada.;6
41646;"Realizar actividades de Inspección Vigilancia y Control de plantas de beneficio de animales de abasto público; para la protección de la salud de la población de conformidad con la legislación y procedimientos vigentes.";"Título profesional de los Núcleos Básicos de Conocimiento en: Medicina Veterinaria, Medicina Veterinaria Zootecnia.

Tarjeta o matrícula profesional, en los casos reglamentados por la Ley.";Treinta (30) meses de experiencia profesional relacionada.;30;"Título profesional de los Núcleos Básicos de Conocimiento en: Medicina Veterinaria, Medicina Veterinaria Zootecnia.

Tarjeta o matrícula profesional, en los casos reglamentados por la Ley.
Título de postgrado en la modalidad de especialización en áreas relacionadas con las funciones del cargo.";Seis (6) meses de experiencia profesional relacionada.;6
41647;Formular, construir y emplear las acciones para la implementación, mantenimiento y mejora continua del Sistema de Gestión Integrado del Invima, de acuerdo con los requisitos legales y normativos, políticas institucionales y necesidades de las partes interesadas.;"Título profesional de los Núcleos Básicos de Conocimiento en: Administración, Contaduría Pública, Economía, Ingeniería Industrial y Afines, Derecho y Afines, Ingeniería Administrativa y Afines, Ingeniería Ambiental, Sanitaria y Afines o Biología, Microbiología y Afines.

Tarjeta o matricula profesional, en los casos reglamentados por la ley.

Título de postgrado en modalidad de especialización en áreas relacionadas con las funciones del cargo.";Veinticinco (25) meses de experiencia profesional relacionada.;25;"Título profesional de los Núcleos Básicos de Conocimiento en: Administración, Contaduría Pública, Economía, Ingeniería Industrial y Afines, Derecho y Afines, Ingeniería Administrativa y Afines, Ingeniería Ambiental, Sanitaria y Afines o Biología, Microbiología y Afines.

Tarjeta o matricula profesional, en los casos reglamentados por la ley.";Cuarenta y nueve (49) meses de experiencia profesional relacionada.;49
41650;"Responder por que los reactivos e insumos estén disponibles en calidad y cantidad suficiente para la realización de los análisis fisicoquímico de alimentos y bebidas; prestar apoyo técnico en las actividades propias de la dependencia, cumpliendo con los requerimientos establecidos en las normas y procedimientos vigentes.";Aprobación de tres (3) años de Educación Básica Secundaria.;Seis (6) meses de experiencia laboral.;6;;;
41648;Desarrollar actividades del Grupo Laboratorio Productos Farmacéuticos y Otras Tecnologías, en el desarrollo de las actividades de técnicas y administrativas según las normas, estándares y procedimientos vigentes.;Aprobación de tres (3) años de Educación Básica Secundaria.;Seis (6) meses de experiencia laboral.;6;;;
41649;Desarrollar actividades del Laboratorio de Productos Biológicos con el fin de verificar el cumplimiento de especificaciones y requerimientos de la calidad de los medicamentos de origen biológico de uso humano, según las normas, estándares y procedimientos vigentes.;"Título profesional de los Núcleos Básicos de Conocimiento en: Biología, Microbiología y Afines, Bacteriología o Educación.

Tarjeta o matrícula profesional, en los casos reglamentados por la Ley.

Título de postgrado en la modalidad de especialización en áreas relacionadas con las funciones del cargo.";Veinticinco (25) meses de experiencia profesional relacionada.;25;"Título profesional de los Núcleos Básicos de Conocimiento en: Biología, Microbiología y Afines, Bacteriología o Educación.

Tarjeta o matrícula profesional, en los casos reglamentados por la Ley.";Cuarenta y nueve (49) meses de experiencia profesional relacionada.;49
41651;Realizar labores de oficina y asistencia administrativa que faciliten el desarrollo de las funciones y responsabilidades de la dependencia, brindando información oportuna, veraz y objetiva a los usuarios sobre trámites, normas, requisitos, formatos y estado de los asuntos en trámite, de acuerdo con las normatividad, reglamentaciones y procedimientos vigentes.;Diploma de bachiller en cualquier modalidad.;Veinticinco (25) meses de experiencia laboral.;25;;;
41652;Diseñar, proponer y liderar estudios e investigaciones que promuevan el montaje, validación y estandarización de técnicas analíticas para la Detección y Monitoreo de Organismos Genéticamente Modificados (OGM) de los productos competencia del Instituto.;"Título profesional de los Núcleos Básicos de Conocimiento en: Biología, Microbiología y Afines o Bacteriología.

Tarjeta o matricula profesional, en los casos reglamentados por la ley.

Título de postgrado en la modalidad de especialización en áreas relacionadas con las funciones del cargo.";Veinticinco (25) meses de experiencia profesional relacionada.;25;"Título profesional de los Núcleos Básicos de Conocimiento en: Biología, Microbiología y Afines o Bacteriología.

Tarjeta o matrícula profesional, en los casos reglamentados por la Ley.";Cuarenta y nueve (49) meses de experiencia profesional relacionada.;49
41653;"Realizar actividades de Inspección Vigilancia y Control de plantas de beneficio de animales de abasto público; para la protección de la salud de la población de conformidad con la legislación y procedimientos vigentes.";"Título profesional de los Núcleos Básicos de Conocimiento en: Medicina Veterinaria, Medicina Veterinaria Zootecnia.

Tarjeta o matrícula profesional, en los casos reglamentados por la Ley.";Treinta (30) meses de experiencia profesional relacionada.;30;"Título profesional de los Núcleos Básicos de Conocimiento en: Medicina Veterinaria, Medicina Veterinaria Zootecnia.

Tarjeta o matrícula profesional, en los casos reglamentados por la Ley.
Título de postgrado en la modalidad de especialización en áreas relacionadas con las funciones del cargo.";Seis (6) meses de experiencia profesional relacionada.;6
41654;Diseñar estrategias y actividades que permitan el fortalecimiento, desarrollo y mantenimiento de la Red Nacional de Laboratorios de acuerdo con las normas y procedimientos vigentes.;"Título profesional de los Núcleos Básicos de Conocimiento en: Ingeniería Química y Afines, Química y Afines, Biología, Microbiología y Afines, Bacteriología, o Ingeniería Agroindustrial, Alimentos y Afines.

Tarjeta o matrícula profesional en los casos reglamentados por la Ley.

Título de postgrado en la modalidad de especialización en áreas relacionadas con las funciones del cargo.";Veinticinco (25) meses de experiencia profesional relacionada.;25;"Título profesional de los Núcleos Básicos de Conocimiento en: Ingeniería Química y Afines, Química y Afines, Biología, Microbiología y Afines, Bacteriología, o Ingeniería Agroindustrial, Alimentos y Afines.

Tarjeta o matrícula profesional, en los casos reglamentados por la Ley.";Cuarenta y nueve (49) meses de experiencia profesional relacionada.;49
41655;Brindar información oportuna, veraz y objetiva a los usuarios internos y/o externos sobre trámites, normas, requisitos, formatos y estado de los asuntos en trámite, de acuerdo con las normatividad, reglamentaciones y procedimientos vigentes.;Diploma de bachiller en cualquier modalidad.;Veinticinco (25) meses de experiencia laboral.;25;;;
41656;Realizar las actividades del laboratorio de medicamentos, tendientes a asegurar la ejecución de los programas de vigilancia y control incluidos en los planes estratégicos del Instituto.;"Título profesional en: Química Farmacéutica.

Tarjeta o matrícula profesional, en los casos reglamentados por la Ley.

Título de postgrado en la modalidad de especialización en áreas relacionadas con las funciones del cargo.";Veinticinco (25) meses de experiencia profesional relacionada.;25;"Título profesional en: Química Farmacéutica.

Tarjeta o matrícula profesional, en los casos reglamentados por la Ley.";Cuarenta y nueve (49) meses de experiencia profesional relacionada.;49
41657;Brindar información oportuna, veraz y objetiva a los usuarios internos y/o externos sobre trámites, normas, requisitos, formatos y estado de los asuntos en trámite, de acuerdo con las normatividad, reglamentaciones y procedimientos vigentes.;Diploma de bachiller en cualquier modalidad.;Veinticinco (25) meses de experiencia laboral.;25;;;
41658;Realizar control de calidad fisicoquímico de productos Farmacéuticos en muestras de alto grado de complejidad, tendientes a asegurar la ejecución de los programas de vigilancia y control incluidos en los planes estratégicos del Instituto.;"Título profesional de los Núcleos Básicos de Conocimiento en: Química y Afines.

Tarjeta o matrícula profesional, en los casos reglamentados por la Ley.

Título de postgrado en la modalidad de especialización en áreas relacionadas con las funciones del cargo.";Veinticinco (25) meses de experiencia profesional relacionada.;25;"Título profesional de los Núcleos Básicos de Conocimiento en: Química y Afines.

Tarjeta o matrícula profesional, en los casos reglamentados por la Ley.";Cuarenta y nueve (49) meses de experiencia profesional relacionada.;49
53680;Ejecutar las estrategias y actividades que permitan el fortalecimiento, desarrollo y mantenimiento de la Red Nacional de Laboratorios y la implementación y mantenimiento del Sistema de Gestión de la Calidad en los laboratorios de la Red Nacional y del INVIMA, de acuerdo con las normas y procedimientos vigentes.;"Título profesional de los Núcleos Básicos de Conocimiento en: Ingeniería Química y Afines, Ingeniería  Agroindustrial, Alimentos y Afines, Química y Afines,  Biología, Microbiología y Afines o  Bacteriología.  
Tarjeta o matrícula profesional en los casos reglamentados por la Ley.";Treinta (30) meses de experiencia profesional relacionada.;30;"Título profesional de los Núcleos Básicos de Conocimiento en: Ingeniería Química y Afines, Ingeniería  Agroindustrial, Alimentos y Afines, Química y Afines,  Biología, Microbiología y Afines o  Bacteriología.  
Tarjeta o matrícula profesional en los casos reglamentados por la Ley.  
Título de postgrado en la modalidad de especialización en áreas relacionadas con las funciones del cargo.";Seis (6) meses de experiencia profesional relacionada.;6
41659;"Realizar actividades de Inspección Vigilancia y Control de plantas de beneficio de animales de abasto público; para la protección de la salud de la población de conformidad con la legislación y procedimientos vigentes.";"Título profesional de los Núcleos Básicos de Conocimiento en: Medicina Veterinaria, Medicina Veterinaria Zootecnia.

Tarjeta o matrícula profesional, en los casos reglamentados por la Ley.";Treinta (30) meses de experiencia profesional relacionada.;30;"Título profesional de los Núcleos Básicos de Conocimiento en: Medicina Veterinaria, Medicina Veterinaria Zootecnia.

Tarjeta o matrícula profesional, en los casos reglamentados por la Ley.
Título de postgrado en la modalidad de especialización en áreas relacionadas con las funciones del cargo.";Seis (6) meses de experiencia profesional relacionada.;6
41660;Desarrollar actividades del Grupo Laboratorio Productos Farmacéuticos y Otras Tecnologías – Área Microbiología con el fin de verificar el cumplimiento de especificaciones y requerimientos de la calidad de los productos farmacéuticos, biológicos de uso humano, cosméticos y   dispositivos médicos, según las normas, estándares y procedimientos vigentes.;"Título profesional de los Núcleos Básicos de Conocimiento en: Biología, Microbiología y Afines o Bacteriología.

Tarjeta o matrícula profesional, en los casos reglamentados por la Ley.

Título de postgrado en la modalidad de especialización en áreas relacionadas con las funciones del cargo.";Veinticinco (25) meses de experiencia profesional relacionada.;25;"Título profesional de los Núcleos Básicos de Conocimiento en: Biología, Microbiología y Afines o Bacteriología.

Tarjeta o matrícula profesional, en los casos reglamentados por la Ley.";Cuarenta y nueve (49) meses de experiencia profesional relacionada.;49
41662;"Realizar actividades de Inspección Vigilancia y Control de plantas de beneficio de animales de abasto público; para la protección de la salud de la población de conformidad con la legislación y procedimientos vigentes.";"Título profesional de los Núcleos Básicos de Conocimiento en: Medicina Veterinaria, Medicina Veterinaria Zootecnia.

Tarjeta o matrícula profesional, en los casos reglamentados por la Ley";Treinta (30) meses de experiencia profesional relacionada.;30;"Título profesional de los Núcleos Básicos de Conocimiento en: Medicina Veterinaria, Medicina Veterinaria Zootecnia.

Tarjeta o matrícula profesional, en los casos reglamentados por la Ley.
Título de postgrado en la modalidad de especialización en áreas relacionadas con las funciones del cargo.";Seis (6) meses de experiencia profesional relacionada.;6
41664;"Realizar actividades de Inspección Vigilancia y Control de plantas de beneficio de animales de abasto público; para la protección de la salud de la población de conformidad con la legislación y procedimientos vigentes.";"Título profesional de los Núcleos Básicos de Conocimiento en: Medicina Veterinaria, Medicina Veterinaria Zootecnia.

Tarjeta o matrícula profesional, en los casos reglamentados por la Ley.";Treinta (30) meses de experiencia profesional relacionada.;30;"Título profesional de los Núcleos Básicos de Conocimiento en: Medicina Veterinaria, Medicina Veterinaria Zootecnia.

Tarjeta o matrícula profesional, en los casos reglamentados por la Ley.
Título de postgrado en la modalidad de especialización en áreas relacionadas con las funciones del cargo.";Seis (6) meses de experiencia profesional relacionada.;6
53697;Brindar información oportuna, veraz y objetiva a los usuarios internos y/o externos sobre trámites, normas, requisitos, formatos y estado de los asuntos en trámite, de acuerdo con las normatividad, reglamentaciones y procedimientos vigentes.;Diploma de bachiller en cualquier modalidad.;Veinticinco (25) meses de experiencia laboral.;25;;;
41666;Brindar información oportuna, veraz y objetiva a los usuarios internos y/o externos sobre trámites, normas, requisitos, formatos y estado de los asuntos en trámite, de acuerdo con las normatividad, reglamentaciones y procedimientos vigentes.;Diploma de bachiller en cualquier modalidad.;Veinticinco (25) meses de experiencia laboral.;25;;;
42001;Ejecutar, proponer y desarrollar las acciones que sean necesarias para la evaluación y gestión de los riesgos que se pueden presentar dentro de las actividades referentes a las Buenas Prácticas Clínicas, Farmacovigilancia, Bancos de Sangre, Inspección, Vigilancia y Control de acuerdo a lo establecido en la Dirección de Medicamentos y Productos Biológicos y a la normatividad vigente.;"Título profesional de los Núcleos Básicos de Conocimiento en: Medicina, Química Farmacéutica, Bacteriología, Ingeniería Química y Afines, Biología, Microbiología y Afines.

Tarjeta o matrícula profesional, en los casos reglamentados por la Ley.

Título de posgrado en la modalidad de especialización en áreas relacionadas con las funciones del empleo.";Treinta y un (31) meses de experiencia profesional relacionada.;31;"Título profesional de los Núcleos Básicos de Conocimiento en: Medicina, Química Farmacéutica, Bacteriología, Ingeniería Química y Afines, Biología, Microbiología y Afines.

Tarjeta o matrícula profesional, en los casos reglamentados por la Ley.";Cincuenta y cinco (55) meses de experiencia profesional relacionada.;55
41668;Brindar información oportuna, veraz y objetiva a los usuarios internos y/o externos sobre trámites, normas, requisitos, formatos y estado de los asuntos en trámite, de acuerdo con las normatividad, reglamentaciones y procedimientos vigentes.;Diploma de bachiller en cualquier modalidad.;Veinticinco (25) meses de experiencia laboral.;25;;;
41669;Garantizar el cumplimiento de los estándares técnicos requeridos y el desarrollo de nuevas metodologías, programas y planes de muestreo relacionados con los análisis microbiológicos para la determinación de agentes patógenos presentes en los alimentos, materias primas y bebidas, con el fin de verificar los requisitos de inocuidad, como apoyo a los programas de vigilancia y control competencia de la dirección de Alimentos y Bebidas.;"Título profesional de los Núcleos Básicos de Conocimiento en: Bacteriología o Biología, Microbiología y Afines.

Tarjeta o matrícula profesional, en los casos reglamentados por la Ley.

Título de postgrado en la modalidad de especialización en áreas relacionadas con las funciones del cargo.";Veinticinco (25) meses de experiencia profesional relacionada.;25;"Título profesional de los Núcleos Básicos de Conocimiento en: Bacteriología o Biología, Microbiología y Afines.
Tarjeta o matrícula profesional, en los casos reglamentados por la Ley.";Cuarenta y nueve (49) meses de experiencia profesional relacionada.;49
41902;Realizar actividades de apoyo técnico que permitan la Inspección, Vigilancia y Control de los productos competencia del INVIMA, para la fabricación de los mismos, así como resolver y remitir los informes relacionados con la expedición de los registros sanitarios.;"Título de formación tecnológica de los Núcleos Básicos de Conocimiento en: Ingeniería Agroindustrial, Alimentos y Afines, Química y Afines, Ingeniería Ambiental,  Sanitaria y Afines o Ingeniería Industrial y Afines.

Certificado de inscripción profesional, en los casos reglamentados por la Ley.";Nueve (9) meses de experiencia relacionada o laboral.;9;Diploma de Bachiller en cualquier modalidad.;Cuarenta y cinco (45) meses de experiencia relacionada.;45
41902;Realizar actividades de apoyo técnico que permitan la Inspección, Vigilancia y Control de los productos competencia del INVIMA, para la fabricación de los mismos, así como resolver y remitir los informes relacionados con la expedición de los registros sanitarios.;Aprobación de tres (3) años de educación superior en la modalidad de formación tecnológica o universitaria de los Núcleos Básicos de Conocimiento en: Ingeniería Agroindustrial, Alimentos y Afines, Química y Afines, Ingeniería Ambiental,  Sanitaria y Afines o Ingeniería Industrial y Afines.;Nueve (9) meses de experiencia relacionada o laboral.;9;Aprobación de un (1) año de educación superior en la modalidad de formación tecnológica o universitaria de los Núcleos Básicos de Conocimiento en: Ingeniería Agroindustrial, Alimentos y Afines, Química y Afines, Ingeniería Ambiental,  Sanitaria y Afines o Ingeniería Industrial y Afines.;Veintiún (21) meses de experiencia relacionada.;21
41682;Brindar información oportuna, veraz y objetiva a los usuarios internos y/o externos sobre trámites, normas, requisitos, formatos y estado de los asuntos en trámite, de acuerdo con las normatividad, reglamentaciones y procedimientos vigentes.;Diploma de bachiller en cualquier modalidad.;Veinticinco (25) meses de experiencia laboral.;25;;;
41684;Realizar la ejecución y seguimiento de los procesos administrativos, operativos, financieros o presupuestales para el buen funcionamiento de las operaciones de la dependencia.;"Título profesional de los Núcleos Básica de Conocimiento en: Ingeniería Industrial y Afines, Economía, Administración o Contaduría Pública.

Tarjeta o matrícula profesional, en los casos reglamentados por la Ley.

Título de postgrado en la modalidad de especialización en áreas relacionadas con las funciones del cargo.";Veinticinco (25) meses de experiencia profesional relacionada;25;"Título profesional de los Núcleos Básica de Conocimiento en: Ingeniería Industrial y Afines, Economía, Administración o Contaduría Pública.

Tarjeta o matrícula profesional, en los casos reglamentados por la Ley.";Cuarenta y nueve (49) meses de experiencia profesional relacionada.;49
41685;"Realizar actividades de Inspección Vigilancia y Control de plantas de beneficio de animales de abasto público; para la protección de la salud de la población de conformidad con la legislación y procedimientos vigentes.";"Título profesional de los Núcleos Básicos de Conocimiento en: Medicina Veterinaria, Medicina Veterinaria Zootecnia.

Tarjeta o matrícula profesional, en los casos reglamentados por la Ley.";Treinta (30) meses de experiencia profesional relacionada.;30;"Título profesional de los Núcleos Básicos de Conocimiento en: Medicina Veterinaria, Medicina Veterinaria Zootecnia.

Tarjeta o matrícula profesional, en los casos reglamentados por la Ley.
Título de postgrado en la modalidad de especialización en áreas relacionadas con las funciones del cargo.";Seis (6) meses de experiencia profesional relacionada.;6
41686;"Realizar actividades de Inspección Vigilancia y Control de plantas de beneficio de animales de abasto público; para la protección de la salud de la población de conformidad con la legislación y procedimientos vigentes.";"Título profesional de los Núcleos Básicos de Conocimiento en: Medicina Veterinaria, Medicina Veterinaria Zootecnia.

Tarjeta o matrícula profesional, en los casos reglamentados por la Ley.";Treinta (30) meses de experiencia profesional relacionada.;30;"Título profesional de los Núcleos Básicos de Conocimiento en: Medicina Veterinaria, Medicina Veterinaria Zootecnia.

Tarjeta o matrícula profesional, en los casos reglamentados por la Ley.
Título de postgrado en la modalidad de especialización en áreas relacionadas con las funciones del cargo.";Seis (6) meses de experiencia profesional relacionada.;6
41692;"Realizar actividades de Inspección Vigilancia y Control de plantas de beneficio de animales de abasto público; para la protección de la salud de la población de conformidad con la legislación y procedimientos vigentes.";"Título profesional de los Núcleos Básicos de Conocimiento en: Medicina Veterinaria, Medicina Veterinaria Zootecnia.

Tarjeta o matrícula profesional, en los casos reglamentados por la Ley.";Treinta (30) meses de experiencia profesional relacionada.;30;"Título profesional de los Núcleos Básicos de Conocimiento en: Medicina Veterinaria, Medicina Veterinaria Zootecnia.

Tarjeta o matrícula profesional, en los casos reglamentados por la Ley.
Título de postgrado en la modalidad de especialización en áreas relacionadas con las funciones del cargo.";Seis (6) meses de experiencia profesional relacionada.;6
41696;"Realizar actividades de Inspección Vigilancia y Control de plantas de beneficio de animales de abasto público; para la protección de la salud de la población de conformidad con la legislación y procedimientos vigentes.";"Título profesional de los Núcleos Básicos de Conocimiento en: Medicina Veterinaria, Medicina Veterinaria Zootecnia.

Tarjeta o matrícula profesional, en los casos reglamentados por la Ley.";Treinta (30) meses de experiencia profesional relacionada.;30;"Título profesional de los Núcleos Básicos de Conocimiento en: Medicina Veterinaria, Medicina Veterinaria Zootecnia.

Tarjeta o matrícula profesional, en los casos reglamentados por la Ley.
Título de postgrado en la modalidad de especialización en áreas relacionadas con las funciones del cargo.";Seis (6) meses de experiencia profesional relacionada.;6
41694;"Realizar actividades de Inspección Vigilancia y Control de plantas de beneficio de animales de abasto público; para la protección de la salud de la población de conformidad con la legislación y procedimientos vigentes.";"Título profesional de los Núcleos Básicos de Conocimiento en: Medicina Veterinaria, Medicina Veterinaria Zootecnia.

Tarjeta o matrícula profesional, en los casos reglamentados por la Ley.";Treinta (30) meses de experiencia profesional relacionada.;30;"Título profesional de los Núcleos Básicos de Conocimiento en: Medicina Veterinaria, Medicina Veterinaria Zootecnia.

Tarjeta o matrícula profesional, en los casos reglamentados por la Ley.
Título de postgrado en la modalidad de especialización en áreas relacionadas con las funciones del cargo.";Seis (6) meses de experiencia profesional relacionada.;6
41701;"Realizar actividades de Inspección Vigilancia y Control de plantas de beneficio de animales de abasto público; para la protección de la salud de la población de conformidad con la legislación y procedimientos vigentes.";"Título profesional de los Núcleos Básicos de Conocimiento en: Medicina Veterinaria, Medicina Veterinaria Zootecnia.

Tarjeta o matrícula profesional, en los casos reglamentados por la Ley.";Treinta (30) meses de experiencia profesional relacionada.;30;"Título profesional de los Núcleos Básicos de Conocimiento en: Medicina Veterinaria, Medicina Veterinaria Zootecnia.

Tarjeta o matrícula profesional, en los casos reglamentados por la Ley.
Título de postgrado en la modalidad de especialización en áreas relacionadas con las funciones del cargo.";Seis (6) meses de experiencia profesional relacionada.;6
41702;"Realizar actividades de Inspección Vigilancia y Control de plantas de beneficio de animales de abasto público; para la protección de la salud de la población de conformidad con la legislación y procedimientos vigentes.";"Título profesional de los Núcleos Básicos de Conocimiento en: Medicina Veterinaria, Medicina Veterinaria Zootecnia.

Tarjeta o matrícula profesional, en los casos reglamentados por la Ley.";Treinta (30) meses de experiencia profesional relacionada.;30;"Título profesional de los Núcleos Básicos de Conocimiento en: Medicina Veterinaria, Medicina Veterinaria Zootecnia.

Tarjeta o matrícula profesional, en los casos reglamentados por la Ley.
Título de postgrado en la modalidad de especialización en áreas relacionadas con las funciones del cargo.";Seis (6) meses de experiencia profesional relacionada.;6
41703;Realizar funciones de asistencia administrativa que faciliten el desarrollo y ejecución de las actividades del área, de acuerdo con las normas y procedimientos vigentes, brindando información general a los usuarios acerca de las normas y estado de los trámites solicitados ante el Instituto, de acuerdo con la normatividad, procedimientos vigentes y políticas de la Entidad.;Aprobación de cuatro (4) años de Educación Básica Secundaria.;Seis (6) meses de experiencia Laboral.;6;Aprobación de tres (3) años de Educación Básica Secundaria.;Doce (12) meses de experiencia laboral.;12
41714;Definir, diseñar y valorar estrategias e instrumentos para la ejecución de las políticas, planes, programas y proyectos de inspección, vigilancia y control de calidad y seguridad de los cosméticos, aseo, plaguicidas y productos de higiene doméstica comercializados en el país de conformidad con la legislación sanitaria y los procedimientos vigentes.;"Título profesional de los Núcleos Básicos de Conocimiento en: Química y Afines, Biología, Microbiología y Afines, o Ingeniería Química y Afines.

Tarjeta o matrícula profesional, en los casos reglamentados por la Ley.

Título de postgrado en la modalidad de especialización en áreas relacionadas con las funciones del cargo.";Treinta y un (31) meses de experiencia profesional relacionada.;31;"Título profesional de los Núcleos Básicos de Conocimiento en: Química y Afines, Biología, Microbiología y Afines, o Ingeniería Química y Afines.

Tarjeta o matrícula profesional, en los casos reglamentados por la Ley.";Cincuenta y cinco (55) meses de experiencia profesional relacionada.;55
41707;Elaborar, planificar y programar las actividades administrativas que permitan el buen desempeño de las funciones en las direcciones misionales del instituto y conlleven a alcanzar el cumplimiento de la planificación estratégica del Instituto.;"Título profesional de los Núcleos Básicos de Conocimiento en: Administración, Ingeniería Industrial y Afines, Economía o Derecho y Afines.

Tarjeta o matrícula profesional, en los casos reglamentados por la Ley.

Título de postgrado en la modalidad de especialización en áreas relacionadas con las funciones del cargo.";Veinticinco (25) meses de experiencia profesional relacionada.;25;"Título profesional de los Núcleos Básicos de Conocimiento en: Administración, Ingeniería Industrial y Afines, Economía o Derecho y Afines.

Tarjeta o matrícula profesional, en los casos reglamentados por la Ley.";Cuarenta y nueve (49) meses de experiencia profesional relacionada.;49
41709;Realizar funciones de asistencia administrativa que faciliten el desarrollo y ejecución de las actividades del área, de acuerdo con las normas y procedimientos vigentes, brindando información general a los usuarios acerca de las normas y estado de los trámites solicitados ante el Instituto, de acuerdo con la normatividad, procedimientos vigentes y políticas de la Entidad.;Aprobación de cuatro (4) años de Educación Básica Secundaria.;Seis (6) meses de experiencia Laboral.;6;Aprobación de tres (3) años de Educación Básica Secundaria.;Doce (12) meses de experiencia laboral.;12
41712;Realizar labores de oficina y asistencia administrativa, apoyando las labores propias de inventarios, elaboración de documentos, recolección de información y elaboración de informes.;Aprobación de tres (3) años de Educación Básica Secundaria.;Seis (6) meses de experiencia laboral.;6;;;
41718;"Realizar actividades de Inspección Vigilancia y Control de plantas de beneficio de animales de abasto público; para la protección de la salud de la población de conformidad con la legislación y procedimientos vigentes.";"Título profesional de los Núcleos Básicos de Conocimiento en: Medicina Veterinaria, Medicina Veterinaria Zootecnia.

Tarjeta o matrícula profesional, en los casos reglamentados por la Ley.";Treinta (30) meses de experiencia profesional relacionada.;30;"Título profesional de los Núcleos Básicos de Conocimiento en: Medicina Veterinaria, Medicina Veterinaria Zootecnia.

Tarjeta o matrícula profesional, en los casos reglamentados por la Ley.
Título de postgrado en la modalidad de especialización en áreas relacionadas con las funciones del cargo.";Seis (6) meses de experiencia profesional relacionada.;6
41719;Definir y proponer metodologías, herramientas e instrumentos para la ejecución de las políticas, desarrollo de planes, programas y proyectos relacionados con las actividades de pre comercialización y post comercialización de los dispositivos médicos y otras tecnologías a nivel nacional.;"Título profesional de los Núcleos Básicos de Conocimiento en: Ingeniería Biomédica y Afines o Ingeniería Química y Afines. 

Tarjeta o matrícula profesional, en los casos reglamentados por la Ley.

Título de postgrado en la modalidad de especialización en áreas relacionadas con las funciones del cargo.";Treinta y un (31) meses de experiencia profesional relacionada.;31;"Título profesional de los Núcleos Básicos de Conocimiento en: Medicina, Ingeniería Biomédica y Afines o Ingeniería Química y Afines.

Tarjeta o matrícula profesional, en los casos reglamentados por la Ley.";Cincuenta y cinco (55) meses de experiencia profesional relacionada.;55
41720;Definir los instrumentos para la ejecución de las políticas, desarrollo de planes, programas y proyectos de inspección, vigilancia y control bajo el enfoque de riesgo de los productos competencia de la Dirección.;"Título profesional de los Núcleos Básicos de Conocimiento en: Medicina, Ingeniería Biomédica y Afines, Ingeniería Química y Afines, Otras Ingenierías, Bacteriología u Odontología.

Tarjeta o matrícula profesional, en los casos reglamentados por la Ley.

Título de postgrado en la modalidad de especialización en áreas relacionadas con las funciones del cargo.";Treinta y un (31) meses de experiencia profesional relacionada.;31;"Título profesional de los Núcleos Básicos de Conocimiento en: Medicina, Ingeniería Biomédica y Afines, Ingeniería Química y Afines, Otras Ingenierías, Bacteriología u Odontología.

Tarjeta o matrícula profesional, en los casos reglamentados por la Ley.";Cincuenta y cinco (55) meses de experiencia profesional relacionada.;55
41721;Conducir y custodiar el vehículo asignado al servicio del Instituto, respetando las disposiciones de tránsito y normas de seguridad.;"Aprobación de cuatro (4) años de educación básica secundaria.

Licencia de conducción de 4º categoría.";No requiere experiencia laboral.;;;;
41722;Definir los instrumentos para la ejecución de las políticas, desarrollo de planes, programas y proyectos de vigilancia sanitaria, así como de la expedición de registros sanitarios de los dispositivos médicos y otras tecnologías a nivel nacional.;"Título profesional de los Núcleos Básicos de Conocimiento en: Medicina, Ingeniería Química y Afines, Ingeniería Biomédica y Afines, Otras Ingenierías, Bacteriología u Odontología. 

Tarjeta o matrícula profesional, en los casos reglamentados por la Ley.
Título de postgrado en la modalidad de especialización en áreas relacionadas con las funciones del cargo.";Treinta y un (31) meses de experiencia profesional relacionada.;31;"Título profesional de los Núcleos Básicos de Conocimiento en: Medicina, Ingeniería Química y Afines, Ingeniería Biomédica y Afines, Otras Ingenierías, Bacteriología u Odontología.

Tarjeta o matrícula profesional, en los casos reglamentados por la Ley.";Cincuenta y cinco (55) meses de experiencia profesional relacionada.;55
41725;Definir los instrumentos para la ejecución de las políticas, desarrollo de planes, programas y proyectos de vigilancia post comercialización bajo el enfoque de riesgo de los dispositivos médicos y otras tecnologías.;"Título profesional de los Núcleos Básicos de Conocimiento en: Medicina, Ingeniería Biomédica y Afines o Ingeniería Química y Afines.
Tarjeta o matrícula profesional, en los casos reglamentados por la Ley.
Título de postgrado en la modalidad de especialización en áreas relacionadas con las funciones del cargo.";Treinta y un (31) meses de experiencia profesional relacionada.;31;"Título profesional de los Núcleos Básicos de Conocimiento en: Medicina, Ingeniería Biomédica y Afines o Ingeniería Química y Afines.

Tarjeta o matrícula profesional, en los casos reglamentados por la Ley.";Cincuenta y cinco (55) meses de experiencia profesional relacionada.;55
41727;Ejecución de políticas para la expedición de registros sanitarios y la oportuna expedición y notificación de los actos administrativos que de ellos se derive.;"Título profesional de los Núcleos Básicos de Conocimiento en: Medicina o Química Farmacéutica.

Tarjeta o matrícula profesional, en los casos reglamentados por la Ley.

Título de postgrado en la modalidad de especialización en áreas relacionadas con las funciones del cargo.";Treinta y un (31) meses de experiencia profesional relacionada.;31;"Título profesional de los Núcleos Básicos de Conocimiento en: Medicina o Química Farmacéutica.

Tarjeta o matrícula profesional, en los casos reglamentados por la Ley.";Cincuenta y cinco (55) meses de experiencia profesional relacionada.;55
41731;Ejecutar, proponer y desarrollar las acciones que sean necesarias para la evaluación y gestión de los riesgos que se pueden presentar dentro de las actividades referentes a las Buenas Prácticas Clínicas, Farmacovigilancia, Bancos de Sangre, Inspección, Vigilancia y Control de acuerdo a lo establecido en la Dirección de Medicamentos y Productos Biológicos y a la normatividad vigente.;"Título profesional de los Núcleos Básicos de Conocimiento en: Medicina, Química Farmacéutica, Bacteriología, Ingeniería Química y Afines, Biología, Microbiología y Afines.

Tarjeta o matrícula profesional, en los casos reglamentados por la Ley.

Título de posgrado en la modalidad de especialización en áreas relacionadas con las funciones del empleo.";Treinta y un (31) meses de experiencia profesional relacionada.;31;"Título profesional de los Núcleos Básicos de Conocimiento en: Medicina, Química Farmacéutica, Bacteriología, Ingeniería Química y Afines, Biología, Microbiología y Afines.

Tarjeta o matrícula profesional, en los casos reglamentados por la Ley.";Cincuenta y cinco (55) meses de experiencia profesional relacionada.;55
41735;Asistir, apoyar y gestionar la ejecución de actividades relacionadas con asuntos técnicos y científicos de competencia de la dependencia y del Instituto.;"Título profesional de los Núcleos Básicos de Conocimiento en: Derecho y Afines.

Tarjeta o matrícula profesional, en los casos reglamentados por la Ley.

Título de posgrado en la modalidad de especialización en áreas relacionadas con las funciones del empleo.";Treinta y un (31) meses de experiencia profesional relacionada.;31;"Título profesional de los Núcleos Básicos de Conocimiento en: Derecho y Afines.

Tarjeta o matrícula profesional, en los casos reglamentados por la Ley.";Cincuenta y cinco (55) meses de experiencia profesional relacionada.;55
41736;Ejecución de políticas para la expedición de registros sanitarios y la oportuna expedición y notificación de los actos administrativos que de ellos se derive, ejecutar las acciones que se requieran para la evaluación y gestión de los riesgos que se pueden presentar dentro de lo relacionado con las Buenas Prácticas Clínicas, Farmacovigilancia, Bancos de Sangre, Inspección, Vigilancia y Control de acuerdo a lo establecido en la Dirección de Medicamentos y Productos Biológicos y a la normatividad vigente.;"Título profesional de los Núcleos Básicos de Conocimiento en: Medicina, Química Farmacéutica, Bacteriología, Biología, Microbiología y Afines, Odontología o Educación.

Tarjeta o matrícula profesional, en los casos reglamentados por la Ley.

Título de posgrado en la modalidad de especialización en áreas relacionadas con las funciones del empleo.";Treinta y un (31) meses de experiencia profesional relacionada.;31;"Título profesional de los Núcleos Básicos de Conocimiento en: Medicina, Química Farmacéutica, Bacteriología, Biología, Microbiología y Afines, Odontología o Educación.

Tarjeta o matrícula profesional, en los casos reglamentados por la Ley.";Cincuenta y cinco (55) meses de experiencia profesional relacionada.;55
41737;Cumplir con la inspección, vigilancia y control de los alimentos y bebidas, en concordancia con la legislación sanitaria, las políticas, directrices del Instituto y los procedimientos vigentes en cumplimiento de su misión institucional.;"Título profesional en: Medicina Veterinaria, Medicina Veterinaria y Zootecnia, Química Farmacéutica, Ingeniería Química, Química, Ingeniería de Alimentos, Bioquímica de Alimentos, Química de Alimentos, Ciencia y Tecnología de Alimentos, Ingeniería Industrial de Alimentos, Ingeniería Sanitaria y Ambiental, Microbiología Industrial, Microbiología, Zootecnia, Bacteriología, Ingeniería Ambiental, Ingeniería Agroindustrial, Ingeniería Agrícola, Ingeniería Sanitaria o Nutrición.

Tarjeta o matrícula profesional, en los casos reglamentados por la Ley.";Treinta (30) meses de experiencia profesional relacionada.;30;"Título profesional en: Medicina Veterinaria, Medicina Veterinaria y Zootecnia, Química Farmacéutica, Ingeniería Química, Química, Ingeniería de Alimentos, Bioquímica de Alimentos, Química de Alimentos, Ciencia y Tecnología de Alimentos, Ingeniería Industrial de Alimentos, Ingeniería Sanitaria y Ambiental, Microbiología Industrial, Microbiología, Zootecnia, Bacteriología, Ingeniería Ambiental, Ingeniería Agroindustrial, Ingeniería Agrícola, Ingeniería Sanitaria o Nutrición.

Tarjeta o matrícula profesional, en los casos reglamentados por la Ley.

Título de postgrado en la modalidad de especialización en áreas relacionadas con las funciones del cargo.";Seis (6) meses de experiencia profesional relacionada.;6
41738;Cumplir con la inspección, vigilancia y control de los alimentos y bebidas, en concordancia con la legislación sanitaria, las políticas, directrices del Instituto y los procedimientos vigentes en cumplimiento de su misión institucional.;"Título profesional en: Medicina Veterinaria, Medicina Veterinaria y Zootecnia, Química Farmacéutica, Ingeniería Química, Química, Ingeniería de Alimentos, Bioquímica de Alimentos, Química de Alimentos, Ciencia y Tecnología de Alimentos, Ingeniería Industrial de Alimentos, Ingeniería Sanitaria y Ambiental, Microbiología Industrial, Microbiología, Zootecnia, Bacteriología, Ingeniería Ambiental, Ingeniería Agroindustrial, Ingeniería Agrícola, Ingeniería Sanitaria o Nutrición.

Tarjeta o matrícula profesional, en los casos reglamentados por la Ley.";Treinta (30) meses de experiencia profesional relacionada.;30;"Título profesional en: Medicina Veterinaria, Medicina Veterinaria y Zootecnia, Química Farmacéutica, Ingeniería Química, Química, Ingeniería de Alimentos, Bioquímica de Alimentos, Química de Alimentos, Ciencia y Tecnología de Alimentos, Ingeniería Industrial de Alimentos, Ingeniería Sanitaria y Ambiental, Microbiología Industrial, Microbiología, Zootecnia, Bacteriología, Ingeniería Ambiental, Ingeniería Agroindustrial, Ingeniería Agrícola, Ingeniería Sanitaria o Nutrición.

Tarjeta o matrícula profesional, en los casos reglamentados por la Ley.

Título de postgrado en la modalidad de especialización en áreas relacionadas con las funciones del cargo.";Seis (6) meses de experiencia profesional relacionada.;6
41739;Apoyar a la Dirección en la planeación, organización y ejecución de las actividades misionales de Medicamentos y Productos Biologicos, preparación de informes, reportes y seguimiento de las actividades de planes operativos, presupuesto, articulación con otras dependencias y seguimiento a la ejecución de las metas de la dirección.;"Título profesional de los Núcleos Básicos de Conocimiento en: Administración, Ingeniería Industrial y Afines o Economía.

Tarjeta o matrícula profesional, en los casos reglamentados por la Ley.

Título de posgrado en la modalidad de especialización en áreas relacionadas con las funciones del empleo.";Treinta y un (31) meses de experiencia profesional relacionada.;31;"Título profesional de los Núcleos Básicos de Conocimiento en: Administración, Ingeniería Industrial y Afines o Economía.

Tarjeta o matrícula profesional, en los casos reglamentados por la Ley.";Cincuenta y cinco (55) meses de experiencia profesional relacionada.;55
41740;Cumplir con la inspección, vigilancia y control de los alimentos y bebidas, en concordancia con la legislación sanitaria, las políticas, directrices del Instituto y los procedimientos vigentes en cumplimiento de su misión institucional.;"Título profesional en: Medicina Veterinaria, Medicina Veterinaria y Zootecnia, Química Farmacéutica, Ingeniería Química, Química, Ingeniería de Alimentos, Bioquímica de Alimentos, Química de Alimentos, Ciencia y Tecnología de Alimentos, Ingeniería Industrial de Alimentos, Ingeniería Sanitaria y Ambiental, Microbiología Industrial, Microbiología, Zootecnia, Bacteriología, Ingeniería Ambiental, Ingeniería Agroindustrial, Ingeniería Agrícola, Ingeniería Sanitaria o Nutrición.

Tarjeta o matrícula profesional, en los casos reglamentados por la Ley.";Treinta (30) meses de experiencia profesional relacionada.;30;"Título profesional en: Medicina Veterinaria, Medicina Veterinaria y Zootecnia, Química Farmacéutica, Ingeniería Química, Química, Ingeniería de Alimentos, Bioquímica de Alimentos, Química de Alimentos, Ciencia y Tecnología de Alimentos, Ingeniería Industrial de Alimentos, Ingeniería Sanitaria y Ambiental, Microbiología Industrial, Microbiología, Zootecnia, Bacteriología, Ingeniería Ambiental, Ingeniería Agroindustrial, Ingeniería Agrícola, Ingeniería Sanitaria o Nutrición.

Tarjeta o matrícula profesional, en los casos reglamentados por la Ley.

Título de postgrado en la modalidad de especialización en áreas relacionadas con las funciones del cargo.";Seis (6) meses de experiencia profesional relacionada.;6
41743;Cumplir con la inspección, vigilancia y control de los alimentos y bebidas, en concordancia con la legislación sanitaria, las políticas, directrices del Instituto y los procedimientos vigentes en cumplimiento de su misión institucional.;"Título profesional en: Medicina Veterinaria, Medicina Veterinaria y Zootecnia, Química Farmacéutica, Ingeniería Química, Química, Ingeniería de Alimentos, Bioquímica de Alimentos, Química de Alimentos, Ciencia y Tecnología de Alimentos, Ingeniería Industrial de Alimentos, Ingeniería Sanitaria y Ambiental, Microbiología Industrial, Microbiología, Zootecnia, Bacteriología, Ingeniería Ambiental, Ingeniería Agroindustrial, Ingeniería Agrícola, Ingeniería Sanitaria o Nutrición.

Tarjeta o matrícula profesional, en los casos reglamentados por la Ley.";Treinta (30) meses de experiencia profesional relacionada.;30;"Título profesional en: Medicina Veterinaria, Medicina Veterinaria y Zootecnia, Química Farmacéutica, Ingeniería Química, Química, Ingeniería de Alimentos, Bioquímica de Alimentos, Química de Alimentos, Ciencia y Tecnología de Alimentos, Ingeniería Industrial de Alimentos, Ingeniería Sanitaria y Ambiental, Microbiología Industrial, Microbiología, Zootecnia, Bacteriología, Ingeniería Ambiental, Ingeniería Agroindustrial, Ingeniería Agrícola, Ingeniería Sanitaria o Nutrición.

Tarjeta o matrícula profesional, en los casos reglamentados por la Ley.

Título de postgrado en la modalidad de especialización en áreas relacionadas con las funciones del cargo.";Seis (6) meses de experiencia profesional relacionada.;6
41741;Cumplir con la inspección, vigilancia y control de los alimentos y bebidas, en concordancia con la legislación sanitaria, las políticas, directrices del Instituto y los procedimientos vigentes en cumplimiento de su misión institucional.;"Título profesional en: Medicina Veterinaria, Medicina Veterinaria y Zootecnia, Química Farmacéutica, Ingeniería Química, Química, Ingeniería de Alimentos, Bioquímica de Alimentos, Química de Alimentos, Ciencia y Tecnología de Alimentos, Ingeniería Industrial de Alimentos, Ingeniería Sanitaria y Ambiental, Microbiología Industrial, Microbiología, Zootecnia, Bacteriología, Ingeniería Ambiental, Ingeniería Agroindustrial, Ingeniería Agrícola, Ingeniería Sanitaria o Nutrición.

Tarjeta o matrícula profesional, en los casos reglamentados por la Ley.";Treinta (30) meses de experiencia profesional relacionada.;30;"Título profesional en: Medicina Veterinaria, Medicina Veterinaria y Zootecnia, Química Farmacéutica, Ingeniería Química, Química, Ingeniería de Alimentos, Bioquímica de Alimentos, Química de Alimentos, Ciencia y Tecnología de Alimentos, Ingeniería Industrial de Alimentos, Ingeniería Sanitaria y Ambiental, Microbiología Industrial, Microbiología, Zootecnia, Bacteriología, Ingeniería Ambiental, Ingeniería Agroindustrial, Ingeniería Agrícola, Ingeniería Sanitaria o Nutrición.

Tarjeta o matrícula profesional, en los casos reglamentados por la Ley.

Título de postgrado en la modalidad de especialización en áreas relacionadas con las funciones del cargo.";Seis (6) meses de experiencia profesional relacionada.;6
41742;Cumplir con la inspección, vigilancia y control de los alimentos y bebidas, en concordancia con la legislación sanitaria, las políticas, directrices del Instituto y los procedimientos vigentes en cumplimiento de su misión institucional.;"Título profesional en: Medicina Veterinaria, Medicina Veterinaria y Zootecnia, Química Farmacéutica, Ingeniería Química, Química, Ingeniería de Alimentos, Bioquímica de Alimentos, Química de Alimentos, Ciencia y Tecnología de Alimentos, Ingeniería Industrial de Alimentos, Ingeniería Sanitaria y Ambiental, Microbiología Industrial, Microbiología, Zootecnia, Bacteriología, Ingeniería Ambiental, Ingeniería Agroindustrial, Ingeniería Agrícola, Ingeniería Sanitaria o Nutrición.

Tarjeta o matrícula profesional, en los casos reglamentados por la Ley.";Treinta (30) meses de experiencia profesional relacionada.;30;"Título profesional en: Medicina Veterinaria, Medicina Veterinaria y Zootecnia, Química Farmacéutica, Ingeniería Química, Química, Ingeniería de Alimentos, Bioquímica de Alimentos, Química de Alimentos, Ciencia y Tecnología de Alimentos, Ingeniería Industrial de Alimentos, Ingeniería Sanitaria y Ambiental, Microbiología Industrial, Microbiología, Zootecnia, Bacteriología, Ingeniería Ambiental, Ingeniería Agroindustrial, Ingeniería Agrícola, Ingeniería Sanitaria o Nutrición.

Tarjeta o matrícula profesional, en los casos reglamentados por la Ley.

Título de postgrado en la modalidad de especialización en áreas relacionadas con las funciones del cargo.";Seis (6) meses de experiencia profesional relacionada.;6
41744;Ejecución de políticas para la expedición de registros sanitarios y la oportuna  notificación de los actos administrativos que de ellos se derive, así como las actividades relacionadas con las Buenas Prácticas Clínicas, Farmacovigilancia, de acuerdo a lo establecido en la Dirección de Medicamentos y Productos Biológicos y a la normatividad vigente.;"Título profesional de los Núcleos Básicos de Conocimiento en: Química Farmacéutica

Tarjeta o matrícula profesional, en los casos reglamentados por la Ley. 

Título de posgrado en la modalidad de especialización en áreas relacionadas con las funciones del empleo.";Treinta y un (31) meses de experiencia profesional relacionada.;31;"Título profesional de los Núcleos Básicos de Conocimiento en: Química Farmacéutica.

Tarjeta o matrícula profesional, en los casos reglamentados por la Ley.";Cincuenta y cinco (55) meses de experiencia profesional relacionada.;55
41745;Realizar Inspección, Vigilancia y Control de Productos Competencia del INVIMA según sea el caso, en concordancia con la legislación sanitaria, los procedimientos, las políticas y directrices del Instituto.;"Título profesional de los Núcleos Básicoas de Conocimiento en: Medicina Veterinaria, Química y Afines, Ingeniería Química y Afines, Ingeniería Agroindustrial, Alimentos y Afines, Zootecnia, Ingeniería Agronómica, Pecuaria y Afines, Agronomía, Otras Ingenierias,  Ingeniería Industrial y Afines, Ingeniería Biomédica y Afines, Medicina, Química y Afines, Biología, Microbiología y Afines, Bacteriología u Odontología.

Tarjeta o matrícula profesional, en los casos reglamentados por la Ley.

Título de postgrado en modalidad de especialización en áreas relacionadas con las funciones del cargo.";Treinta y un (31) meses de experiencia profesional relacionada.;31;"Título profesional de los Núcleos Básicoas de Conocimiento en: Medicina Veterinaria, Química y Afines, Ingeniería Química y Afines, Ingeniería Agroindustrial, Alimentos y Afines, Zootecnia, Ingeniería Agronómica, Pecuaria y Afines, Agronomía, Otras Ingenierias,  Ingeniería Industrial y Afines, Ingeniería Biomédica y Afines, Medicina, Química y Afines, Biología, Microbiología y Afines, Bacteriología u Odontología.

Tarjeta o matrícula profesional, en los casos reglamentados por la Ley.";Cincuenta y Cinco (55) meses de experiencia profesional relacionada.;55
41747;Elaborar y revisar los actos administrativos relacionados con los procesos sancionatorios derivados de las actividades de inspección, vigilancia y control efectuados por el instituto dentro de las competencias misionales establecidas para tal fin, conforme a las normas vigentes.;"Título profesional de los Núcleos Básicos de Conocimiento en: Derecho y Afines.

Tarjeta o matrícula profesional, en los casos reglamentados por la Ley.

Título de postgrado en la modalidad de especialización en áreas relacionadas con las funciones del cargo.";Treinta y un (31) meses de experiencia profesional relacionada.;31;"Título profesional de los Núcleos Básicos de Conocimiento en: Derecho y Afines.

Tarjeta o matrícula profesional, en los casos reglamentados por la Ley.";Cincuenta y Cinco (55) meses de experiencia profesional relacionada.;55
41748;Realizar actividades de apoyo y asistencia administrativa en el trámite y ejecución de los procesos llevados a cabo en la dependencia, de acuerdo con las disposiciones legales, reglamentarias y procedimientos vigentes.;Aprobación de cinco (5) años de educación básica secundaria.;Seis (6) meses de experiencia laboral.;6;;;
41749;Gestionar y liderar la implementación de proyectos y estrategias relacionadas con la infraestructura de sistemas tecnológicos y de comunicaciones del Instituto, servicios de apoyo, continencia, seguridad y el soporte tecnológico a la operación dentro de los acuerdos de servicio establecidos para el Instituto.;"Título profesional de los Núcleos Básicos de Conocimiento en: Ingeniería de Sistemas, Telemática y Afines o Ingeniería Electrónica, Telecomunicaciones y Afines.

Tarjeta o matrícula profesional, en los casos reglamentados por la Ley.

Título de postgrado en la modalidad de especialización en áreas relacionadas con las funciones del cargo.";Treinta y un (31) meses de experiencia profesional relacionada.;31;"Título profesional de los Núcleos Básicos de Conocimiento en: Ingeniería de Sistemas, Telemática y Afines o Ingeniería Electrónica, Telecomunicaciones y Afines.

Tarjeta o matrícula profesional, en los casos reglamentados por la Ley.";Cincuenta y cinco (55) meses de experiencia profesional relacionada.;55
41750;Realizar actividades de apoyo y asistencia administrativa en el trámite y ejecución de los procesos llevados a cabo en la dependencia, de acuerdo con las disposiciones legales, reglamentarias y procedimientos vigentes.;Aprobación de cinco (5) años de educación básica secundaria.;Seis (6) meses de experiencia laboral.;6;;;
41751;Cumplir con la inspección, vigilancia y control de los alimentos y bebidas, en concordancia con la legislación sanitaria, las políticas, directrices del Instituto y los procedimientos vigentes en cumplimiento de su misión institucional.;"Título profesional en: Medicina Veterinaria, Medicina Veterinaria y Zootecnia, Química Farmacéutica, Ingeniería Química, Química, Ingeniería de Alimentos, Bioquímica de Alimentos, Química de Alimentos, Ciencia y Tecnología de Alimentos, Ingeniería Industrial de Alimentos, Ingeniería Sanitaria y Ambiental, Microbiología Industrial, Microbiología, Zootecnia, Bacteriología, Ingeniería Ambiental, Ingeniería Agroindustrial, Ingeniería Agrícola, Ingeniería Sanitaria o Nutrición.

Tarjeta o matrícula profesional, en los casos reglamentados por la Ley.";Treinta (30) meses de experiencia profesional relacionada.;30;"Título profesional en: Medicina Veterinaria, Medicina Veterinaria y Zootecnia, Química Farmacéutica, Ingeniería Química, Química, Ingeniería de Alimentos, Bioquímica de Alimentos, Química de Alimentos, Ciencia y Tecnología de Alimentos, Ingeniería Industrial de Alimentos, Ingeniería Sanitaria y Ambiental, Microbiología Industrial, Microbiología, Zootecnia, Bacteriología, Ingeniería Ambiental, Ingeniería Agroindustrial, Ingeniería Agrícola, Ingeniería Sanitaria o Nutrición.

Tarjeta o matrícula profesional, en los casos reglamentados por la Ley.

Título de postgrado en la modalidad de especialización en áreas relacionadas con las funciones del cargo.";Seis (6) meses de experiencia profesional relacionada.;6
41752;Cumplir con la inspección, vigilancia y control de los alimentos y bebidas, en concordancia con la legislación sanitaria, las políticas, directrices del Instituto y los procedimientos vigentes en cumplimiento de su misión institucional.;"Título profesional en: Medicina Veterinaria, Medicina Veterinaria y Zootecnia, Química Farmacéutica, Ingeniería Química, Química, Ingeniería de Alimentos, Bioquímica de Alimentos, Química de Alimentos, Ciencia y Tecnología de Alimentos, Ingeniería Industrial de Alimentos, Ingeniería Sanitaria y Ambiental, Microbiología Industrial, Microbiología, Zootecnia, Bacteriología, Ingeniería Ambiental, Ingeniería Agroindustrial, Ingeniería Agrícola, Ingeniería Sanitaria o Nutrición.

Tarjeta o matrícula profesional, en los casos reglamentados por la Ley.";Treinta (30) meses de experiencia profesional relacionada.;30;"Título profesional en: Medicina Veterinaria, Medicina Veterinaria y Zootecnia, Química Farmacéutica, Ingeniería Química, Química, Ingeniería de Alimentos, Bioquímica de Alimentos, Química de Alimentos, Ciencia y Tecnología de Alimentos, Ingeniería Industrial de Alimentos, Ingeniería Sanitaria y Ambiental, Microbiología Industrial, Microbiología, Zootecnia, Bacteriología, Ingeniería Ambiental, Ingeniería Agroindustrial, Ingeniería Agrícola, Ingeniería Sanitaria o Nutrición.

Tarjeta o matrícula profesional, en los casos reglamentados por la Ley.

Título de postgrado en la modalidad de especialización en áreas relacionadas con las funciones del cargo.";Seis (6) meses de experiencia profesional relacionada.;6
41864;Realizar actividades técnicas y administrativas a la Oficina Asesora Jurídica buscando dar respuesta oportuna a los diferentes requerimientos y proponer diseño de metodologías de procesamiento de información en procura de mejorar los resultados del trabajo.;"Título de formación Tecnológica de los Núcleos Básicos de Conocimiento en: Administración o Derecho y Afines.

Certificado de inscripción profesional, en los casos reglamentados por la Ley.";Nueve (9) meses de experiencia relacionada o laboral.;9;Diploma de Bachiller en cualquier modalidad.;Cuarenta y cinco (45) meses de experiencia relacionada.;45
41864;Realizar actividades técnicas y administrativas a la Oficina Asesora Jurídica buscando dar respuesta oportuna a los diferentes requerimientos y proponer diseño de metodologías de procesamiento de información en procura de mejorar los resultados del trabajo.;Aprobación de dos (2) años de educación superior en la modalidad de formación tecnológica o universitaria de los Núcleos Básicos de Conocimiento en: Administración o Derecho y Afines.;Nueve (9) meses de experiencia relacionada o laboral.;9;Aprobación de un (1) año de educación superior en la modalidad de formación tecnológica o universitaria de los Núcleos Básicos de Conocimiento en: Administración o Derecho y Afines.;Veintiún (21) meses de experiencia relacionada.;21
41755;Desarrollar acciones para la implementación de negociaciones y acuerdos internacionales, planes, proyectos y estrategias que permitan al Instituto cumplir con los compromisos internacionales adquiridos en relación con los productos y actividades de competencia del INVIMA.;"Título profesional de los Núcleos Básicos de Conocimiento en:  Ingeniería Agroindustrial, Alimentos y Afines,  Medicina Veterinaria y Zootecnia.

Tarjeta o matrícula profesional, en los casos reglamentados por la Ley.

Título de Postgrado en la modalidad de especialización en áreas relacionadas.";Treinta y un (31) meses de experiencia profesional relacionada.;31;"Título profesional de los Núcleos Básicos de Conocimiento en:  Ingeniería Agroindustrial, Alimentos y Afines,  Medicina Veterinaria y Zootecnia.

Tarjeta o matrícula profesional, en los casos reglamentados por la Ley.";Cincuenta y cinco (55) meses de experiencia profesional relacionada.;55
41756;Aplicar los conocimientos en el mejoramiento continuo de los procesos administrativos y mejorar la ejecución de los procedimientos de la dependencia donde se encuentre ubicado el cargo.;"Título de formación Tecnológica de los Núcleos Básicos de Conocimiento en: Administración o Ingeniería Industrial y Afines.

Certificado de inscripción profesional, en los casos reglamentados por la Ley.";Nueve (9) meses de experiencia relacionada o laboral.;9;Diploma de Bachiller en cualquier modalidad.;Cuarenta y cinco (45) meses de experiencia relacionada.;45
41756;Aplicar los conocimientos en el mejoramiento continuo de los procesos administrativos y mejorar la ejecución de los procedimientos de la dependencia donde se encuentre ubicado el cargo.;Aprobación de tres (3) años de educación superior en la modalidad de formación tecnológica o universitaria de los Núcleos Básicos de Conocimiento en: Administración o Ingeniería Industrial y Afines.;Nueve (9) meses de experiencia relacionada o laboral.;9;Aprobación de un (1) año de educación superior en la modalidad de formación tecnológica o universitaria de los Núcleos Básicos de Conocimiento en: Administración o Ingeniería Industrial y Afines.;Veintiún (21) meses de experiencia relacionada;21
41759;Soportar la realización de las actividades que contribuyan a la ejecución adecuada de las políticas, planes, programas y proyectos relacionados con el registro sanitario, notificación sanitaria, inspección, vigilancia y control sanitario de los productos cosméticos, de higiene doméstica, absorbentes de higiene personal y plaguicidas de uso doméstico de acuerdo con la normatividad sanitaria legal vigente.;"Título de formación tecnológica de los Núcleos Básicos de Conocimiento en: Administración, Ingeniería Industrial y Afines, Bibliotecología, Otros de Ciencias Sociales y Humanas, Biología, Microbiología y Afines, o Química y Afines.

Certificado de inscripción profesional, en los casos reglamentados por la Ley.";Nueve (9) meses de experiencia relacionada o laboral.;9;Diploma de Bachiller en cualquier modalidad.;Cuarenta y cinco (45) meses de experiencia relacionada.;45
41759;Soportar la realización de las actividades que contribuyan a la ejecución adecuada de las políticas, planes, programas y proyectos relacionados con el registro sanitario, notificación sanitaria, inspección, vigilancia y control sanitario de los productos cosméticos, de higiene doméstica, absorbentes de higiene personal y plaguicidas de uso doméstico de acuerdo con la normatividad sanitaria legal vigente.;Aprobación de tres (3) años de educación superior en la modalidad de formación tecnológica o universitaria de los Núcleos Básicos de Conocimiento en: Administración, Ingeniería Industrial y Afines, Bibliotecología, Otros de Ciencias Sociales y Humanas, Biología, Microbiología y Afines, o Química y Afines.;Nueve (9) meses de experiencia relacionada o laboral.;9;Aprobación de un (1) año de educación superior en modalidad de formación tecnológica o universitaria de los Núcleos Básicos de Conocimiento en: Administración, Ingeniería Industrial y Afines, Bibliotecología, Otros de Ciencias Sociales y Humanas, Biología, Microbiología y Afines, o Química y Afines.;Veintiún (21) meses de experiencia relacionada;21
41760;Brindar el soporte jurídico en el desarrollo de las funciones del Instituto en aras del cumplimiento cabal de los objetivos institucionales, así como defender los intereses del Instituto a través de la defensa judicial y extrajudicial y haciendo efectivas todas aquellas acreencias a favor del INVIMA, de acuerdo con las normas vigentes.;"Título Profesional de los Núcleos Básicos de Conocimiento en Derecho y Afines.

Tarjeta o matricula profesional en los casos reglamentados por la ley.

Título de postgrado en la modalidad de Especialización en áreas relacionadas con las funciones del cargo.";Treinta y un (31) meses de experiencia profesional relacionada.;31;"Título Profesional de los Núcleos Básicos de Conocimiento en Derecho y Afines.

Tarjeta o matricula profesional en los casos reglamentados por la ley.";Cincuenta y cinco (55) meses de experiencia profesional relacionada.;55
41762;Planear, diseñar y desarrollar los proyectos y actividades que permitan el mantenimiento y mejora continua del Sistema de Gestión Integrado del Invima, de acuerdo con los requisitos legales y normativos, políticas institucionales y necesidades de las partes interesadas.;"Título profesional de los Núcleos básicos de Conocimiento en: Administración, Contaduría Pública, Economía, Ingeniería Industrial y Afines, Derecho y Afines, Ingeniería Administrativa y Afines, Ingeniería Ambiental, Sanitaria y Afines o Biología, Microbiología y Afines.

Tarjeta o matrícula profesional, en los casos reglamentados por la Ley

Título de postgrado en la modalidad de especialización en áreas relacionadas con las funciones del cargo";Treinta y un (31) meses de experiencia profesional relacionada;31;"Título profesional de los Núcleos básicos de Conocimiento en: Administración, Contaduría Pública, Economía, Ingeniería Industrial y Afines, Derecho y Afines, Ingeniería Administrativa y Afines, Ingeniería Ambiental, Sanitaria y Afines o Biología, Microbiología y Afines.

Tarjeta o matrícula profesional, en los casos reglamentados por la Ley";Cincuenta y cinco (55) meses de experiencia profesional relacionadac;55
41764;Preparar y presentar las estrategias e instrumentos definidos para la ejecución adecuada de las políticas, planes, programas y proyectos de vigilancia y control de calidad de los dispositivos médicos y otras tecnologías.;"Título de formación Tecnológica de los Núcleos Básicos de Conocimiento en: Ingeniería Biomédica y Afines, Otras Ingenierías, Ingeniería Química y Afines, Bacteriología.

Certificado de inscripción profesional, en los casos reglamentados por la Ley.";Nueve (9) meses de experiencia relacionada o laboral.;9;Diploma de Bachiller en cualquier modalidad.;Cuarenta y cinco (45) meses de experiencia relacionada.;45
41764;Preparar y presentar las estrategias e instrumentos definidos para la ejecución adecuada de las políticas, planes, programas y proyectos de vigilancia y control de calidad de los dispositivos médicos y otras tecnologías.;Aprobación de tres (3) años de educación superior en la modalidad de formación tecnológica o universitaria de los Núcleos Básicos de Conocimiento en: Ingeniería Biomédica y Afines, Otras Ingenierías, Ingeniería Química y Afines, Bacteriología;Nueve (9) meses de experiencia relacionada o laboral.;9;Aprobación de un (1) año de educación superior en la modalidad de formación tecnológica o universitaria de los Núcleos Básicos de Conocimiento en: Ingeniería Biomédica y Afines, Otras Ingenierías, Ingeniería Química y Afines, Bacteriología.;Veintiún (21) meses de experiencia relacionada.;21
41775;Realizar actividades de apoyo técnico y administrativo dentro de la Dirección de Medicamentos y Productos Biológicos, en concordancia con la legislación sanitaria, procedimientos, políticas y directrices vigentes.;"Título de formación Tecnológica de los Núcleos Básicos de Conocimiento en: Química y Afines, Administración, Economía, Ingeniería de Sistemas, Telemática y Afines o Bibliotecología, Otros de Ciencias Sociales y Humanas.

Certificado de inscripción profesional, en los casos reglamentados por la Ley.";Nueve (9) meses de experiencia relacionada o laboral.;9;Diploma de Bachiller en cualquier modalidad.;Cuarenta y cinco (45) meses de experiencia relacionada.;45
41775;Realizar actividades de apoyo técnico y administrativo dentro de la Dirección de Medicamentos y Productos Biológicos, en concordancia con la legislación sanitaria, procedimientos, políticas y directrices vigentes.;Aprobación de tres (3) años de educación superior en la modalidad de formación tecnológica o universitaria de los Núcleos Básicos de Conocimiento en: Química y Afines, Administración, Economía, Ingeniería de Sistemas, Telemática y Afines o Bibliotecología, Otros de Ciencias Sociales y Humanas.;Nueve (9) meses de experiencia relacionada o laboral.;9;Aprobación de un (1) año de educación superior en la modalidad de formación tecnológica o universitaria de los Núcleos Básicos de Conocimiento en: Química y Afines, Administración, Economía, Ingeniería de Sistemas, Telemática y Afines o Bibliotecología, Otros de Ciencias Sociales y Humanas.;Veintiún (21) meses de experiencia relacionada;21
41776;Realizar actividades de apoyo técnico y administrativo dentro de la Dirección de Medicamentos y Productos Biológicos, en concordancia con la legislación sanitaria, procedimientos, políticas y directrices vigentes.;"Título de formación Tecnológica de los Núcleos Básicos de Conocimiento en: Química y Afines, Administración, Economía, Ingeniería de Sistemas, Telemática y Afines o Bibliotecología, Otros de Ciencias Sociales y Humanas.

Certificado de inscripción profesional, en los casos reglamentados por la Ley.";Nueve (9) meses de experiencia relacionada o laboral.;9;Diploma de Bachiller en cualquier modalidad.;Cuarenta y cinco (45) meses de experiencia relacionada.;45
41776;Realizar actividades de apoyo técnico y administrativo dentro de la Dirección de Medicamentos y Productos Biológicos, en concordancia con la legislación sanitaria, procedimientos, políticas y directrices vigentes.;Aprobación de tres (3) años de educación superior en la modalidad de formación tecnológica o universitaria de los Núcleos Básicos de Conocimiento en: Química y Afines, Administración, Economía, Ingeniería de Sistemas, Telemática y Afines o Bibliotecología, Otros de Ciencias Sociales y Humanas.;Nueve (9) meses de experiencia relacionada o laboral.;9;Aprobación de un (1) año de educación superior en la modalidad de formación tecnológica o universitaria de los Núcleos Básicos de Conocimiento en: Química y Afines, Administración, Economía, Ingeniería de Sistemas, Telemática y Afines o Bibliotecología, Otros de Ciencias Sociales y Humanas.;Veintiún (21) meses de experiencia relacionada;21
41777;Coordinar y ser el líder técnico del Grupo del Laboratorio Físico mecánico de Dispositivos Médicos y Otras Tecnologías en  el desarrollo e implementación de métodos de ensayos para el control de calidad de los productos competencia de la Dirección de Dispositivos Médicos y Otras Tecnologías, así como garantizar el cumplimiento de los estándares técnicos requeridos;"Título profesional de los Núcleos Básicos de Conocimiento en: Ingeniería Química y Afines, Ingeniería Biomédica y Afines, Ingeniería Mecánica y Afines.

Tarjeta o matricula profesional, en los casos reglamentados por la ley.

Título de postgrado en la modalidad de especialización en áreas relacionadas con las funciones del cargo.";Treinta y un (31) meses de experiencia profesional relacionada.;31;"Título profesional de los Núcleos Básicos de Conocimiento en: Ingeniería Química y Afines, Ingeniería Biomédica y Afines, Ingeniería Mecánica y Afines.

Tarjeta o matricula profesional, en los casos reglamentados por la ley.";Cincuenta y cinco (55) meses de experiencia profesional relacionada.;55
41778;Gestionar y liderar la implementación de proyectos y estrategias de gestión de información en función de una mejora continua que permita disponer de los datos de forma oportuna, confiable y segura para la toma de decisiones a todos los niveles de la Institución.;"Título profesional de los Núcleos Básicos de Conocimiento en: Ingeniería de Sistemas, Telemática y Afines o Ingeniería Electrónica, Telecomunicaciones y Afines.

Tarjeta o matrícula profesional, en los casos reglamentados por la Ley.

Título de postgrado en la modalidad de especialización en áreas relacionadas con las funciones del cargo.";Treinta y un (31) meses de experiencia profesional relacionada.;31;"Título profesional de los Núcleos Básicos de Conocimiento en: Ingeniería de Sistemas, Telemática y Afines o Ingeniería Electrónica, Telecomunicaciones y Afines.

Tarjeta o matrícula profesional, en los casos reglamentados por la Ley.";Cincuenta y cinco (55) meses de experiencia profesional relacionada.;55
41779;Realizar actividades de apoyo técnico y asistencial que permitan la Inspección, Vigilancia y Control de Alimentos y materias primas para la fabricación de los mismos en el Grupo de Trabajo asignado y en particular en el puerto, aeropuerto o paso fronterizo, según sea el caso, en concordancia con la legislación y procedimientos vigentes y las políticas y directrices del Instituto.;"Título de formación Tecnológica en: Alimentos, Química, Saneamiento Ambiental, Tecnología Pesquera.

Certificado de inscripción profesional, en los casos reglamentados por la Ley.";No requiere experiencia relacionada o laboral.;;Diploma de Bachiller en cualquier modalidad.;Treinta y seis (36) meses de experiencia relacionada o laboral.;36
41779;Realizar actividades de apoyo técnico y asistencial que permitan la Inspección, Vigilancia y Control de Alimentos y materias primas para la fabricación de los mismos en el Grupo de Trabajo asignado y en particular en el puerto, aeropuerto o paso fronterizo, según sea el caso, en concordancia con la legislación y procedimientos vigentes y las políticas y directrices del Instituto.;Aprobación de tres (3) años de educación superior en Ingeniería de Alimentos, Medicina Veterinaria, Ingeniería Química, Bioquímica de Alimentos, Química de Alimentos, Ciencia y Tecnología de Alimentos, Ingeniería Industrial de Alimentos, Microbióloga Industrial, Ingeniería Pesquera o Agronomía;Nueve (9) meses de experiencia relacionada o laboral.;9;Aprobación de dos (2) años de educación superior en Ingeniería de Alimentos, Medicina Veterinaria, Ingeniería Química, Bioquímica de Alimentos, Química de Alimentos, Ciencia y Tecnología de Alimentos, Ingeniería Industrial de Alimentos, Microbióloga Industrial, Ingeniería Pesquera, Agronomía.;Veintiún (21) meses de experiencia relacionada o laboral.;21
41780;Apoyar y recomendar legalmente en todos los asuntos de competencia de la dependencia y de los programas del Instituto.;"Título profesional  de los Núcleos Básicos de Conocimiento en: Derecho y Afines.

Tarjeta o matrícula profesional, en los casos reglamentados por la Ley.

Título de postgrado en la modalidad de especialización en áreas relacionadas con las funciones del cargo.";Treinta y un (31) meses de experiencia profesional relacionada.;31;"Título profesional  de los Núcleos Básicos de Conocimiento en: Derecho y Afines.

Tarjeta o matrícula profesional, en los casos reglamentados por la Ley.";Cincuenta y cinco (55) meses de experiencia profesional relacionada.;55
41783;Desarrollar, analizar y apoyar la ejecución y seguimiento de procesos administrativos, operativos, financieros o presupuestales para el buen funcionamiento de las operaciones de la dependencia.;"Título profesional de los Núcleos Básicos de Conocimiento en: Ingeniería Industrial y Afines, Derecho y Afines, Economía, Administración o Contaduría Pública.

Tarjeta o matrícula profesional, en los casos reglamentados por la Ley.

Título de postgrado en la modalidad de especialización en áreas relacionadas con las funciones del cargo.";Diecinueve (19) meses de experiencia profesional relacionada.;19;"Título profesional de los Núcleos Básicos de Conocimiento en: Ingeniería Industrial y Afines, Derecho y Afines, Economía, Administración o Contaduría Pública.

Tarjeta o matrícula profesional, en los casos reglamentados por la Ley.";Cuarenta y tres (43) meses de experiencia profesional relacionada.;43
41785;Realizar actividades de apoyo técnico y asistencial que permitan la Inspección, Vigilancia y Control de Alimentos y materias primas para la fabricación de los mismos en el Grupo de Trabajo asignado y en particular en el puerto, aeropuerto o paso fronterizo, según sea el caso, en concordancia con la legislación y procedimientos vigentes y las políticas y directrices del Instituto.;"Título de formación Tecnológica en: Alimentos, Química, Saneamiento Ambiental, Tecnología Pesquera.

Certificado de inscripción profesional, en los casos reglamentados por la Ley.";No requiere experiencia relacionada o laboral.;;Diploma de Bachiller en cualquier modalidad.;Treinta y seis (36) meses de experiencia relacionada o laboral.;36
41785;Realizar actividades de apoyo técnico y asistencial que permitan la Inspección, Vigilancia y Control de Alimentos y materias primas para la fabricación de los mismos en el Grupo de Trabajo asignado y en particular en el puerto, aeropuerto o paso fronterizo, según sea el caso, en concordancia con la legislación y procedimientos vigentes y las políticas y directrices del Instituto.;Aprobación de tres (3) años de educación superior en Ingeniería de Alimentos, Medicina Veterinaria, Ingeniería Química, Bioquímica de Alimentos, Química de Alimentos, Ciencia y Tecnología de Alimentos, Ingeniería Industrial de Alimentos, Microbióloga Industrial, Ingeniería Pesquera o Agronomía;Nueve (9) meses de experiencia relacionada o laboral.;9;Aprobación de dos (2) años de educación superior en Ingeniería de Alimentos, Medicina Veterinaria, Ingeniería Química, Bioquímica de Alimentos, Química de Alimentos, Ciencia y Tecnología de Alimentos, Ingeniería Industrial de Alimentos, Microbióloga Industrial, Ingeniería Pesquera, Agronomía.;Veintiún (21) meses de experiencia relacionada o laboral.;21
41784;Realizar actividades de apoyo técnico y asistencial que permitan la Inspección, Vigilancia y Control de Alimentos y materias primas para la fabricación de los mismos en el Grupo de Trabajo asignado y en particular en el puerto, aeropuerto o paso fronterizo, según sea el caso, en concordancia con la legislación y procedimientos vigentes y las políticas y directrices del Instituto.;"Título de formación Tecnológica en: Alimentos, Química, Saneamiento Ambiental, Tecnología Pesquera.

Certificado de inscripción profesional, en los casos reglamentados por la Ley.";No requiere experiencia relacionada o laboral.;;Diploma de Bachiller en cualquier modalidad.;Treinta y seis (36) meses de experiencia relacionada o laboral.;36
41784;Realizar actividades de apoyo técnico y asistencial que permitan la Inspección, Vigilancia y Control de Alimentos y materias primas para la fabricación de los mismos en el Grupo de Trabajo asignado y en particular en el puerto, aeropuerto o paso fronterizo, según sea el caso, en concordancia con la legislación y procedimientos vigentes y las políticas y directrices del Instituto.;Aprobación de tres (3) años de educación superior en Ingeniería de Alimentos, Medicina Veterinaria, Ingeniería Química, Bioquímica de Alimentos, Química de Alimentos, Ciencia y Tecnología de Alimentos, Ingeniería Industrial de Alimentos, Microbióloga Industrial, Ingeniería Pesquera o Agronomía;Nueve (9) meses de experiencia relacionada o laboral.;9;Aprobación de dos (2) años de educación superior en Ingeniería de Alimentos, Medicina Veterinaria, Ingeniería Química, Bioquímica de Alimentos, Química de Alimentos, Ciencia y Tecnología de Alimentos, Ingeniería Industrial de Alimentos, Microbióloga Industrial, Ingeniería Pesquera, Agronomía.;Veintiún (21) meses de experiencia relacionada o laboral.;21
41786;Realizar actividades de apoyo técnico que permitan la inspección física sanitaria de Alimentos y materias primas para los mismos, con destino a la importación o exportación para consumo humano, en puertos marítimos y fluviales, aeropuertos y pasos fronterizos, en concordancia con la legislación sanitaria, procedimientos, políticas y directrices vigentes.;"Título de formación tecnológica de los Núcleos Básicos de Conocimiento en: Ingeniería Agroindustrial, Alimentos y Afines, Química y Afines, Zootecnia, Ingeniería Ambiental, Sanitaria y Afines o Ingeniería Agronómica, Pecuaria y Afines.

Certificado de inscripción profesional, en los casos reglamentados por la Ley.";Nueve (9) meses de experiencia relacionada o laboral.;9;Diploma de Bachiller en cualquier modalidad.;Cuarenta y cinco (45) meses de experiencia relacionada.;45
41786;Realizar actividades de apoyo técnico que permitan la inspección física sanitaria de Alimentos y materias primas para los mismos, con destino a la importación o exportación para consumo humano, en puertos marítimos y fluviales, aeropuertos y pasos fronterizos, en concordancia con la legislación sanitaria, procedimientos, políticas y directrices vigentes.;Aprobación de tres (3) años de educación superior en la modalidad de formación tecnológica o universitaria de los Núcleos Básicos de Conocimiento en: Ingeniería Agroindustrial, Alimentos y Afines, Química y Afines, Zootecnia, Ingeniería Ambiental, Sanitaria y Afines o Ingeniería Agronómica, Pecuaria y Afines.;Nueve (9) meses de experiencia relacionada o laboral.;9;Aprobación de un (1) año de educación superior en modalidad de formación tecnológica o universitaria de los Núcleos Básicos de Conocimiento en: Ingeniería Agroindustrial, Alimentos y Afines, Química y Afines, Zootecnia, Ingeniería Ambiental, Sanitaria y Afines o Ingeniería Agronómica, Pecuaria y Afines.;Veintiún (21) meses de experiencia relacionada;21
41787;Analizar, sustentar, recomendar y definir los conceptos y decisiones que legalmente deben tomarse en todos los asuntos de competencia de la dependencia y de los programas del Instituto.;"Título profesional de los Núcleos Básicos de Conocimiento en: Derecho y Afines.

Tarjeta o matrícula profesional, en los casos reglamentados por la Ley.

Título de postgrado en la modalidad de especialización en áreas relacionadas con las funciones del cargo.";Diecinueve (19) meses de experiencia profesional relacionada.;19;"Título profesional de los Núcleos Básicos de Conocimiento en: Derecho y Afines.

Tarjeta o matrícula profesional, en los casos reglamentados por la Ley.";Cuarenta y tres (43) meses de experiencia profesional relacionada.;43
41792;Realizar actividades de apoyo técnico que permitan la inspección física sanitaria de Alimentos y materias primas para los mismos, con destino a la importación o exportación para consumo humano, en puertos marítimos y fluviales, aeropuertos y pasos fronterizos, en concordancia con la legislación sanitaria, procedimientos, políticas y directrices vigentes.;"Título de formación tecnológica de los Núcleos Básicos de Conocimiento en: Ingeniería Agroindustrial, Alimentos y Afines, Química y Afines, Zootecnia, Ingeniería Ambiental, Sanitaria y Afines o Ingeniería Agronómica, Pecuaria y Afines.

Certificado de inscripción profesional, en los casos reglamentados por la Ley.";Nueve (9) meses de experiencia relacionada o laboral.;9;Diploma de Bachiller en cualquier modalidad.;Cuarenta y cinco (45) meses de experiencia relacionada.;45
41792;Realizar actividades de apoyo técnico que permitan la inspección física sanitaria de Alimentos y materias primas para los mismos, con destino a la importación o exportación para consumo humano, en puertos marítimos y fluviales, aeropuertos y pasos fronterizos, en concordancia con la legislación sanitaria, procedimientos, políticas y directrices vigentes.;Aprobación de tres (3) años de educación superior en la modalidad de formación tecnológica o universitaria de los Núcleos Básicos de Conocimiento en: Ingeniería Agroindustrial, Alimentos y Afines, Química y Afines, Zootecnia, Ingeniería Ambiental, Sanitaria y Afines o Ingeniería Agronómica, Pecuaria y Afines.;Nueve (9) meses de experiencia relacionada o laboral.;9;Aprobación de un (1) año de educación superior en modalidad de formación tecnológica o universitaria de los Núcleos Básicos de Conocimiento en: Ingeniería Agroindustrial, Alimentos y Afines, Química y Afines, Zootecnia, Ingeniería Ambiental, Sanitaria y Afines o Ingeniería Agronómica, Pecuaria y Afines.;Veintiún (21) meses de experiencia relacionada;21
41788;Realizar actividades de apoyo técnico que permitan la inspección física sanitaria de Alimentos y materias primas para los mismos, con destino a la importación o exportación para consumo humano, en puertos marítimos y fluviales, aeropuertos y pasos fronterizos, en concordancia con la legislación sanitaria, procedimientos, políticas y directrices vigentes.;"Título de formación tecnológica de los Núcleos Básicos de Conocimiento en: Ingeniería Agroindustrial, Alimentos y Afines, Química y Afines, Zootecnia, Ingeniería Ambiental, Sanitaria y Afines o Ingeniería Agronómica, Pecuaria y Afines.

Certificado de inscripción profesional, en los casos reglamentados por la Ley.";Nueve (9) meses de experiencia relacionada o laboral.;9;Diploma de Bachiller en cualquier modalidad.;Cuarenta y cinco (45) meses de experiencia relacionada.;45
41788;Realizar actividades de apoyo técnico que permitan la inspección física sanitaria de Alimentos y materias primas para los mismos, con destino a la importación o exportación para consumo humano, en puertos marítimos y fluviales, aeropuertos y pasos fronterizos, en concordancia con la legislación sanitaria, procedimientos, políticas y directrices vigentes.;Aprobación de tres (3) años de educación superior en la modalidad de formación tecnológica o universitaria de los Núcleos Básicos de Conocimiento en: Ingeniería Agroindustrial, Alimentos y Afines, Química y Afines, Zootecnia, Ingeniería Ambiental, Sanitaria y Afines o Ingeniería Agronómica, Pecuaria y Afines.;Nueve (9) meses de experiencia relacionada o laboral.;9;Aprobación de un (1) año de educación superior en modalidad de formación tecnológica o universitaria de los Núcleos Básicos de Conocimiento en: Ingeniería Agroindustrial, Alimentos y Afines, Química y Afines, Zootecnia, Ingeniería Ambiental, Sanitaria y Afines o Ingeniería Agronómica, Pecuaria y Afines.;Veintiún (21) meses de experiencia relacionada;21
41790;Realizar actividades de apoyo técnico que permitan la inspección física sanitaria de Alimentos y materias primas para los mismos, con destino a la importación o exportación para consumo humano, en puertos marítimos y fluviales, aeropuertos y pasos fronterizos, en concordancia con la legislación sanitaria, procedimientos, políticas y directrices vigentes.;"Título de formación tecnológica de los Núcleos Básicos de Conocimiento en: Ingeniería Agroindustrial, Alimentos y Afines, Química y Afines, Zootecnia, Ingeniería Ambiental, Sanitaria y Afines o Ingeniería Agronómica, Pecuaria y Afines.

Certificado de inscripción profesional, en los casos reglamentados por la Ley.";Nueve (9) meses de experiencia relacionada o laboral.;9;Diploma de Bachiller en cualquier modalidad.;Cuarenta y cinco (45) meses de experiencia relacionada.;45
41790;Realizar actividades de apoyo técnico que permitan la inspección física sanitaria de Alimentos y materias primas para los mismos, con destino a la importación o exportación para consumo humano, en puertos marítimos y fluviales, aeropuertos y pasos fronterizos, en concordancia con la legislación sanitaria, procedimientos, políticas y directrices vigentes.;Aprobación de tres (3) años de educación superior en la modalidad de formación tecnológica o universitaria de los Núcleos Básicos de Conocimiento en: Ingeniería Agroindustrial, Alimentos y Afines, Química y Afines, Zootecnia, Ingeniería Ambiental, Sanitaria y Afines o Ingeniería Agronómica, Pecuaria y Afines.;Nueve (9) meses de experiencia relacionada o laboral.;9;Aprobación de un (1) año de educación superior en modalidad de formación tecnológica o universitaria de los Núcleos Básicos de Conocimiento en: Ingeniería Agroindustrial, Alimentos y Afines, Química y Afines, Zootecnia, Ingeniería Ambiental, Sanitaria y Afines o Ingeniería Agronómica, Pecuaria y Afines.;Veintiún (21) meses de experiencia relacionada;21
41793;Apoyar la ejecución, seguimiento de procesos administrativos, operativos, financieros o presupuestales para el buen funcionamiento de la dependencia.;"Título profesional de los Núcleos Básicos de Conocimiento en: Ingeniería Industrial y Afines, Derecho y Afines, Economía, Administración o Contaduría Pública.

Tarjeta o matrícula profesional, en los casos reglamentados por la Ley.";Treinta (30) meses de experiencia profesional relacionada.;30;"Título profesional de los Núcleos Básicos de Conocimiento en: Ingeniería Industrial y Afines, Derecho y Afines, Economía, Administración o Contaduría Pública.

Tarjeta o matrícula profesional, en los casos reglamentados por la Ley.

Título de postgrado en modalidad de especialización en áreas relacionadas con las funciones del cargo.";Seis (6) meses de experiencia profesional relacionada.;6
41794;Ejecutar los instrumentos para la ejecución de las políticas, desarrollo de planes, programas y proyectos de inspección, vigilancia y control bajo el enfoque de riesgo de los productos competencia de la Dirección.;"Título profesional de los Núcleos Básicos de Conocimiento en:  Bacteriología, Ingeniería Química y Afines, Odontología, Ingeniería Biomédica y Afines, Otras Ingenierías, Oftalmología u Optometría, Otros Programas de Ciencias de la Salud.

Tarjeta o matrícula profesional, en los casos reglamentados por la Ley.

Título de postgrado en la modalidad de especialización en áreas relacionadas con las funciones del cargo.";Diecinueve (19) meses de experiencia profesional relacionada;19;"Título profesional de los Núcleos Básicos de Conocimiento en:  Bacteriología, Ingeniería Química y Afines, Odontología, Ingeniería Biomédica y Afines, Otras Ingenierías, Oftalmología u Optometría, Otros Programas de Ciencias de la Salud.

Tarjeta o matrícula profesional, en los casos reglamentados por la Ley.";Cuarenta y tres (43) meses de experiencia profesional relacionada.;43
41796;Realizar actividades de apoyo técnico que permitan la inspección física sanitaria de Alimentos y materias primas para los mismos, con destino a la importación o exportación para consumo humano, en puertos marítimos y fluviales, aeropuertos y pasos fronterizos, en concordancia con la legislación sanitaria, procedimientos, políticas y directrices vigentes.;"Título de formación tecnológica de los Núcleos Básicos de Conocimiento en: Ingeniería Agroindustrial, Alimentos y Afines, Química y Afines, Zootecnia, Ingeniería Ambiental, Sanitaria y Afines o Ingeniería Agronómica, Pecuaria y Afines.

Certificado de inscripción profesional, en los casos reglamentados por la Ley.";Nueve (9) meses de experiencia relacionada o laboral.;9;Diploma de Bachiller en cualquier modalidad.;Cuarenta y cinco (45) meses de experiencia relacionada.;45
41796;Realizar actividades de apoyo técnico que permitan la inspección física sanitaria de Alimentos y materias primas para los mismos, con destino a la importación o exportación para consumo humano, en puertos marítimos y fluviales, aeropuertos y pasos fronterizos, en concordancia con la legislación sanitaria, procedimientos, políticas y directrices vigentes.;Aprobación de tres (3) años de educación superior en la modalidad de formación tecnológica o universitaria de los Núcleos Básicos de Conocimiento en: Ingeniería Agroindustrial, Alimentos y Afines, Química y Afines, Zootecnia, Ingeniería Ambiental, Sanitaria y Afines o Ingeniería Agronómica, Pecuaria y Afines.;Nueve (9) meses de experiencia relacionada o laboral.;9;Aprobación de un (1) año de educación superior en modalidad de formación tecnológica o universitaria de los Núcleos Básicos de Conocimiento en: Ingeniería Agroindustrial, Alimentos y Afines, Química y Afines, Zootecnia, Ingeniería Ambiental, Sanitaria y Afines o Ingeniería Agronómica, Pecuaria y Afines.;Veintiún (21) meses de experiencia relacionada;21
41797;Realizar las actividades que se generen del manejo del sistema de información en la inspección vigilancia y control de los productos competencia del INVIMA, para la protección de la salud de la población, de acuerdo con las normas y procedimientos vigentes.;"Título profesional de los Núcleos Básicos de Conocimiento en: Medicina, Medicina Veterinaria, Zootecnia, Química y Afines, Ingeniería Química y Afines, Ingeniería Agroindustrial, Alimentos y Afines, Ingeniería Industrial y Afines, Ingeniería Agronómica, Pecuaria y Afines, Agronomía, Otras Ingenierías, Ingeniería Eléctrica y Afines, Bacteriología, Biología, Microbiología y Afines u Odontología, Ingeniería Biomédica y Afines.
 
Tarjeta o matrícula profesional, en los casos reglamentados por la Ley.";Treinta (30) meses de experiencia profesional relacionada.;30;"Título profesional de los Núcleos Básicos de Conocimiento en: Medicina, Medicina Veterinaria, Zootecnia, Química y Afines, Ingeniería Química y Afines, Ingeniería Agroindustrial, Alimentos y Afines, Ingeniería Industrial y Afines, Ingeniería Agronómica, Pecuaria y Afines, Agronomía, Otras Ingenierías, Ingeniería Eléctrica y Afines, Bacteriología, Biología, Microbiología y Afines u Odontología, Ingeniería Biomédica y Afines

Tarjeta o matrícula profesional, en los casos reglamentados por la Ley.

Título de postgrado en la modalidad de especialización en áreas relacionadas con las funciones del cargo.";Seis (6) meses de experiencia profesional relacionada.;6
41801;Realizar actividades de apoyo técnico que permitan la inspección física sanitaria de Alimentos y materias primas para los mismos, con destino a la importación o exportación para consumo humano, en puertos marítimos y fluviales, aeropuertos y pasos fronterizos, en concordancia con la legislación sanitaria, procedimientos, políticas y directrices vigentes.;"Título de formación tecnológica de los Núcleos Básicos de Conocimiento en: Ingeniería Agroindustrial, Alimentos y Afines, Química y Afines, Zootecnia, Ingeniería Ambiental, Sanitaria y Afines o Ingeniería Agronómica, Pecuaria y Afines.

Certificado de inscripción profesional, en los casos reglamentados por la Ley.";Nueve (9) meses de experiencia relacionada o laboral.;9;Diploma de Bachiller en cualquier modalidad.;Cuarenta y cinco (45) meses de experiencia relacionada.;45
41801;Realizar actividades de apoyo técnico que permitan la inspección física sanitaria de Alimentos y materias primas para los mismos, con destino a la importación o exportación para consumo humano, en puertos marítimos y fluviales, aeropuertos y pasos fronterizos, en concordancia con la legislación sanitaria, procedimientos, políticas y directrices vigentes.;Aprobación de tres (3) años de educación superior en la modalidad de formación tecnológica o universitaria de los Núcleos Básicos de Conocimiento en: Ingeniería Agroindustrial, Alimentos y Afines, Química y Afines, Zootecnia, Ingeniería Ambiental, Sanitaria y Afines o Ingeniería Agronómica, Pecuaria y Afines.;Nueve (9) meses de experiencia relacionada o laboral.;9;Aprobación de un (1) año de educación superior en modalidad de formación tecnológica o universitaria de los Núcleos Básicos de Conocimiento en: Ingeniería Agroindustrial, Alimentos y Afines, Química y Afines, Zootecnia, Ingeniería Ambiental, Sanitaria y Afines o Ingeniería Agronómica, Pecuaria y Afines.;Veintiún (21) meses de experiencia relacionada;21
41798;Realizar las actividades que se generen del manejo del sistema de información en la inspección vigilancia y control de los productos competencia del INVIMA, para la protección de la salud de la población, de acuerdo con las normas y procedimientos vigentes.;"Título profesional de los Núcleos Básicos de Conocimiento en: Medicina, Medicina Veterinaria, Zootecnia, Química y Afines, Ingeniería Química y Afines, Ingeniería Agroindustrial, Alimentos y Afines, Ingeniería Industrial y Afines, Ingeniería Agronómica, Pecuaria y Afines, Agronomía, Otras Ingenierías, Ingeniería Eléctrica y Afines, Bacteriología, Biología, Microbiología y Afines u Odontología, Ingeniería Biomédica y Afines.
 
Tarjeta o matrícula profesional, en los casos reglamentados por la Ley.";Treinta (30) meses de experiencia profesional relacionada.;30;"Título profesional de los Núcleos Básicos de Conocimiento en: Medicina, Medicina Veterinaria, Zootecnia, Química y Afines, Ingeniería Química y Afines, Ingeniería Agroindustrial, Alimentos y Afines, Ingeniería Industrial y Afines, Ingeniería Agronómica, Pecuaria y Afines, Agronomía, Otras Ingenierías, Ingeniería Eléctrica y Afines, Bacteriología, Biología, Microbiología y Afines u Odontología, Ingeniería Biomédica y Afines

Tarjeta o matrícula profesional, en los casos reglamentados por la Ley.

Título de postgrado en la modalidad de especialización en áreas relacionadas con las funciones del cargo.";Seis (6) meses de experiencia profesional relacionada.;6
41799;Ejecutar las acciones de inspección, vigilancia y control, expedición de registros sanitarios y laboratorios de acuerdo a los planes y programas establecidos en la entidad, para los productos de competencia de la Dirección de Dispositivos Médicos y otras Tecnologías.;"Título profesional de los Núcleos Básicos de Conocimiento en: Bacteriología, Ingeniería Química y Afines, Odontología, Ingeniería Biomédica y Afines, Otras Ingenierías u Oftalmología.

Tarjeta o matrícula profesional, en los casos reglamentados por la Ley.

Título de postgrado en la modalidad de especialización en áreas relacionadas con las funciones del cargo.";Diecinueve (19) meses de experiencia profesional relacionada;19;"Título profesional de los Núcleos Básicos de Conocimiento en: Bacteriología, Ingeniería Química y Afines, Odontología, Ingeniería Biomédica y Afines, Otras Ingenierías u Oftalmología.

Tarjeta o matrícula profesional, en los casos reglamentados por la Ley.";Cuarenta y tres (43) meses de experiencia profesional relacionada.;43
41800;Estudiar los aspectos legales de las solicitudes de Registros Sanitarios de los productos competencia de la Dirección de Medicamentos y Productos Biológicos.;"Título profesional de los Núcleos Básicos de Conocimiento en: Derecho y Afines.
 
Tarjeta o matrícula profesional, en los casos reglamentados por la Ley.

Título de postgrado en la modalidad de especialización en áreas relacionadas con las funciones del cargo.";Diecinueve (19) meses de experiencia profesional relacionada.;19;"Título profesional de los Núcleos Básicos de Conocimiento en: Derecho y Afines.

Tarjeta o matrícula profesional, en los casos reglamentados por la Ley.";Cuarenta y tres (43) meses de experiencia profesional relacionada.;43
41802;Realizar actividades de apoyo técnico que permitan la inspección física sanitaria de Alimentos y materias primas para los mismos, con destino a la importación o exportación para consumo humano, en puertos marítimos y fluviales, aeropuertos y pasos fronterizos, en concordancia con la legislación sanitaria, procedimientos, políticas y directrices vigentes.;"Título de formación tecnológica de los Núcleos Básicos de Conocimiento en: Ingeniería Agroindustrial, Alimentos y Afines, Química y Afines, Zootecnia, Ingeniería Ambiental, Sanitaria y Afines o Ingeniería Agronómica, Pecuaria y Afines.

Certificado de inscripción profesional, en los casos reglamentados por la Ley.";Nueve (9) meses de experiencia relacionada o laboral.;9;Diploma de Bachiller en cualquier modalidad.;Cuarenta y cinco (45) meses de experiencia relacionada.;45
41802;Realizar actividades de apoyo técnico que permitan la inspección física sanitaria de Alimentos y materias primas para los mismos, con destino a la importación o exportación para consumo humano, en puertos marítimos y fluviales, aeropuertos y pasos fronterizos, en concordancia con la legislación sanitaria, procedimientos, políticas y directrices vigentes.;Aprobación de tres (3) años de educación superior en la modalidad de formación tecnológica o universitaria de los Núcleos Básicos de Conocimiento en: Ingeniería Agroindustrial, Alimentos y Afines, Química y Afines, Zootecnia, Ingeniería Ambiental, Sanitaria y Afines o Ingeniería Agronómica, Pecuaria y Afines.;Nueve (9) meses de experiencia relacionada o laboral.;9;Aprobación de un (1) año de educación superior en modalidad de formación tecnológica o universitaria de los Núcleos Básicos de Conocimiento en: Ingeniería Agroindustrial, Alimentos y Afines, Química y Afines, Zootecnia, Ingeniería Ambiental, Sanitaria y Afines o Ingeniería Agronómica, Pecuaria y Afines.;Veintiún (21) meses de experiencia relacionada;21
41803;Realizar las actividades que se generen del manejo del sistema de información en la inspección vigilancia y control de los productos competencia del INVIMA, para la protección de la salud de la población, de acuerdo con las normas y procedimientos vigentes.;"Título profesional de los Núcleos Básicos de Conocimiento en: Medicina, Medicina Veterinaria, Zootecnia, Química y Afines, Ingeniería Química y Afines, Ingeniería Agroindustrial, Alimentos y Afines, Ingeniería Industrial y Afines, Ingeniería Agronómica, Pecuaria y Afines, Agronomía, Otras Ingenierías, Ingeniería Eléctrica y Afines, Bacteriología, Biología, Microbiología y Afines u Odontología, Ingeniería Biomédica y Afines.
 
Tarjeta o matrícula profesional, en los casos reglamentados por la Ley.";Treinta (30) meses de experiencia profesional relacionada.;30;"Título profesional de los Núcleos Básicos de Conocimiento en: Medicina, Medicina Veterinaria, Zootecnia, Química y Afines, Ingeniería Química y Afines, Ingeniería Agroindustrial, Alimentos y Afines, Ingeniería Industrial y Afines, Ingeniería Agronómica, Pecuaria y Afines, Agronomía, Otras Ingenierías, Ingeniería Eléctrica y Afines, Bacteriología, Biología, Microbiología y Afines u Odontología, Ingeniería Biomédica y Afines

Tarjeta o matrícula profesional, en los casos reglamentados por la Ley.

Título de postgrado en la modalidad de especialización en áreas relacionadas con las funciones del cargo.";Seis (6) meses de experiencia profesional relacionada.;6
41804;Ejecutar las acciones de certificación,  inspección, vigilancia y control, expedición de registros sanitarios y laboratorios de acuerdo a los planes y programas establecidos en la entidad, para los productos de competencia de la Dirección de Medicamentos y Productos Biológicos.;"Título profesional de los Núcleos Básicos de Conocimiento en: Medicina, Química Farmacéutica, Bacteriología, Biología, Microbiología y Afines o Educación. 

Tarjeta o matrícula profesional, en los casos reglamentados por la Ley.

Título de postgrado en la modalidad de especialización en áreas relacionadas con las funciones del cargo.";Diecinueve (19) meses de experiencia profesional relacionada.;19;"Título profesional de los Núcleos Básicos de Conocimiento en: Medicina, Química Farmacéutica, Bacteriología, Biología, Microbiología y Afines o Educación.

Tarjeta o matrícula profesional, en los casos reglamentados por la Ley.";Cuarenta y tres (43) meses de experiencia profesional relacionada.;43
41805;Realizar las actividades que se generen del manejo del sistema de información en la inspección vigilancia y control de los productos competencia del INVIMA, para la protección de la salud de la población, de acuerdo con las normas y procedimientos vigentes.;"Título profesional de los Núcleos Básicos de Conocimiento en: Medicina, Medicina Veterinaria, Zootecnia, Química y Afines, Ingeniería Química y Afines, Ingeniería Agroindustrial, Alimentos y Afines, Ingeniería Industrial y Afines, Ingeniería Agronómica, Pecuaria y Afines, Agronomía, Otras Ingenierías, Ingeniería Eléctrica y Afines, Bacteriología, Biología, Microbiología y Afines u Odontología, Ingeniería Biomédica y Afines.
 
Tarjeta o matrícula profesional, en los casos reglamentados por la Ley.";Treinta (30) meses de experiencia profesional relacionada.;30;"Título profesional de los Núcleos Básicos de Conocimiento en: Medicina, Medicina Veterinaria, Zootecnia, Química y Afines, Ingeniería Química y Afines, Ingeniería Agroindustrial, Alimentos y Afines, Ingeniería Industrial y Afines, Ingeniería Agronómica, Pecuaria y Afines, Agronomía, Otras Ingenierías, Ingeniería Eléctrica y Afines, Bacteriología, Biología, Microbiología y Afines u Odontología, Ingeniería Biomédica y Afines

Tarjeta o matrícula profesional, en los casos reglamentados por la Ley.

Título de postgrado en la modalidad de especialización en áreas relacionadas con las funciones del cargo.";Seis (6) meses de experiencia profesional relacionada.;6
41806;Implementar los lineamientos para el  desarrollo de las acciones de inspección, vigilancia y control, apoyo técnico y científico a las salas especializadas, expedición de registros sanitarios y laboratorios de acuerdo a los planes y programas establecidos en la entidad, para los productos de competencia de la Dirección de Medicamentos y Productos Biológicos.;"Título profesional de los Núcleos Básicos de Conocimiento en: Química Farmacéutica.

Tarjeta o matrícula profesional, en los casos reglamentados por la Ley.

Título de postgrado en la modalidad de especialización en áreas relacionadas con las funciones del cargo.";Diecinueve (19) meses de experiencia profesional relacionada.;19;"Título profesional de los Núcleos Básicos de Conocimiento en: Química Farmacéutica.

 Tarjeta o matrícula profesional, en los casos reglamentados por la Ley.";Cuarenta y tres (43) meses de experiencia profesional relacionada.;43
41807;Realizar actividades de apoyo técnico, aplicando los conocimientos que permitan el mejoramiento continuo de los procesos administrativos y la ejecución de los procedimientos de la Dirección de Operaciones Sanitarias.;"Título de formación Tecnológica en: Administración, Ingeniería Industrial, Comercio Exterior, Sociología, Economía, y Afines.
Certificado de inscripción profesional, en los casos reglamentados por la Ley.";Nueve (9) meses de experiencia relacionada o laboral.;9;Diploma de Bachiller en cualquier modalidad.;Treinta y seis (36) meses de experiencia relacionada o laboral.;36
41807;Realizar actividades de apoyo técnico, aplicando los conocimientos que permitan el mejoramiento continuo de los procesos administrativos y la ejecución de los procedimientos de la Dirección de Operaciones Sanitarias.;"Título de formación Tecnológica en: Administración, Ingeniería Industrial, Comercio Exterior, Sociología, Economía, y Afines.
Certificado de inscripción profesional, en los casos reglamentados por la Ley.";Nueve (9) meses de experiencia relacionada o laboral.;9;Aprobación de tres (3) años de educación superior en la modalidad de formación tecnológica o universitaria de los Núcleos Básicos de Conocimiento en: Administración, Ingeniería Industrial, Comercio Exterior, Sociología, Economía, y Afines.;Nueve (9) meses de experiencia relacionada o laboral.;9
41807;Realizar actividades de apoyo técnico, aplicando los conocimientos que permitan el mejoramiento continuo de los procesos administrativos y la ejecución de los procedimientos de la Dirección de Operaciones Sanitarias.;"Título de formación Tecnológica en: Administración, Ingeniería Industrial, Comercio Exterior, Sociología, Economía, y Afines.
Certificado de inscripción profesional, en los casos reglamentados por la Ley.";Nueve (9) meses de experiencia relacionada o laboral.;9;Aprobación de un (1) año de educación superior en la modalidad de formación tecnológica o universitaria de los Núcleos Básicos de Conocimiento en: Administración, Ingeniería Industrial, Comercio Exterior, Sociología, Economía, y Afines.;Veintiún (21) meses de experiencia relacionada o laboral.;21
41808;Realizar las actividades que se generen del manejo del sistema de información en la inspección vigilancia y control de los productos competencia del INVIMA, para la protección de la salud de la población, de acuerdo con las normas y procedimientos vigentes.;"Título profesional de los Núcleos Básicos de Conocimiento en: Medicina, Medicina Veterinaria, Zootecnia, Química y Afines, Ingeniería Química y Afines, Ingeniería Agroindustrial, Alimentos y Afines, Ingeniería Industrial y Afines, Ingeniería Agronómica, Pecuaria y Afines, Agronomía, Otras Ingenierías, Ingeniería Eléctrica y Afines, Bacteriología, Biología, Microbiología y Afines u Odontología, Ingeniería Biomédica y Afines.
 
Tarjeta o matrícula profesional, en los casos reglamentados por la Ley.";Treinta (30) meses de experiencia profesional relacionada.;30;"Título profesional de los Núcleos Básicos de Conocimiento en: Medicina, Medicina Veterinaria, Zootecnia, Química y Afines, Ingeniería Química y Afines, Ingeniería Agroindustrial, Alimentos y Afines, Ingeniería Industrial y Afines, Ingeniería Agronómica, Pecuaria y Afines, Agronomía, Otras Ingenierías, Ingeniería Eléctrica y Afines, Bacteriología, Biología, Microbiología y Afines u Odontología, Ingeniería Biomédica y Afines

Tarjeta o matrícula profesional, en los casos reglamentados por la Ley.

Título de postgrado en la modalidad de especialización en áreas relacionadas con las funciones del cargo.";Seis (6) meses de experiencia profesional relacionada.;6
41809;Realizar Inspección, Vigilancia y Control de Productos Competencia del INVIMA según sea el caso, en concordancia con la legislación sanitaria, los procedimientos, las políticas y directrices del Instituto.;"Título profesional de los Núcleos Básicos de Conocimiento en: Medicina Veterinaria, Química y Afines, Ingeniería Química y Afines, Ingeniería Agroindustrial, Alimentos y Afines, Zootecnia, Ingeniería Agronómica, Pecuaria y Afines, Agronomía, Otras Ingenierías, Ingeniería Biomédica y Afines, Medicina, Biología, Microbiología y Afines, Bacteriología, Odontología o Ingeniería Industrial y Afines.

Tarjeta o matrícula profesional, en los casos reglamentados por la Ley.

Título de postgrado en la modalidad de especialización en áreas relacionadas con las funciones del cargo.";Diecinueve (19) meses de experiencia profesional relacionada.;19;"Título profesional de los Núcleos Básicos de Conocimiento en: Medicina Veterinaria, Química y Afines, Ingeniería Química y Afines, Ingeniería Agroindustrial, Alimentos y Afines, Zootecnia, Ingeniería Agronómica, Pecuaria y Afines, Agronomía, Otras Ingenierías, Ingeniería Biomédica y Afines, Medicina, Biología, Microbiología y Afines, Bacteriología, Odontología o Ingeniería Industrial y Afines.

Tarjeta o matrícula profesional, en los casos reglamentados por la Ley.";Cuarenta y tres (43) meses de experiencia profesional relacionada.;43
41811;Elaborar los actos administrativos dentro de cada una de las etapas de los procesos sancionatorios, derivados de las actividades de inspección, vigilancia y control efectuados por el instituto dentro de las competencias misionales establecidas para tal fin, conforme a las normas vigentes.;"Título profesional de los Núcleos Básicos de Conocimiento en: Derecho.

Tarjeta o matrícula profesional, en los casos reglamentados por la Ley.";Treinta (30) meses de experiencia profesional relacionada;30;"Título profesional de los Núcleos Básicos de Conocimiento en: Derecho.

Tarjeta o matrícula profesional, en los casos reglamentados por la Ley.

Título de postgrado en la modalidad de especialización en áreas relacionadas con las funciones del cargo";Seis (6) meses de experiencia profesional relacionada;6
41821;Cumplir con los procesos y procedimientos de la Oficina Asesora Jurídica con miras al cumplimiento de las metas institucionales.;"Título profesional de los Núcleos Básicos de Conocimiento en: Derecho y Afines .

Tarjeta o matrícula profesional en los casos reglamentados por la Ley.";Treinta (30) meses de experiencia profesional relacionada.;30;"Título profesional de los Núcleos Básicos de Conocimiento en: Derecho.

Tarjeta o matrícula profesional en los casos reglamentados por la Ley.

Título de postgrado en la modalidad de especialización en áreas relacionadas con las funciones del cargo.";Seis (6) meses de experiencia profesional relacionada;6
41813;Apoyar y brindar asistencia técnica en las actividades de trámite de los procesos sancionatorios derivados de las actividades de inspección, vigilancia y control efectuados por el instituto dentro de las competencias misionales establecidas para tal fin, conforme a las normas vigentes.;"Título de formación tecnológica de los Núcleos Básicos de Conocimiento en: Administración, Ingeniería Industrial y Afines o Derecho y Afines.

Certificado de inscripción profesional, en los casos reglamentados por la Ley.";Nueve (9) meses de experiencia relacionada o laboral.;9;Diploma de Bachiller en cualquier modalidad.;Cuarenta y cinco (45) meses de experiencia relacionada.;45
41813;Apoyar y brindar asistencia técnica en las actividades de trámite de los procesos sancionatorios derivados de las actividades de inspección, vigilancia y control efectuados por el instituto dentro de las competencias misionales establecidas para tal fin, conforme a las normas vigentes.;"Aprobación de tres (3) años de educación superior en la modalidad de formación tecnológica o universitaria de los Núcleos Básicos de Conocimiento en: 
Administración, Ingeniería Industrial y Afines o Derecho y Afines.";Nueve (9) meses de experiencia relacionada o laboral.;9;"Aprobación de un (1) año de educación superior en modalidad de formación tecnológica o universitaria de los Núcleos Básicos de Conocimiento en: 
Administración, Ingeniería Industrial y Afines o Derecho y Afines.";Veintiún (21) meses de experiencia relacionada;21
41814;Apoyar y brindar asistencia técnica en las actividades de trámite de los procesos sancionatorios derivados de las actividades de inspección, vigilancia y control efectuados por el instituto dentro de las competencias misionales establecidas para tal fin, conforme a las normas vigentes.;"Título de formación tecnológica de los Núcleos Básicos de Conocimiento en: Administración, Ingeniería Industrial y Afines o Derecho y Afines.

Certificado de inscripción profesional, en los casos reglamentados por la Ley.";Nueve (9) meses de experiencia relacionada o laboral.;9;Diploma de Bachiller en cualquier modalidad.;Cuarenta y cinco (45) meses de experiencia relacionada.;45
41814;Apoyar y brindar asistencia técnica en las actividades de trámite de los procesos sancionatorios derivados de las actividades de inspección, vigilancia y control efectuados por el instituto dentro de las competencias misionales establecidas para tal fin, conforme a las normas vigentes.;"Aprobación de tres (3) años de educación superior en la modalidad de formación tecnológica o universitaria de los Núcleos Básicos de Conocimiento en: 
Administración, Ingeniería Industrial y Afines o Derecho y Afines.";Nueve (9) meses de experiencia relacionada o laboral.;9;"Aprobación de un (1) año de educación superior en modalidad de formación tecnológica o universitaria de los Núcleos Básicos de Conocimiento en: 
Administración, Ingeniería Industrial y Afines o Derecho y Afines.";Veintiún (21) meses de experiencia relacionada;21
41816;Desarrollar, propender y verificar el cumplimiento de los macroprocesos y procesos del Sistema de Gestión Integrado del Invima, que permitan cumplir con los requisitos legales y normativos, políticas institucionales y necesidades de las partes interesadas.;"Título profesional de los Núcleos Básicos de Conocimiento en: Administración, Contaduría Pública, Economía, Ingeniería Industrial y Afines, Derecho y Afines, Ingeniería Administrativa y Afines, Ingeniería Ambiental, Sanitaria y Afines o Biología, Microbiología y Afines.

Tarjeta o matrícula profesional en los casos reglamentados por la Ley.";Treinta (30) meses de experiencia profesional relacionada.;30;"Título profesional de los Núcleos Básicos de Conocimiento en: Administración, Contaduría Pública, Economía, Ingeniería Industrial y Afines, Derecho y Afines, Ingeniería Administrativa y Afines, Ingeniería Ambiental, Sanitaria y Afines o Biología, Microbiología y Afines.

Tarjeta o matrícula profesional en los casos reglamentados por la Ley.

Título de postgrado en la modalidad de especialización en áreas relacionadas con las funciones del cargo.";Seis (6) meses de experiencia profesional relacionada.;6
41820;Realizar Inspección, Vigilancia y Control de Productos Competencia del INVIMA según sea el caso, en concordancia con la legislación sanitaria, los procedimientos, las políticas y directrices del Instituto.;"Título profesional de los Núcleos Básicos de Conocimiento en: Medicina Veterinaria, Química y Afines, Ingeniería Química y Afines, Ingeniería Agroindustrial, Alimentos y Afines, Zootecnia, Ingeniería Agronómica, Pecuaria y Afines, Agronomía, Otras Ingenierías, Ingeniería Biomédica y Afines, Medicina, Biología, Microbiología y Afines, Bacteriología, Odontología o Ingeniería Industrial y Afines.

Tarjeta o matrícula profesional, en los casos reglamentados por la Ley.

Título de postgrado en la modalidad de especialización en áreas relacionadas con las funciones del cargo.";Diecinueve (19) meses de experiencia profesional relacionada.;19;"Título profesional de los Núcleos Básicos de Conocimiento en: Medicina Veterinaria, Química y Afines, Ingeniería Química y Afines, Ingeniería Agroindustrial, Alimentos y Afines, Zootecnia, Ingeniería Agronómica, Pecuaria y Afines, Agronomía, Otras Ingenierías, Ingeniería Biomédica y Afines, Medicina, Biología, Microbiología y Afines, Bacteriología, Odontología o Ingeniería Industrial y Afines.

Tarjeta o matrícula profesional, en los casos reglamentados por la Ley.";Cuarenta y tres (43) meses de experiencia profesional relacionada.;43
41815;Realizar Inspección, Vigilancia y Control de Productos Competencia del INVIMA según sea el caso, en concordancia con la legislación sanitaria, los procedimientos, las políticas y directrices del Instituto.;"Título profesional de los Núcleos Básicos de Conocimiento en: Medicina Veterinaria, Química y Afines, Ingeniería Química y Afines, Ingeniería Agroindustrial, Alimentos y Afines, Zootecnia, Ingeniería Agronómica, Pecuaria y Afines, Agronomía, Otras Ingenierías, Ingeniería Biomédica y Afines, Medicina, Biología, Microbiología y Afines, Bacteriología, Odontología o Ingeniería Industrial y Afines.

Tarjeta o matrícula profesional, en los casos reglamentados por la Ley.

Título de postgrado en la modalidad de especialización en áreas relacionadas con las funciones del cargo.";Diecinueve (19) meses de experiencia profesional relacionada.;19;"Título profesional de los Núcleos Básicos de Conocimiento en: Medicina Veterinaria, Química y Afines, Ingeniería Química y Afines, Ingeniería Agroindustrial, Alimentos y Afines, Zootecnia, Ingeniería Agronómica, Pecuaria y Afines, Agronomía, Otras Ingenierías, Ingeniería Biomédica y Afines, Medicina, Biología, Microbiología y Afines, Bacteriología, Odontología o Ingeniería Industrial y Afines.

Tarjeta o matrícula profesional, en los casos reglamentados por la Ley.";Cuarenta y tres (43) meses de experiencia profesional relacionada.;43
41818;Ejecutar actividades para la  organización de los planes, programas y proyectos de las dependencias para el fortalecimiento de la planeación organizacional y  la gestión integral en armonía con las políticas nacionales, sectoriales e institucionales,  en cumplimiento de las funciones de la entidad.;"Título profesional de los Núcleos Básicos de Conocimiento en: Administración, Contaduría Pública, Economía, Ingeniería Industrial y Afines, Ingeniería Administrativa y Afines.

Tarjeta o matrícula profesional en los casos reglamentados por la Ley.";Treinta (30) meses de experiencia profesional relacionada.;30;"Título profesional de los Núcleos Básicos de Conocimiento en: Administración, Contaduría Pública, Economía, Ingeniería Industrial y Afines, Ingeniería Administrativa y Afines.

Tarjeta o matrícula profesional en los casos reglamentados por la Ley.

Título de postgrado en la modalidad de especialización en áreas relacionadas con las funciones del cargo.";Seis (6) meses de experiencia profesional relacionada.;6
41819;Apoyar en el Archivo Central y radicación de documentos de la Entidad, velando por su conservación, seguridad e integridad, de acuerdo con las normas y procedimientos vigentes.;"Título de formación Tecnológica de los Núcleos Básicos de Conocimiento en: Bibliotecología, Otros de Ciencias Sociales y Humanas, Ingeniería Industrial y Afines o Administración.

Certificado de inscripción profesional, en los casos reglamentados por la Ley.";Nueve (9) meses de experiencia relacionada o laboral.;9;Diploma de Bachiller en cualquier modalidad.;Cuarenta y cinco (45) meses de experiencia relacionada.;45
41819;Apoyar en el Archivo Central y radicación de documentos de la Entidad, velando por su conservación, seguridad e integridad, de acuerdo con las normas y procedimientos vigentes.;Aprobación de tres (3) años de educación superior en la modalidad de formación tecnológica o universitaria de los Núcleos Básicos de Conocimiento en: Bibliotecología, Otros de Ciencias Sociales y Humanas, Ingeniería Industrial y Afines o Administración.;Nueve (9) meses de experiencia relacionada o laboral.;9;Aprobación de un (1) año de educación superior en la modalidad de formación tecnológica o universitaria de los Núcleos Básicos de Conocimiento en: Bibliotecología, Otros de Ciencias Sociales y Humanas, Ingeniería Industrial y Afines o Administración.;Veintiún (21) meses de experiencia relacionada.;21
41823;Realizar Inspección, Vigilancia y Control de Productos Competencia del INVIMA según sea el caso, en concordancia con la legislación sanitaria, los procedimientos, las políticas y directrices del Instituto.;"Título profesional de los Núcleos Básicos de Conocimiento en: Medicina Veterinaria, Química y Afines, Ingeniería Química y Afines, Ingeniería Agroindustrial, Alimentos y Afines, Zootecnia, Ingeniería Agronómica, Pecuaria y Afines, Agronomía, Otras Ingenierías, Ingeniería Biomédica y Afines, Medicina, Biología, Microbiología y Afines, Bacteriología, Odontología o Ingeniería Industrial y Afines.

Tarjeta o matrícula profesional, en los casos reglamentados por la Ley.

Título de postgrado en la modalidad de especialización en áreas relacionadas con las funciones del cargo.";Diecinueve (19) meses de experiencia profesional relacionada.;19;"Título profesional de los Núcleos Básicos de Conocimiento en: Medicina Veterinaria, Química y Afines, Ingeniería Química y Afines, Ingeniería Agroindustrial, Alimentos y Afines, Zootecnia, Ingeniería Agronómica, Pecuaria y Afines, Agronomía, Otras Ingenierías, Ingeniería Biomédica y Afines, Medicina, Biología, Microbiología y Afines, Bacteriología, Odontología o Ingeniería Industrial y Afines.

Tarjeta o matrícula profesional, en los casos reglamentados por la Ley.";Cuarenta y tres (43) meses de experiencia profesional relacionada.;43
41824;Cumplir con los procesos y procedimientos de la Oficina Asesora Jurídica con miras al cumplimiento de las metas institucionales.;"Título profesional de los Núcleos Básicos de Conocimiento en: Derecho y Afines .

Tarjeta o matrícula profesional en los casos reglamentados por la Ley.";Treinta (30) meses de experiencia profesional relacionada.;30;"Título profesional de los Núcleos Básicos de Conocimiento en: Derecho.

Tarjeta o matrícula profesional en los casos reglamentados por la Ley.

Título de postgrado en la modalidad de especialización en áreas relacionadas con las funciones del cargo.";Seis (6) meses de experiencia profesional relacionada.;6
41825;Apoyar en el Archivo Central y radicación de documentos de la Entidad, velando por su conservación, seguridad e integridad, de acuerdo con las normas y procedimientos vigentes.;"Título de formación Tecnológica de los Núcleos Básicos de Conocimiento en: Bibliotecología, Otros de Ciencias Sociales y Humanas, Ingeniería Industrial y Afines o Administración.

Certificado de inscripción profesional, en los casos reglamentados por la Ley.";Nueve (9) meses de experiencia relacionada o laboral.;9;Diploma de Bachiller en cualquier modalidad.;Cuarenta y cinco (45) meses de experiencia relacionada.;45
41825;Apoyar en el Archivo Central y radicación de documentos de la Entidad, velando por su conservación, seguridad e integridad, de acuerdo con las normas y procedimientos vigentes.;Aprobación de tres (3) años de educación superior en la modalidad de formación tecnológica o universitaria de los Núcleos Básicos de Conocimiento en: Bibliotecología, Otros de Ciencias Sociales y Humanas, Ingeniería Industrial y Afines o Administración.;Nueve (9) meses de experiencia relacionada o laboral.;9;Aprobación de un (1) año de educación superior en la modalidad de formación tecnológica o universitaria de los Núcleos Básicos de Conocimiento en: Bibliotecología, Otros de Ciencias Sociales y Humanas, Ingeniería Industrial y Afines o Administración.;Veintiún (21) meses de experiencia relacionada.;21
41826;Cumplir con los procesos y procedimientos de la Oficina Asesora Jurídica con miras al cumplimiento de las metas institucionales.;"Título profesional de los Núcleos Básicos de Conocimiento en: Derecho y Afines .

Tarjeta o matrícula profesional en los casos reglamentados por la Ley.";Treinta (30) meses de experiencia profesional relacionada.;30;"Título profesional de los Núcleos Básicos de Conocimiento en: Derecho.

Tarjeta o matrícula profesional en los casos reglamentados por la Ley.

Título de postgrado en la modalidad de especialización en áreas relacionadas con las funciones del cargo.";Seis (6) meses de experiencia profesional relacionada.;6
41827;Administrar el Archivo Central de documentos y correspondencia de la Entidad, velando por su conservación, seguridad e integridad, de acuerdo con las normas y procedimientos vigentes.;"Título profesional de los Núcleos Básicos de Conocimiento en: Bibliotecología, Otros de Ciencias Sociales y Humanas,  Ingeniería Industrial y Afines o Administración.  
Certificado de inscripción profesional, en los casos reglamentados por la Ley.";Seis (6) meses de experiencia relacionada o laboral.;6;Diploma de Bachiller en cualquier modalidad.;Cuarenta y dos (42) meses de experiencia relacionada.;42
41827;Administrar el Archivo Central de documentos y correspondencia de la Entidad, velando por su conservación, seguridad e integridad, de acuerdo con las normas y procedimientos vigentes.;Aprobación de tres (3) años de educación superior en la modalidad de formación tecnológica o universitaria de los Núcleos Básicos de Conocimiento en: Bibliotecología, Otros de Ciencias Sociales y Humanas,  Ingeniería Industrial y Afines o Administración.;Quince (15) meses de experiencia relacionada o laboral.;15;Aprobación de un (1) año de educación superior en la modalidad de formación tecnológica o universitaria de los Núcleos Básicos de Conocimiento en: Bibliotecología, Otros de Ciencias Sociales y Humanas,  Ingeniería Industrial y Afines o Administración.;Veintisiete (27) meses de experiencia relacionada.;27
41829;Ayudar con las actividades inherentes a la administración de los recursos físicos y prestación de servicios administrativos;"Título de formación Tecnológica de los Núcleos Básicos de Conocimiento en: Administración, Contaduría Pública o Ingeniería Administrativa y Financiera, Ingeniería Industrial y Afines o Ingeniería Civil y Afines.

Certificado de inscripción profesional, en los casos reglamentados por la Ley.";Nueve (9) meses de experiencia relacionada o laboral.;9;Diploma de Bachiller en cualquier modalidad.;Cuarenta y cinco (45) meses de experiencia relacionada.;45
41829;Ayudar con las actividades inherentes a la administración de los recursos físicos y prestación de servicios administrativos;Aprobación de tres (3) años de educación superior en la modalidad de formación tecnológica o universitaria de los Núcleos Básicos de Conocimiento en: Administración, Contaduría Pública o Ingeniería Administrativa y Financiera, Ingeniería Industrial y Afines o Ingeniería Civil y Afines.;Nueve (9) meses de experiencia relacionada o laboral.;9;Aprobación de un (1) año de educación superior en la modalidad de formación tecnológica o universitaria de los Núcleos Básicos de Conocimiento en: Administración, Contaduría Pública o Ingeniería Administrativa y Financiera, Ingeniería Industrial y Afines o Ingeniería Civil y Afines.;Veintiún (21) meses de experiencia relacionada.;21
41830;Cumplir con los procesos y procedimientos de la Oficina Asesora Jurídica con miras al cumplimiento de las metas institucionales.;"Título profesional de los Núcleos Básicos de Conocimiento en: Derecho y Afines .

Tarjeta o matrícula profesional en los casos reglamentados por la Ley.";Treinta (30) meses de experiencia profesional relacionada.;30;"Título profesional de los Núcleos Básicos de Conocimiento en: Derecho.

Tarjeta o matrícula profesional en los casos reglamentados por la Ley.

Título de postgrado en la modalidad de especialización en áreas relacionadas con las funciones del cargo.";Seis (6) meses de experiencia profesional relacionada.;6
41831;Ayudar con las actividades inherentes a la administración de los recursos físicos y prestación de servicios administrativos;"Título de formación Tecnológica de los Núcleos Básicos de Conocimiento en: Administración, Contaduría Pública o Ingeniería Administrativa y Financiera, Ingeniería Industrial y Afines o Ingeniería Civil y Afines.

Certificado de inscripción profesional, en los casos reglamentados por la Ley.";Nueve (9) meses de experiencia relacionada o laboral.;9;Diploma de Bachiller en cualquier modalidad.;Cuarenta y cinco (45) meses de experiencia relacionada.;45
41831;Ayudar con las actividades inherentes a la administración de los recursos físicos y prestación de servicios administrativos;Aprobación de tres (3) años de educación superior en la modalidad de formación tecnológica o universitaria de los Núcleos Básicos de Conocimiento en: Administración, Contaduría Pública o Ingeniería Administrativa y Financiera, Ingeniería Industrial y Afines o Ingeniería Civil y Afines.;Nueve (9) meses de experiencia relacionada o laboral.;9;Aprobación de un (1) año de educación superior en la modalidad de formación tecnológica o universitaria de los Núcleos Básicos de Conocimiento en: Administración, Contaduría Pública o Ingeniería Administrativa y Financiera, Ingeniería Industrial y Afines o Ingeniería Civil y Afines.;Veintiún (21) meses de experiencia relacionada.;21
41832;Cumplir con los procesos y procedimientos de la Oficina Asesora Jurídica con miras al cumplimiento de las metas institucionales.;"Título profesional de los Núcleos Básicos de Conocimiento en: Derecho y Afines .

Tarjeta o matrícula profesional en los casos reglamentados por la Ley.";Treinta (30) meses de experiencia profesional relacionada.;30;"Título profesional de los Núcleos Básicos de Conocimiento en: Derecho.

Tarjeta o matrícula profesional en los casos reglamentados por la Ley.

Título de postgrado en la modalidad de especialización en áreas relacionadas con las funciones del cargo.";Seis (6) meses de experiencia profesional relacionada.;6
41833;Asistir en la prestación de los servicios de atención al ciudadano suministrando información sobre trámites y servicios , normas, requisitos, formatos, estado de los asuntos en curso, derechos y deberes, de acuerdo con la normatividad, reglamentaciones y procedimientos vigentes según los canales de comunicación establecidos. Gestionar   PQRS y recursos de Ley de acuerdo a las atribuciones de la entidad y los términos establecidos.;"Título profesional de los Núcleos Básicos de Conocimiento en: Ingeniería Industrial y Afines, Administración, Economía,  Ingeniería Agroindustrial, Alimentos y Afines, Ingeniería de Sistemas,  Telemática y Afines, Derecho y Afines, Medicina, Bacteriología, Biología, Microbiología y Afines, Odontología, Optometría, Otros Programas de Ciencias de la Salud, Química y Afines o Ingeniería Biomédica y Afines.

Tarjeta o matrícula profesional, en los casos reglamentados por la Ley";Treinta (30) meses de experiencia profesional relacionada.;30;"Título profesional de los Núcleos Básicos de Conocimiento en: Ingeniería Industrial y Afines, Administración, Economía,  Ingeniería Agroindustrial, Alimentos y Afines, Ingeniería de Sistemas,  Telemática y Afines, Derecho y Afines, Medicina, Bacteriología, Biología, Microbiología y Afines, Odontología, Optometría, Otros Programas de Ciencias de la Salud, Química y Afines o Ingeniería Biomédica y Afines.

Tarjeta o matrícula profesional, en los casos reglamentados por la Ley

Título de postgrado en la modalidad de especialización en áreas relacionadas con las funciones del cargo.";Seis (6) meses de experiencia profesional relacionada.;6
41835;Realizar el apoyo de las actividades referentes a planes, programas, proyectos y actividades para el fortalecimiento de la planeación organizacional y  la gestión integral de acuerdo a las políticas nacionales, sectoriales e institucionales,  en cumplimiento de las funciones de la entidad.;"Título profesional de los Núcleos Básicos de Conocimiento en: Administración, Contaduría Pública, Economía, Ingeniería Industrial y Afines, Ingeniería Administrativa y Afines.

Tarjeta o matrícula profesional en los casos reglamentados por la Ley.";Tres (3) meses de experiencia profesional relacionada.;3;"Título profesional de los Núcleos Básicos de Conocimiento en: Administración, Contaduría Pública, Economía, Ingeniería Industrial y Afines, Ingeniería Administrativa y Afines.

Tarjeta o matrícula profesional en los casos reglamentados por la Ley.

Título de posgrado en modalidad de especialización en las áreas relacionadas con las funciones del cargo.";No requiere experiencia profesional.;
41836;Desarrollar actividades del Laboratorio de Productos Biológicos con el fin de verificar el cumplimiento de especificaciones y requerimientos de la calidad de los medicamentos de origen biológico de uso humano, según las normas, estándares y procedimientos vigentes.;"Título profesional de los Núcleos Básicos de Conocimiento en: Bacteriología o Biología, Microbiología y Afines.

Tarjeta o matrícula profesional en los casos reglamentados por la Ley.";Treinta (30) meses de experiencia profesional relacionada.;30;;;
41837;Apoyar el desarrollo de los diferentes trámites y procesos de selección de contratistas, para el cubrimiento de las necesidades misionales y administrativas del Instituto, así como ejecutar labores que se desprendan del procedimiento contractual.;"Título de formación tecnológica de los Núcleos Básicos de Conocimiento en: Administración o Derecho y Afines.

Certificado de inscripción profesional, en los casos reglamentados por la Ley.";Nueve (9) meses de experiencia relacionada o laboral.;9;Diploma de Bachiller en cualquier modalidad.;Cuarenta y cinco (45) meses de experiencia relacionada.;45
41837;Apoyar el desarrollo de los diferentes trámites y procesos de selección de contratistas, para el cubrimiento de las necesidades misionales y administrativas del Instituto, así como ejecutar labores que se desprendan del procedimiento contractual.;Aprobación de tres (3) años de educación superior en la modalidad de formación tecnológica o universitaria de los Núcleos Básicos de Conocimiento en: Administración o Derecho y Afines.;Nueve (9) meses de experiencia relacionada o laboral.;9;Aprobación de un (1) año de educación superior en la modalidad de formación tecnológica o universitaria de los Núcleos Básicos de Conocimiento en: Administración o Derecho y Afines.;Veintiún (21) meses de experiencia relacionada.;21
41839;Elaborar los actos administrativos relacionados con los procesos sancionatorios, así como evaluar las decisiones relacionadas con los mismos y que se derivan de las actividades de inspección, vigilancia y control efectuados por el instituto dentro de las competencias misionales establecidas para tal fin, conforme a las normas vigentes.;"Título profesional de los Núcleos Básicos de Conocimiento en: Derecho y Afines.

Tarjeta o matrícula profesional, en los casos reglamentados por la Ley.

Título de postgrado en la modalidad de especialización en áreas relacionadas con las funciones del cargo.";Diecinueve (19) meses de experiencia profesional relacionada;19;"Título profesional de los Núcleos Básicos de Conocimiento en: Derecho y Afines.

Tarjeta o matrícula profesional, en los casos reglamentados por la Ley.";Cuarenta y tres (43) meses de experiencia profesional relacionada.;43
41838;Apoyar el desarrollo de los diferentes trámites y procesos de selección de contratistas, para el cubrimiento de las necesidades misionales y administrativas del Instituto, así como ejecutar labores que se desprendan del procedimiento contractual.;"Título de formación tecnológica de los Núcleos Básicos de Conocimiento en: Administración o Derecho y Afines.

Certificado de inscripción profesional, en los casos reglamentados por la Ley.";Nueve (9) meses de experiencia relacionada o laboral.;9;Diploma de Bachiller en cualquier modalidad.;Cuarenta y cinco (45) meses de experiencia relacionada.;45
41838;Apoyar el desarrollo de los diferentes trámites y procesos de selección de contratistas, para el cubrimiento de las necesidades misionales y administrativas del Instituto, así como ejecutar labores que se desprendan del procedimiento contractual.;Aprobación de tres (3) años de educación superior en la modalidad de formación tecnológica o universitaria de los Núcleos Básicos de Conocimiento en: Administración o Derecho y Afines.;Nueve (9) meses de experiencia relacionada o laboral.;9;Aprobación de un (1) año de educación superior en la modalidad de formación tecnológica o universitaria de los Núcleos Básicos de Conocimiento en: Administración o Derecho y Afines.;Veintiún (21) meses de experiencia relacionada.;21
41841;Brindar apoyo en la ejecución y seguimiento de los procesos administrativos, operativos, financieros y/o presupuestales, así mismo gestionar el mantenimiento y mejora continua en el Sistema Integrado de Gestión de la Dirección.;"Título profesional de los Núcleos Básicos de Conocimiento en: Derecho y Afines, Economía, Administración o Contaduría Pública.

Tarjeta o matrícula profesional, en los casos reglamentados por la Ley.

Título de postgrado en la modalidad de especialización en áreas relacionadas con las funciones del cargo.";Diecinueve (19) meses de experiencia profesional relacionada;19;"Título profesional de los Núcleos Básicos de Conocimiento en: Derecho y Afines, Economía, Administración o Contaduría Pública.
Tarjeta o matrícula profesional, en los casos reglamentados por la Ley.";Cuarenta y tres (43) meses de experiencia profesional relacionada.;43
41842;Prestar asistencia técnica, con la finalidad de contribuir en la ejecución adecuada y oportuna de los procesos de la dependencia.;"Título de formación Tecnológica de los Núcleos Básicos de Conocimiento en: Administración, Derecho y Afines, Psicología, Ingeniería Industrial y Afines, Contaduría Pública.

Certificado de inscripción profesional, en los casos reglamentados por la Ley.";Nueve (9) meses de experiencia relacionada o laboral;9;Diploma de Bachiller en cualquier modalidad.;Cuarenta y cinco (45) meses de experiencia relacionada.;45
41842;Prestar asistencia técnica, con la finalidad de contribuir en la ejecución adecuada y oportuna de los procesos de la dependencia.;Aprobación de tres (3) años de educación superior en la modalidad de formación tecnológica o universitaria de los Núcleos Básicos de Conocimiento en: Administración, Derecho y Afines, Psicología, Ingeniería Industrial y Afines, Contaduría Pública.;Nueve (9) meses de experiencia relacionada o laboral.;9;Aprobación de un (1) año de educación superior en la modalidad de formación tecnológica o universitaria de los Núcleos Básicos de Conocimiento en: Administración, Derecho y Afines, Psicología, Ingeniería Industrial y Afines, Contaduría Pública.;Veintiún (21) meses de experiencia relacionada.;21
41843;Realizar las actividades que permitan la aplicación del Régimen Disciplinario para la adopción en primera instancia y la aplicación de medidas correspondientes a cada proceso disciplinario, de acuerdo con las disposiciones constitucionales, legales y reglamentarias vigentes.;"Título profesional de los Núcleos Básicos de Conocimiento en: Derecho y Afines.

Tarjeta o matrícula profesional, en los casos reglamentados por la Ley.

Título de postgrado en la modalidad de especialización en áreas relacionadas con las funciones del cargo.";Diecinueve (19) meses de experiencia profesional relacionada.;19;"Título profesional de los Núcleos Básicos de Conocimiento en: Derecho y Afines.

Tarjeta o matrícula profesional, en los casos reglamentados por la Ley.";Cuarenta y tres (43) meses de experiencia profesional relacionada;43
41844;Desarrollar actividades del Grupo Laboratorio Productos Farmacéuticos y Otras Tecnologías – Área Microbiología, con el fin de verificar el cumplimiento de especificaciones y requerimientos de calidad microbiológicos, de productos farmacéuticos, biológicos de uso humano, cosméticos y dispositivos médicos, según las normas, estándares y procedimientos vigentes.;"Título profesional de los Núcleos Básicos de Conocimiento en: Biología, Microbiología y Afines o Bacteriología.

Tarjeta o matricula profesional, en los casos reglamentados por la ley.";Treinta (30) meses de experiencia profesional relacionada.;30;"Título profesional de los Núcleos Básicos de Conocimiento en: Biología, Microbiología y Afines o Bacteriología.

Tarjeta o matricula profesional, en los casos reglamentados por la ley.

Título de postgrado en la modalidad de especialización en áreas relacionadas con las funciones del cargo.";Seis (6) meses de experiencia profesional relacionada.;6
41845;Prestar asistencia técnica, con la finalidad de contribuir en la ejecución adecuada y oportuna de los procesos de la dependencia.;"Título de formación Tecnológica de los Núcleos Básicos de Conocimiento en: Administración, Derecho y Afines, Psicología, Ingeniería Industrial y Afines, Contaduría Pública.

Certificado de inscripción profesional, en los casos reglamentados por la Ley.";Nueve (9) meses de experiencia relacionada o laboral;9;Diploma de Bachiller en cualquier modalidad.;Cuarenta y cinco (45) meses de experiencia relacionada.;45
41845;Prestar asistencia técnica, con la finalidad de contribuir en la ejecución adecuada y oportuna de los procesos de la dependencia.;Aprobación de tres (3) años de educación superior en la modalidad de formación tecnológica o universitaria de los Núcleos Básicos de Conocimiento en: Administración, Derecho y Afines, Psicología, Ingeniería Industrial y Afines, Contaduría Pública.;Nueve (9) meses de experiencia relacionada o laboral.;9;Aprobación de un (1) año de educación superior en la modalidad de formación tecnológica o universitaria de los Núcleos Básicos de Conocimiento en: Administración, Derecho y Afines, Psicología, Ingeniería Industrial y Afines, Contaduría Pública.;Veintiún (21) meses de experiencia relacionada.;21
41846;Realizar labores de auditoría interna, conforme a las normas concordantes y el marco legal vigente, con el fin de valorar riesgos, realizar evaluaciones, fomentar la cultura del autocontrol, autorregulación, autogestión y relación con los entes externos.;"Título profesional de los Núcleos Básicos de Conocimiento en: Administración, Bacteriología, Biología, Microbiología y Afines, Ciencia Política, Relaciones Internacionales, Contaduría Pública, Derecho y Afines, Economía, Ingeniería Ambiental, Sanitaria y Afines, Ingeniería Agroindustrial, Alimentos y Afines, Ingeniería de Sistemas, Telemática y Afines, Ingeniería Biomédica y Afines, Ingeniería Industrial y Afines, Ingeniería Química y Afines, Medicina, Otras Ingenierías o Química y Afines.
 
Tarjeta o matrícula profesional, en los casos reglamentados por la Ley.";Treinta (30) meses de experiencia profesional relacionada.;30;"Título profesional de los Núcleos Básicos de Conocimiento en: Administración, Bacteriología, Biología, Microbiología y Afines, Ciencia Política, Relaciones Internacionales, Contaduría Pública, Derecho y Afines, Economía, Ingeniería Ambienta, Sanitaria y Afines, Ingeniería Agroindustrial, Alimentos y Afines, Ingeniería de Sistemas, Telemática y Afines, Ingeniería Biomédica y Afines, Ingeniería Industrial y Afines, Ingeniería Química y Afines, Medicina, Otras Ingenierías o Química y Afines.

Tarjeta o matrícula profesional, en los casos reglamentados por la Ley.

Título de postgrado en modalidad de especialización en áreas relacionadas con las funciones del cargo.";Seis (6) meses de experiencia profesional relacionada.;6
41847;Apoyar la gestión contable de acuerdo con las normas, técnicas contables vigentes y Manual de Procesos y Procedimientos adoptado por la Entidad.;"Título profesional de los Núcleos Básicos de Conocimiento en: Contaduría Pública.

Tarjeta o matrícula profesional, en los casos reglamentados por la Ley.

Título de postgrado en la modalidad de especialización en áreas relacionadas con las funciones del cargo.";Diecinueve (19) meses de experiencia profesional relacionada.;19;"Título profesional de los Núcleos Básicos de Conocimiento en: Contaduría Pública.

Tarjeta o matrícula profesional, en los casos reglamentados por la Ley.";Cuarenta y tres (43) meses de experiencia profesional relacionada.;43
41848;Desarrollar actividades del Grupo Laboratorio Productos Farmacéuticos y Otras Tecnologías – Área Microbiología, con el fin de verificar el cumplimiento de especificaciones y requerimientos de calidad microbiológicos, de productos farmacéuticos, biológicos de uso humano, cosméticos y dispositivos médicos, según las normas, estándares y procedimientos vigentes.;"Título profesional de los Núcleos Básicos de Conocimiento en: Biología, Microbiología y Afines o Bacteriología.

Tarjeta o matricula profesional, en los casos reglamentados por la ley.";Treinta (30) meses de experiencia profesional relacionada.;30;"Título profesional de los Núcleos Básicos de Conocimiento en: Biología, Microbiología y Afines o Bacteriología.

Tarjeta o matricula profesional, en los casos reglamentados por la ley.

Título de postgrado en la modalidad de especialización en áreas relacionadas con las funciones del cargo.";Seis (6) meses de experiencia profesional relacionada.;6
41852;Realizar actividades de apoyo técnico, aplicando los conocimientos que permitan el mejoramiento continuo de los procesos administrativos y la ejecución de los procedimientos de la dependencia donde se encuentre ubicado el cargo.;"Título de formación Tecnológica de los Núcleos Básicos de Conocimiento en: Comunicación Social, Periodismo y Afines, Administración, Diseño, Publicidad y Afines, Sociología, Trabajo Social y Afines, Química y Afines o Ingeniería Industrial y Afines

Certificado de inscripción profesional, en los casos reglamentados por la Ley.";Nueve (9) meses de experiencia relacionada o laboral.;9;Diploma de Bachiller en cualquier modalidad.;Cuarenta y cinco (45) meses de experiencia relacionada.;45
41852;Realizar actividades de apoyo técnico, aplicando los conocimientos que permitan el mejoramiento continuo de los procesos administrativos y la ejecución de los procedimientos de la dependencia donde se encuentre ubicado el cargo.;Aprobación de tres (3) años de educación superior en la modalidad de formación tecnológica o universitaria de los Núcleos Básicos de Conocimiento en: Comunicación Social, Periodismo y Afines, Administración, Diseño, Publicidad y Afines, Sociología, Trabajo Social y Afines, Química y Afines o Ingeniería Industrial y Afines;Nueve (9) meses de experiencia relacionada o laboral.;9;Aprobación de un (1) año de educación superior en la modalidad de formación tecnológica o universitaria de los Núcleos Básicos de Conocimiento en: Comunicación Social, Periodismo y Afines, Administración, Diseño, Publicidad y Afines, Sociología, Trabajo Social y Afines, Química y Afines o Ingeniería Industrial y Afines;Veintiún (21) meses de experiencia relacionada.;21
41849;Participar en la realización de proyectos,  programas, planes, procedimientos y actividades relacionadas con la gestión de bienes,  recursos físicos y administrativos.;"Título profesional de los Núcleos Básicos de Conocimiento en: Economía, Administración, Ingeniería Civil y Afines,  Ingeniería Industrial y Afines, Derecho y Afines o Contaduría Pública.

Tarjeta o matrícula profesional, en los casos reglamentados por la Ley.

Título de postgrado en la modalidad de especialización en áreas relacionadas con las funciones del cargo.";Diecinueve (19) meses de experiencia profesional relacionada.;19;"Título profesional de los Núcleos Básicos de Conocimiento en: Economía, Administración, Ingeniería Civil y Afines,  Ingeniería Industrial y Afines, Derecho y Afines o Contaduría Pública.

Tarjeta o matrícula profesional, en los casos reglamentados por la Ley.";Cuarenta y tres (43) meses de experiencia profesional relacionada.;43
41850;Realizar actividades de apoyo técnico, aplicando los conocimientos que permitan el mejoramiento continuo de los procesos administrativos y la ejecución de los procedimientos de la dependencia donde se encuentre ubicado el cargo.;"Título de formación Tecnológica de los Núcleos Básicos de Conocimiento en: Comunicación Social, Periodismo y Afines, Administración, Diseño, Publicidad y Afines, Sociología, Trabajo Social y Afines, Química y Afines o Ingeniería Industrial y Afines

Certificado de inscripción profesional, en los casos reglamentados por la Ley.";Nueve (9) meses de experiencia relacionada o laboral.;9;Diploma de Bachiller en cualquier modalidad.;Cuarenta y cinco (45) meses de experiencia relacionada.;45
41850;Realizar actividades de apoyo técnico, aplicando los conocimientos que permitan el mejoramiento continuo de los procesos administrativos y la ejecución de los procedimientos de la dependencia donde se encuentre ubicado el cargo.;Aprobación de tres (3) años de educación superior en la modalidad de formación tecnológica o universitaria de los Núcleos Básicos de Conocimiento en: Comunicación Social, Periodismo y Afines, Administración, Diseño, Publicidad y Afines, Sociología, Trabajo Social y Afines, Química y Afines o Ingeniería Industrial y Afines;Nueve (9) meses de experiencia relacionada o laboral.;9;Aprobación de un (1) año de educación superior en la modalidad de formación tecnológica o universitaria de los Núcleos Básicos de Conocimiento en: Comunicación Social, Periodismo y Afines, Administración, Diseño, Publicidad y Afines, Sociología, Trabajo Social y Afines, Química y Afines o Ingeniería Industrial y Afines;Veintiún (21) meses de experiencia relacionada.;21
41853;Administrar y ejecutar las acciones necesarias que se desarrollarán en las diferentes etapas del proceso contractual que adelante el INVIMA, en cumplimiento de sus objetivos, metas y funciones institucionales, de acuerdo con los requerimientos de las dependencias, la normatividad vigente, los principios de la contratación y los fines del Estado.;"Título profesional de los Núcleos Básicos de Conocimiento en: Derecho y Afines.

Tarjeta o matrícula profesional, en los casos reglamentados por la Ley.

Título de postgrado en la modalidad de especialización con en áreas relacionadas con las funciones del cargo.";Diecinueve (19) meses de experiencia profesional relacionada.;19;"Título profesional de los Núcleos Básicos de Conocimiento en: Derecho y Afines.

Tarjeta o matrícula profesional, en los casos reglamentados por la Ley.";Cuarenta y tres (43) meses de experiencia profesional relacionada.;43
41857;Asegurar el funcionamiento de la infraestructura de telecomunicaciones, las redes estructuradas tecnológicas (voz, datos y eléctricas), y los Sistemas Ininterrumpidos de Potencia (UPS), que soportan los equipos de tecnología informática de comunicaciones del Instituto, así como la gestión de proyectos relacionados con el área y  el seguimiento a los acuerdos de servicio.;"Título profesional de los Núcleos Básicos de Conocimiento en: Ingeniería de Sistemas, Telemática y Afines o Ingeniería Electrónica, Telecomunicaciones y Afines.

Tarjeta o matricula profesional, en los casos reglamentados por la ley.

Título de postgrado en la modalidad de especialización en áreas relacionadas con las funciones del cargo.";Diecinueve (19) meses de experiencia profesional relacionada.;19;"Título profesional de los Núcleos Básicos de Conocimiento en: Ingeniería de Sistemas, Telemática y Afines o Ingeniería Electrónica, Telecomunicaciones y Afines.

Tarjeta o matricula profesional, en los casos reglamentados por la ley.";Cuarenta y tres (43) meses de experiencia profesional relacionada;43
41855;Desarrollar actividades del Grupo Laboratorio Productos Farmacéuticos y Otras Tecnologías – Área Fisicoquímica, con el fin de verificar el cumplimiento de especificaciones y requerimientos de calidad fisicoquímicos, de productos farmacéuticos, biológicos de uso humano, cosméticos y dispositivos médicos, según las normas, estándares y procedimientos vigentes.;"Título profesional de los Núcleos Básicos de Conocimiento en: Química y Afines.

Tarjeta o matricula profesional, en los casos reglamentados por la ley.";Treinta (30) meses de experiencia profesional relacionada.;30;"Título profesional de los Núcleos Básicos de Conocimiento en: Química y Afines.

Tarjeta o matricula profesional, en los casos reglamentados por la ley.

Título de postgrado en la modalidad de especialización en áreas relacionadas con las funciones del cargo.";Seis (6) meses de experiencia profesional relacionada.;6
41856;Realizar actividades de apoyo técnico, aplicando los conocimientos que permitan el mejoramiento continuo de los procesos administrativos y la ejecución de los procedimientos de la dependencia donde se encuentre ubicado el cargo.;"Título de formación Tecnológica de los Núcleos Básicos de Conocimiento en: Administración, Economía, Derecho y Afines o Ciencia Política, Relaciones Internacionales.

Certificado de inscripción profesional, en los casos reglamentados por la Ley.";Nueve (9) meses de experiencia relacionada o laboral.;9;Diploma de Bachiller en cualquier modalidad.;Cuarenta y cinco (45) meses de experiencia relacionada.;45
41856;Realizar actividades de apoyo técnico, aplicando los conocimientos que permitan el mejoramiento continuo de los procesos administrativos y la ejecución de los procedimientos de la dependencia donde se encuentre ubicado el cargo.;Aprobación de tres (3) años de educación superior en la modalidad de formación tecnológica o universitaria de los Núcleos Básicos de Conocimiento en: Administración, Economía, Derecho y Afines o Ciencia Política, Relaciones Internacionales.;Nueve (9) meses de experiencia relacionada o laboral.;9;Aprobación de un (1) año de educación superior en la modalidad de formación tecnológica o universitaria de los Núcleos Básicos de Conocimiento en: Administración, Economía, Derecho y Afines o Ciencia Política, Relaciones Internacionales.;Veintiún (21) meses de experiencia relacionada.;21
41859;Verificar el cumplimiento de los requisitos de calidad de los dispositivos médicos y Otras Tecnologías como apoyo a los programas de Vigilancia y Control  competencia de la Dirección de Dispositivos Médicos y Otras Tecnologías, de acuerdo con las normas y procedimientos vigentes.;"Título profesional de los Núcleos Básicos de Conocimiento en: Ingeniería Química y Afines, Ingeniería Biomédica y Afines o Ingeniería Mecánica y Afines.

Tarjeta o matricula profesional, en los casos reglamentados por la ley.";Treinta (30) meses de experiencia profesional relacionada.;30;"Título profesional de los Núcleos Básicos de Conocimiento en: Ingeniería Química y Afines, Ingeniería Biomédica y Afines o Ingeniería Mecánica y Afines.

Tarjeta o matricula profesional, en los casos reglamentados por la ley.

Título de postgrado en la modalidad de especialización en áreas relacionadas con las funciones del cargo.";Seis (6) meses de experiencia profesional relacionada.;6
41860;Ejecutar los programas de control de calidad de alimentos y bebidas como apoyo a las labores de vigilancia y control competencia de la Dirección de Alimentos y Bebidas de acuerdo con las normas y procedimientos vigentes.;"Título profesional de los Núcleos Básicos de Conocimiento en: Química y Afines; Ingeniería Agroindustrial, Alimentos y Afines o Ingeniería Química.

Tarjeta o matrícula profesional en los casos reglamentados por la Ley.";Treinta (30) meses de experiencia profesional relacionada.;30;"Título profesional en: Química, Química Farmacéutica, Química y Afines; Ingeniería Agroindustrial, Alimentos y Afines o Ingeniería Química.

Tarjeta o matrícula profesional en los casos reglamentados por la Ley.

Título de postgrado en la modalidad de especialización en áreas relacionadas con las funciones del cargo.";Seis (6) meses de experiencia profesional relacionada.;6
41861;Participar en la ejecución de planes, proyectos y programas que faciliten el desarrollo integral del recurso humano que se encuentre al servicio de la Entidad, de acuerdo con las normas y procedimientos legales vigentes.;"Título profesional de los Núcleos Básicos de Conocimiento en: Administración, Psicología, Ingeniería Industrial y Afines o Derecho y Afines.

Tarjeta o matrícula profesional, en los casos reglamentados por la Ley.

Título de Postgrado en la modalidad de especialización en áreas relacionadas con las funciones del cargo.";Diecinueve (19) meses de experiencia profesional relacionada.;19;"Título profesional de los Núcleos Básicos de Conocimiento en: Administración, Psicología, Ingeniería Industrial y Afines o Derecho y Afines.

Tarjeta o matrícula profesional, en los casos reglamentados por la Ley.";Cuarenta y tres (43) meses de experiencia profesional relacionada.;43
41862;Verificar el cumplimiento de los requisitos de calidad e inocuidad de los productos competencia de la Dirección como apoyo a los programas de vigilancia y control competencia de la Dirección de Alimentos y Bebidas, de acuerdo con las normas y procedimientos vigentes.;"Título profesional de los Núcleos Básicos de Conocimiento en: Bacteriología o Biología, Microbiología y Afines.

Tarjeta o matrícula profesional en los casos reglamentados por la Ley.";Treinta (30) meses de experiencia profesional relacionada.;30;"Título profesional de los Núcleos Básicos de Conocimiento en: Bacteriología o Biología, Microbiología y Afines.

Tarjeta o matrícula profesional en los casos reglamentados por la Ley.

Título de postgrado en la modalidad de especialización en áreas relacionadas con las funciones del cargo.";Seis (6) meses de experiencia profesional relacionada.;6
41865;Ejecutar, evaluar y controlar el proceso de ciclo laboral garantizando la cobertura del 100% de la planta de personal aprobada, con personal competente en cada uno de los cargos así como participar en el proceso de evaluación de desempeño laboral de acuerdo a la normatividad legal vigente.;"Título profesional de los Núcleos Básicos de Conocimiento en: Administración, Derecho y Afines, Ingeniería Industrial y Afines o Psicología.

Tarjeta o matrícula profesional, en los casos reglamentados por la Ley.

Título de postgrado en la modalidad de especialización en áreas relacionadas con las funciones del cargo.";Diecinueve (19) meses de experiencia profesional relacionada.;19;"Título profesional de los Núcleos Básicos de Conocimiento en: Administración, Derecho y Afines, Ingeniería Industrial y Afines o Psicología.

Tarjeta o matrícula profesional, en los casos reglamentados por la Ley.";Cuarenta y tres (43) meses de experiencia profesional relacionada.;43
41868;Asistir en la prestación de los servicios de atención al ciudadano suministrando información sobre trámites y servicios, normas, requisitos, formatos, estado de los asuntos en curso, derechos y deberes, de acuerdo con la normatividad, reglamentaciones y procedimientos vigentes, según los canales de comunicación establecidos. Gestionar PQRS y Recursos de Ley de acuerdo con las atribuciones de la entidad y los términos establecidos.;"Título profesional de los Núcleos Básicos de Conocimiento en: Ingeniería Industrial y Afines, Administración, Economía, Ingeniería Agroindustrial, Alimentos y Afines, Ingeniería de Sistemas,  Telemática y Afines, Derecho y Afines, Medicina, Bacteriología, Biología, Microbiología y Afines, Odontología, Optometría, Otros Programas de Ciencias de la Salud, Química y Afines, o Ingeniería Biomédica y Afines.

Tarjeta o matrícula profesional, en los casos reglamentados por la Ley.

Título de postgrado en la modalidad de especialización en áreas relacionadas con las funciones del cargo.";Diecinueve (19) meses de experiencia profesional relacionada.;19;"Título profesional de los Núcleos Básicos de Conocimiento en: Ingeniería Industrial y Afines, Administración, Economía, Ingeniería Agroindustrial, Alimentos y Afines, Ingeniería de Sistemas,  Telemática y Afines, Derecho y Afines, Medicina, Bacteriología, Biología, Microbiología y Afines, Odontología, Optometría, Otros Programas de Ciencias de la Salud, Química y Afines, o Ingeniería Biomédica y Afines.
Tarjeta o matrícula profesional, en los casos reglamentados por la Ley.";Cuarenta y tres (43) meses de experiencia profesional relacionada.;43
41870;Ejecutar actividades para promover el acceso a mercados, y la implementación de acuerdos y negociaciones internacionales en relación con los productos y actividades de competencia del INVIMA.;"Título profesional de los Núcleos Básicos de Conocimiento en: Ingeniería Agroindustrial, Alimentos y Afines,  Medicina Veterinaria.

Tarjeta o matrícula profesional, en los casos reglamentados por la Ley.

Título de Postgrado en la modalidad de especialización en áreas relacionadas.";Diecinueve (19) meses de experiencia profesional relacionada.;19;"Título profesional de los Núcleos Básicos de Conocimiento en: Agroindustrial, Alimentos y Afines, Medicina Veterinaria.

Tarjeta o matrícula profesional, en los casos reglamentados por la Ley.";Cuarenta y tres (43) meses de experiencia profesional relacionada.;43
41871;Realizar actividades de apoyo técnico en los procesos administrativos y en la ejecución de los procedimientos de la dependencia.;"Título de formación Tecnológica de los Núcleos Básicos de Conocimiento en: Administración, Contaduría Pública, Economía, Ingeniería Industrial y Afines, Derecho y Afines, Ingeniería Administrativa y Afines, Ingeniería Ambiental, Sanitaria y Afines.

Certificado de inscripción profesional, en los casos reglamentados por la Ley.";Nueve (9) meses de experiencia relacionada o laboral.;9;Diploma de Bachiller en cualquier modalidad.;Cuarenta y cinco (45) meses de experiencia relacionada.;45
41871;Realizar actividades de apoyo técnico en los procesos administrativos y en la ejecución de los procedimientos de la dependencia.;Aprobación de dos (2) años de educación superior en la modalidad de formación tecnológica o universitaria de los Núcleos Básicos de Conocimiento en: Administración, Contaduría Pública, Economía, Ingeniería Industrial y Afines, Derecho y Afines, Ingeniería Administrativa y Afines, Ingeniería Ambiental, Sanitaria y Afines.;Nueve (9) meses de experiencia relacionada o laboral.;9;Aprobación de un (1) año de educación superior en la modalidad de formación tecnológica o universitaria de los Núcleos Básicos de Conocimiento en: Administración, Contaduría Pública, Economía, Ingeniería Industrial y Afines, Derecho y Afines, Ingeniería Administrativa y Afines, Ingeniería Ambiental, Sanitaria y Afines.;Veintiún (21) meses de experiencia relacionada.;21
41872;Apoyar a la Oficina de Laboratorio y Control de Calidad en los procesos administrativos, de adquisición de insumos, equipos y servicios de re-potenciamiento para los laboratorios y en el seguimiento al plan de compras, de conformidad con el procedimiento establecido.;"Título de formación tecnológica de los Núcleos Básicos de Conocimiento en: Administración, Ingeniería Administrativa y Financiera, Ingeniería Industrial y Afines, Contaduría Pública o Economía. 

Certificado de inscripción profesional, en los casos reglamentados por la Ley.";Nueve (9) meses de experiencia relacionada o laboral.;9;Diploma de Bachiller en cualquier modalidad.;Cuarenta y cinco (45) meses de experiencia relacionada.;45
41872;Apoyar a la Oficina de Laboratorio y Control de Calidad en los procesos administrativos, de adquisición de insumos, equipos y servicios de re-potenciamiento para los laboratorios y en el seguimiento al plan de compras, de conformidad con el procedimiento establecido.;Aprobación de tres (3) años de educación superior en la modalidad de formación tecnológica o universitaria de los Núcleos Básicos de Conocimiento en: Administración, Ingeniería Administrativa y Financiera, Ingeniería Industrial y Afines, Contaduría Pública o Economía.;Nueve (9) meses de experiencia relacionada o laboral.;9;Aprobación de un (1) año de educación superior en la modalidad de formación tecnológica o universitaria de los Núcleos Básicos de Conocimiento en: Administración, Ingeniería Administrativa y Financiera, Ingeniería Industrial y Afines, Contaduría Pública o Economía.;Veintiún (21) meses de experiencia relacionada.;21
41885;Realizar actividades de apoyo técnico, aplicando los conocimientos que permitan el mejoramiento continuo de los procesos administrativos y la ejecución de los procedimientos de la dependencia donde se encuentre ubicado el cargo.;"Título de formación Tecnológica de los Núcleos Básicos de Conocimiento en: Administración o Ingeniería Industrial y Afines.

Certificado de inscripción profesional, en los casos reglamentados por la Ley.";Nueve (9) meses de experiencia relacionada o laboral.;9;Diploma de Bachiller en cualquier modalidad.;Cuarenta y cinco (45) meses de experiencia relacionada.;45
41885;Realizar actividades de apoyo técnico, aplicando los conocimientos que permitan el mejoramiento continuo de los procesos administrativos y la ejecución de los procedimientos de la dependencia donde se encuentre ubicado el cargo.;Aprobación de tres (3) años de educación superior en la modalidad de formación tecnológica o universitaria de los Núcleos Básicos de Conocimiento en: Administración o Ingeniería Industrial y Afines.;Nueve (9) meses de experiencia relacionada o laboral.;9;Aprobación de un (1) año de educación superior en la modalidad de formación tecnológica o universitaria de los Núcleos Básicos de Conocimiento en: Administración o Ingeniería Industrial y Afines.;Veintiún (21) meses de experiencia relacionada.;21
41887;Ejecutar actividades institucionales para promover espacios de posicionamiento institucional a nivel internacional, así como la formulación, implementación, evaluación y aprovechamiento de planes, programas, proyectos y acciones de cooperación técnica científica internacional en relación con los productos y actividades de competencia del INVIMA.;"Título profesional de los Núcleos Básicos de Conocimiento en: Economía, Ciencia Política, Relaciones Internacionales o Derecho y Afines.

Tarjeta o matrícula profesional, en los casos reglamentados por la Ley.

Título de Postgrado en la modalidad de especialización en áreas relacionadas.";Diecinueve (19) meses de experiencia profesional relacionada.;19;"Título profesional de los Núcleos Básicos de Conocimiento en: Economía, Ciencia Política, Relaciones Internacionales o Derecho y Afines.

Tarjeta o matrícula profesional, en los casos reglamentados por la Ley.";Cuarenta y tres (43) meses de experiencia profesional relacionada.;43
41888;Brindar el soporte jurídico en aras del cumplimiento cabal de los objetivos Institucionales relacionados con la unidad de criterios jurídicos, evaluación de la normatividad sanitaria, defensa de los intereses del instituto y el cobro de las acreencias en favor de la entidad.;"Título profesional de los Núcleos Básicos de Conocimiento en: Derecho y Afines.

Tarjeta o matrícula profesional, en los casos reglamentados por la Ley.

Título de postgrado en la modalidad de Especialización en áreas relacionadas con las funciones del cargo.";Diecinueve (19) meses de experiencia profesional relacionada.;19;"Título profesional de los Núcleos Básicos de Conocimiento en: Derecho y Afines.
Tarjeta o matrícula profesional, en los casos reglamentados por la Ley.";Cuarenta y tres (43) meses de experiencia profesional relacionada.;43
41889;Proponer, desarrollar y realizar seguimiento de los planes, programas y proyectos de la entidad  de conformidad con la normatividad, políticas y lineamientos de caracter nacional y sectorial.;"Título profesional de los Núcleos Básicos de Conocimiento en: Administración, Contaduría Pública, Economía, Ingeniería Industrial y Afines, Ingeniería Administrativa y Afines.

Tarjeta o matrícula profesional en los casos reglamentados por la ley.

Título de postgrado en la modalidad de especialización en áreas relacionadas con las funciones del cargo.";Diecinueve (19) meses de experiencia profesional relacionada.;19;"Título profesional de los Núcleos Básicos de Conocimiento en: Administración, Contaduría Pública, Economía, Ingeniería Industrial y Afines, Ingeniería Administrativa y Afines.

Tarjeta o matrícula profesional en los casos reglamentados por la ley.";Cuarenta y tres (43) meses de experiencia profesional relacionada.;43
41890;Proponer, gestionar y ejecutar las actividades que permitan  la implementación, mantenimiento y mejora continua del Sistema de Gestión Integrado del Invima, de acuerdo con los requisitos legales y normativos, políticas institucionales y necesidades de las partes interesadas.;"Título profesional de los Núcleos Básicos de Conocimiento en: Administración, Contaduría Pública, Economía, Ingeniería Industrial y Afines, Derecho y Afines, Ingeniería Administrativa y Afines, Ingeniería Ambiental, Sanitaria y Afines o Biología, Microbiología y Afines.

Tarjeta o matrícula profesional, en los casos reglamentados por la ley.

Título de postgrado en la modalidad de especialización en áreas relacionadas con las funciones del cargo.";Diecinueve (19) meses de experiencia profesional relacionada.;19;"Título profesional de los Núcleos Básicos de Conocimiento en: Administración, Contaduría Pública, Economía, Ingeniería Industrial y Afines, Derecho y Afines, Ingeniería Administrativa y Afines, Ingeniería Ambiental, Sanitaria y Afines o Biología, Microbiología y Afines.

Tarjeta o matrícula profesional, en los casos reglamentados por la ley.";Cuarenta y tres (43) meses de experiencia profesional relacionada.;43
41900;Realizar actividades de apoyo técnico, aplicando los conocimientos que permitan el mejoramiento continuo de los procesos administrativos y la ejecución de los procedimientos de la dependencia donde se encuentre ubicado el cargo.;"Título de formación Tecnológica de los Núcleos Básicos de Conocimiento en: Administración o Ingeniería Industrial y Afines.

Certificado de inscripción profesional, en los casos reglamentados por la Ley.";Nueve (9) meses de experiencia relacionada o laboral.;9;Diploma de Bachiller en cualquier modalidad.;Cuarenta y cinco (45) meses de experiencia relacionada.;45
41900;Realizar actividades de apoyo técnico, aplicando los conocimientos que permitan el mejoramiento continuo de los procesos administrativos y la ejecución de los procedimientos de la dependencia donde se encuentre ubicado el cargo.;Aprobación de tres (3) años de educación superior en la modalidad de formación tecnológica o universitaria de los Núcleos Básicos de Conocimiento en: Administración o Ingeniería Industrial y Afines.;Nueve (9) meses de experiencia relacionada o laboral.;9;Aprobación de un (1) año de educación superior en la modalidad de formación tecnológica o universitaria de los Núcleos Básicos de Conocimiento en: Administración o Ingeniería Industrial y Afines.;Veintiún (21) meses de experiencia relacionada.;21
41892;Evaluar la implementación y mantenimiento del Sistema de Control Interno del Instituto en concordancia con la normatividad vigente y los procedimientos internos.;"Título profesional de los Núcleos Básicos de Conocimiento en: Administración, Contaduría Pública, Derecho y Afines, Ingeniería Industrial y Afines o Economía.

Tarjeta o matrícula profesional en los casos reglamentados por la ley.

Título de postgrado en la modalidad de Especialización en áreas relacionadas con las funciones.";Diecinueve (19) meses de experiencia profesional relacionada.;19;"Título profesional de los Núcleos Básicos de Conocimiento en: Administración, Contaduría Pública, Derecho y Afines, Ingeniería Industrial y Afines o Economía.

Tarjeta o matrícula profesional en los casos reglamentados por la ley.";Cuarenta y tres (43) meses de experiencia profesional relacionada.;43
41895;Desarrollar actividades del Grupo Laboratorio Productos Farmacéuticos y Otras Tecnologías – Área Fisicoquímica, con el fin de verificar el cumplimiento de especificaciones y requerimientos de la calidad de los productos farmacéuticos, biológicos de uso humano, cosméticos, dispositivos médicos y Otras tecnologías, según las normas, estándares y procedimientos vigentes.;"Título profesional de los Núcleos Básicos de Conocimiento en: Química y Afines.

Tarjeta o matrícula profesional, en los casos reglamentados por la Ley.

Título de postgrado en la modalidad de especialización en áreas relacionadas con las funciones del cargo.";Diecinueve (19) meses de experiencia profesional relacionada;19;"Título profesional de los Núcleos Básicos de Conocimiento en: Química y Afines.

Tarjeta o matrícula profesional, en los casos reglamentados por la Ley.";Cuarenta y tres (43) meses de experiencia profesional relacionada.;43
41894;Realizar actividades de apoyo técnico, aplicando los conocimientos que permitan el mejoramiento continuo de los procesos administrativos y la ejecución de los procedimientos de la dependencia donde se encuentre ubicado el cargo.;"Título de formación Tecnológica de los Núcleos Básicos de Conocimiento en: Administración o Ingeniería Industrial y Afines.

Certificado de inscripción profesional, en los casos reglamentados por la Ley.";Nueve (9) meses de experiencia relacionada o laboral.;9;Diploma de Bachiller en cualquier modalidad.;Cuarenta y cinco (45) meses de experiencia relacionada.;45
41894;Realizar actividades de apoyo técnico, aplicando los conocimientos que permitan el mejoramiento continuo de los procesos administrativos y la ejecución de los procedimientos de la dependencia donde se encuentre ubicado el cargo.;Aprobación de tres (3) años de educación superior en la modalidad de formación tecnológica o universitaria de los Núcleos Básicos de Conocimiento en: Administración o Ingeniería Industrial y Afines.;Nueve (9) meses de experiencia relacionada o laboral.;9;Aprobación de un (1) año de educación superior en la modalidad de formación tecnológica o universitaria de los Núcleos Básicos de Conocimiento en: Administración o Ingeniería Industrial y Afines.;Veintiún (21) meses de experiencia relacionada.;21
41896;Realizar actividades de apoyo técnico, aplicando los conocimientos que permitan el mejoramiento continuo de los procesos administrativos y la ejecución de los procedimientos de la dependencia donde se encuentre ubicado el cargo.;"Título de formación Tecnológica de los Núcleos Básicos de Conocimiento en: Administración o Ingeniería Industrial y Afines.

Certificado de inscripción profesional, en los casos reglamentados por la Ley.";Nueve (9) meses de experiencia relacionada o laboral.;9;Diploma de Bachiller en cualquier modalidad.;Cuarenta y cinco (45) meses de experiencia relacionada.;45
41896;Realizar actividades de apoyo técnico, aplicando los conocimientos que permitan el mejoramiento continuo de los procesos administrativos y la ejecución de los procedimientos de la dependencia donde se encuentre ubicado el cargo.;Aprobación de tres (3) años de educación superior en la modalidad de formación tecnológica o universitaria de los Núcleos Básicos de Conocimiento en: Administración o Ingeniería Industrial y Afines.;Nueve (9) meses de experiencia relacionada o laboral.;9;Aprobación de un (1) año de educación superior en la modalidad de formación tecnológica o universitaria de los Núcleos Básicos de Conocimiento en: Administración o Ingeniería Industrial y Afines.;Veintiún (21) meses de experiencia relacionada.;21
41897;Desarrollar actividades del Grupo Laboratorio Productos Farmacéuticos y Otras Tecnologías – Área Microbiología, con el fin de verificar el cumplimiento de especificaciones y requerimientos de la calidad de los productos farmacéuticos, biológicos de uso humano, cosméticos, dispositivos médicos y Otras tecnologías, según las normas, estándares y procedimientos vigentes.;"Título profesional de los Núcleos Básicos de Conocimiento en: Biología, Microbiología y Afines o Bacteriología.

Tarjeta o matrícula profesional, en los casos reglamentados por la Ley.

Título de postgrado en la modalidad de especialización en áreas relacionadas con las funciones del cargo.";Diecinueve (19) meses de experiencia profesional relacionada.;19;"Título profesional de los Núcleos Básicos de Conocimiento en: Biología, Microbiología y Afines o Bacteriología.

Tarjeta o matrícula profesional, en los casos reglamentados por la Ley.";Cuarenta y tres (43) meses de experiencia profesional relacionada.;43
41898;Realizar actividades de apoyo técnico, aplicando los conocimientos que permitan el mejoramiento continuo de los procesos administrativos y la ejecución de los procedimientos de la dependencia donde se encuentre ubicado el cargo.;"Título de formación Tecnológica de los Núcleos Básicos de Conocimiento en: Administración o Ingeniería Industrial y Afines.

Certificado de inscripción profesional, en los casos reglamentados por la Ley.";Nueve (9) meses de experiencia relacionada o laboral.;9;Diploma de Bachiller en cualquier modalidad.;Cuarenta y cinco (45) meses de experiencia relacionada.;45
41898;Realizar actividades de apoyo técnico, aplicando los conocimientos que permitan el mejoramiento continuo de los procesos administrativos y la ejecución de los procedimientos de la dependencia donde se encuentre ubicado el cargo.;Aprobación de tres (3) años de educación superior en la modalidad de formación tecnológica o universitaria de los Núcleos Básicos de Conocimiento en: Administración o Ingeniería Industrial y Afines.;Nueve (9) meses de experiencia relacionada o laboral.;9;Aprobación de un (1) año de educación superior en la modalidad de formación tecnológica o universitaria de los Núcleos Básicos de Conocimiento en: Administración o Ingeniería Industrial y Afines.;Veintiún (21) meses de experiencia relacionada.;21
41901;Realizar actividades de apoyo técnico, aplicando los conocimientos que permitan el mejoramiento continuo de los procesos administrativos y la ejecución de los procedimientos de la dependencia donde se encuentre ubicado el cargo.;"Título de formación Tecnológica de los Núcleos Básicos de Conocimiento en: Administración o Ingeniería Industrial y Afines.

Certificado de inscripción profesional, en los casos reglamentados por la Ley.";Nueve (9) meses de experiencia relacionada o laboral.;9;Diploma de Bachiller en cualquier modalidad.;Cuarenta y cinco (45) meses de experiencia relacionada.;45
41901;Realizar actividades de apoyo técnico, aplicando los conocimientos que permitan el mejoramiento continuo de los procesos administrativos y la ejecución de los procedimientos de la dependencia donde se encuentre ubicado el cargo.;Aprobación de tres (3) años de educación superior en la modalidad de formación tecnológica o universitaria de los Núcleos Básicos de Conocimiento en: Administración o Ingeniería Industrial y Afines.;Nueve (9) meses de experiencia relacionada o laboral.;9;Aprobación de un (1) año de educación superior en la modalidad de formación tecnológica o universitaria de los Núcleos Básicos de Conocimiento en: Administración o Ingeniería Industrial y Afines.;Veintiún (21) meses de experiencia relacionada.;21
41916;Brindar apoyo en la ejecución y seguimiento de procesos administrativos, operativos, financieros o presupuestales para el buen funcionamiento de las operaciones de la dependencia.;"Título profesional de los Núcleos Básicos de Conocimiento en: Ingeniería Industrial y Afines, Derecho y Afines, Economía, Administración o Contaduría Pública.

Tarjeta o matrícula profesional, en los casos reglamentados por la Ley.

Título de postgrado en la modalidad de especialización en áreas relacionadas con las funciones del cargo.";Diecinueve (19) meses de experiencia profesional relacionada.;19;"Título profesional de los Núcleos Básicos de Conocimiento en: Ingeniería Industrial y Afines, Derecho y Afines, Economía, Administración o Contaduría Pública.

Tarjeta o matrícula profesional, en los casos reglamentados por la Ley.";Cuarenta y tres (43) meses de experiencia profesional relacionada.;43
41903;Realizar actividades de apoyo técnico que permitan la Inspección, Vigilancia y Control de los productos competencia del INVIMA, así como resolver y remitir los informes relacionados con la expedición de los registros sanitarios.;"Título de formación técnica profesional de los Núcleos Básicos de Conocimiento en: Ingeniería Agroindustrial, Alimentos y Afines, Química y Afines, Medicina Veterinaria o Ingeniería Química y Afines.

Certificado de inscripción profesional, en los casos reglamentados por la Ley.";Seis (6) meses de experiencia relacionada o laboral.;6;Diploma de Bachiller en cualquier modalidad.;Cuarenta y dos (42) meses de experiencia relacionada.;42
41903;Realizar actividades de apoyo técnico que permitan la Inspección, Vigilancia y Control de los productos competencia del INVIMA, así como resolver y remitir los informes relacionados con la expedición de los registros sanitarios.;Aprobación de tres (3) años de educación superior en la modalidad de formación tecnológica o universitaria de los Núcleos Básicos de Conocimiento en Ingeniería Agroindustrial, Alimentos y Afines, Química y Afines, Medicina Veterinaria o Ingeniería Química y Afines.;Tres (3) meses de experiencia relacionada o laboral.;3;Aprobación de un (1) año de educación superior en la modalidad de formación tecnológica o universitaria de los Núcleos Básicos de Conocimiento en: Ingeniería Agroindustrial, Alimentos y Afines, Química y Afines, Medicina Veterinaria o Ingeniería Química y Afines.;Quince (15) meses de experiencia relacionada.;15
41904;Realizar el análisis microbiológico en alimentos basado en tecnologías y estándares internacionales, para determinar la inocuidad de los productos competencia del INVIMA como apoyo a las labores de vigilancia y control competencia de la Dirección de Alimentos y Bebidas de acuerdo con las normas y procedimientos vigentes.;"Título profesional de los Núcleos Básicos de Conocimiento en: Bacteriología o Biología, Microbiología y Afines.

Tarjeta o matrícula profesional, en los casos reglamentados por la Ley.

Título de postgrado en la modalidad de especialización en áreas relacionadas con las funciones del cargo.";Diecinueve (19) meses de experiencia profesional relacionada.;19;"Título profesional de los Núcleos Básicos de Conocimiento en: Bacteriología o Biología, Microbiología y Afines.

Tarjeta o matrícula profesional, en los casos reglamentados por la Ley.";Cuarenta y tres (43) meses de experiencia profesional relacionada.;43
41905;Realizar labores de oficina y asistencia técnica que faciliten el desarrollo de las funciones y responsabilidades de la dependencia.;"Título de formación Tecnológica de los Núcleos Básicos de Conocimiento en: Administración, Ingeniería Industrial y Afines, Bibliotecología, Otros de la Ciencias Sociales y Humanas o Derecho y Afines.

Certificado de inscripción profesional, en los casos reglamentados por la Ley.";Nueve (9) meses de experiencia relacionada o laboral.;9;Diploma de Bachiller en cualquier modalidad.;Cuarenta y Cinco (45) meses de experiencia relacionada.;45
41905;Realizar labores de oficina y asistencia técnica que faciliten el desarrollo de las funciones y responsabilidades de la dependencia.;Aprobación de tres (3) años de educación superior en la modalidad de formación tecnológica o universitaria de los Núcleos Básicos de Conocimiento en: Administración, Ingeniería Industrial y Afines, Bibliotecología, Otros de la Ciencias Sociales y Humanas o Derecho y Afines.;Nueve (9) meses de experiencia relacionada o laboral.;9;Aprobación de un (1) año de educación superior en modalidad de formación tecnológica o universitaria de los Núcleos Básicos de Conocimiento en: Administración, Ingeniería Industrial y Afines, Bibliotecología, Otros de la Ciencias Sociales y Humanas o Derecho y Afines.;Veintiún (21) meses de experiencia relacionada.;21
41906;Realizar actividades de apoyo técnico que permitan la Inspección, Vigilancia y Control y las actividades relacionadas con la expedición de los registros sanitarios y notificaciones sanitarias obligatorias de los productos cosméticos, productos de higiene personal, productos absorbentes de higiene personal y plaguicidas de uso doméstico.;"Título de formación Tecnológica de los Núcleos Básicos de Conocimiento en: Ingenieria Ambiental, Sanitaria y Afines,  Medicina, Administración, Ingeniería Industrial y Afines, Química y Afines o Biología, Microbiología y Afines.

Certificado de inscripción profesional, en los casos reglamentados por la Ley.";Nueve (9) meses de experiencia relacionada o laboral.;9;Diploma de Bachiller en cualquier modalidad.;Cuarenta y Cinco (45) meses de experiencia relacionada.;45
41906;Realizar actividades de apoyo técnico que permitan la Inspección, Vigilancia y Control y las actividades relacionadas con la expedición de los registros sanitarios y notificaciones sanitarias obligatorias de los productos cosméticos, productos de higiene personal, productos absorbentes de higiene personal y plaguicidas de uso doméstico.;Aprobación de tres (3) años de educación superior en la modalidad de formación tecnológica o universitaria de los Núcleos Básicos de Conocimiento en: Ingeniería Ambiental, Sanitaria y Afines,  Medicina, Administración, Ingeniería Industrial y Afines, Química y Afines o Biología, Microbiología y Afines.;Nueve (9) meses de experiencia relacionada o laboral.;9;Aprobación de un (1) año de educación superior en modalidad de formación tecnológica o universitaria de los Núcleos Básicos de Conocimiento en: Ingeniería Ambiental, Sanitaria y Afines,  Medicina, Administración, Ingeniería Industrial y Afines, Química y Afines o Biología, Microbiología y Afines.;Veintiún (21) meses de experiencia relacionada.;21
41907;Realizar el análisis fisicoquímico de alta complejidad para determinar la inocuidad y calidad de los alimentos y bebidas, como apoyo a las labores de vigilancia y control competencia de la Dirección de Alimentos y Bebidas de acuerdo con las normas y procedimientos vigentes.;"Título profesional de los Núcleos Básicos de Conocimiento en: Química y Afines, Ingeniería Química y Afines o Ingeniería Agroindustrial, Alimentos y Afines.

Tarjeta o matrícula profesional, en los casos reglamentados por la Ley.

Título de postgrado en la modalidad de especialización en áreas relacionadas con las funciones del cargo.";Diecinueve (19) meses de experiencia profesional relacionada;19;"Título profesional de los Núcleos Básicos de Conocimiento en: Química y Afines, Ingeniería Química y Afines o Ingeniería Agroindustrial, Alimentos y Afines.

Tarjeta o matrícula profesional, en los casos reglamentados por la Ley.";Cuarenta y tres (43) meses de experiencia profesional relacionada.;43
41908;Realizar labores de oficina y asistencia técnica que faciliten el desarrollo de las funciones y responsabilidades de la dependencia.;"Título de formación tecnológica de los Núcleos Básicos de Conocimiento en: Administración, Bibliotecología, Otros de Ciencias de Sociales y Humanas o Derecho y Afines.

Certificado de inscripción profesional, en los casos reglamentados por la Ley.";Nueve (9) meses de experiencia relacionada o laboral;9;Diploma de Bachiller en cualquier modalidad.;Cuarenta y cinco (45) meses de experiencia relacionada.;45
41908;Realizar labores de oficina y asistencia técnica que faciliten el desarrollo de las funciones y responsabilidades de la dependencia.;Aprobación de tres (3) años de educación superior en la modalidad de formación tecnológica o universitaria de los Núcleos Básicos de Conocimiento en: Administración, Bibliotecología, Otros de Ciencias de Sociales y Humanas o Derecho y Afines.;Nueve (9) meses de experiencia relacionada o laboral;9;Aprobación de un (1) año de educación superior en la modalidad de formación tecnológica o universitaria de los Núcleos Básicos de Conocimiento en: Administración, Bibliotecología, Otros de Ciencias de Sociales y Humanas o Derecho y Afines.;Veintiún (21) meses de experiencia relacionada.;21
41910;Apoyar y brindar apoyo técnico en las actividades de formulación y ejecución de políticas referidas a los procesos sancionatorios derivados de las actividades de inspección, vigilancia y control efectuados por el instituto dentro de las competencias misionales establecidas para tal fin, conforme a las normas vigentes.;"Título de formación tecnológica de los Núcleos Básicos de Conocimiento en: Administración, Ingeniería Industrial y Afines, Derecho y Afines o Bibliotecología, Otros de la Ciencias Sociales y Humanas.

Certificado de inscripción profesional, en los casos reglamentados por la Ley.";Seis (6) meses de experiencia relacionada o laboral.;6;Diploma de Bachiller en cualquier modalidad.;Cuarenta y dos (42) meses de experiencia relacionada.;42
41910;Apoyar y brindar apoyo técnico en las actividades de formulación y ejecución de políticas referidas a los procesos sancionatorios derivados de las actividades de inspección, vigilancia y control efectuados por el instituto dentro de las competencias misionales establecidas para tal fin, conforme a las normas vigentes.;Aprobación de tres (3) años de educación superior en la modalidad de formación tecnológica o universitaria de los Núcleos Básicos de Conocimiento en: Administración, Ingeniería Industrial y Afines, Derecho y Afines o Bibliotecología, Otros de la Ciencias Sociales y Humanas.;Quince (15) meses de experiencia relacionada o laboral.;15;Aprobación de un (1) año de educación superior en la modalidad de formación tecnológica o universitaria de los Núcleos Básicos de Conocimiento en: Administración, Ingeniería Industrial y Afines, Derecho y Afines o Bibliotecología, Otros de la Ciencias Sociales y Humanas.;Veintisiete (27) meses de experiencia relacionada.;27
41912;Participar en la elaboración de planes y recomendar las acciones que deban adoptarse para el logro de los objetivos y las metas propuestas.;"Título profesional de los Núcleos Básicos de Conocimiento en: Administración, Derecho y Afines, Ingeniería Industrial y Afines, Economía o Contaduría Pública.

Tarjeta o matrícula profesional, en los casos reglamentados por la Ley.

Título de postgrado en la modalidad de especialización en áreas relacionadas con las funciones del cargo.";Diecinueve (19) meses de experiencia profesional relacionada.;19;"Título profesional de los Núcleos Básicos de Conocimiento en: Administración, Derecho y Afines, Ingeniería Industrial y Afines, Economía o Contaduría Pública.

Tarjeta o matrícula profesional, en los casos reglamentados por la Ley.";Cuarenta y tres (43) meses de experiencia profesional relacionada.;43
41913;Efectuar actividades de identificación, extracción, verificación y carga de la información requerida para la generación de indicadores, reportes y bodegas de datos del Instituto.;"Título profesional de los Núcleos Básicos de Conocimiento en: Ingeniería de Sistemas, Telemática y Afines o Ingeniería Electrónica, Telecomunicaciones y Afines.
 
Tarjeta o matrícula profesional, en los casos reglamentados por la Ley.";Treinta (30) meses de experiencia profesional relacionada.;30;"Título profesional de los Núcleos Básicos de Conocimiento en: Ingeniería de Sistemas, Telemática y Afines o Ingeniería Electrónica, Telecomunicaciones y Afines.
 
Tarjeta o matrícula profesional, en los casos reglamentados por la Ley. 

Título de postgrado en la modalidad de especialización en áreas relacionadas con las funciones del cargo.";Seis (6) meses de experiencia profesional relacionada.;6
41914;Supervisar la elaboración oportuna de estudios previos que se requieran para el adecuado funcionamiento de cada una de las dependencias de la Entidad así como el análisis del sector económico del objeto a contratar con el fin de garantizar la selección objetiva de los oferentes.;"Título profesional de los Núcleos Básicos de Conocimiento en: Ingeniería Industrial y Afines, Derecho y Afines, Economía, Administración o Contaduría Pública.

Tarjeta o matrícula profesional, en los casos reglamentados por la Ley.";Treinta (30) meses de experiencia profesional relacionada.;30;"Título profesional de los Núcleos Básicos de Conocimiento en: Ingeniería Industrial y Afines, Derecho y Afines, Economía, Administración o Contaduría Pública.

Tarjeta o matrícula profesional, en los casos reglamentados por la Ley.

Título de postgrado en la modalidad de especialización en áreas relacionadas con las funciones del cargo.";Seis (6) meses de experiencia profesional relacionada.;6
41915;Brindar apoyo en la ejecución y seguimiento de procesos administrativos, operativos, financieros o presupuestales para el buen funcionamiento de las operaciones de la dependencia.;"Título profesional de los Núcleos Básicos de Conocimiento en: Ingeniería Industrial y Afines, Derecho y Afines, Economía, Administración o Contaduría Pública.

Tarjeta o matrícula profesional, en los casos reglamentados por la Ley.

Título de postgrado en la modalidad de especialización en áreas relacionadas con las funciones del cargo.";Diecinueve (19) meses de experiencia profesional relacionada.;19;"Título profesional de los Núcleos Básicos de Conocimiento en: Ingeniería Industrial y Afines, Derecho y Afines, Economía, Administración o Contaduría Pública.

Tarjeta o matrícula profesional, en los casos reglamentados por la Ley.";Cuarenta y tres (43) meses de experiencia profesional relacionada.;43
41917;Apoyar y brindar asistencia técnica en las actividades de trámite de los procesos sancionatorios derivados de las actividades de inspección, vigilancia y control efectuados por el instituto dentro de las competencias misionales establecidas para tal fin, conforme a las normas vigentes.;"Título de formación tecnológica de los Núcleos Básicos de Conocimiento en: Administración, Ingeniería Industrial y Afines, Derecho y Afines o Bibliotecología, Otros de las Ciencias Sociales y Humanas.

Certificado de inscripción profesional, en los casos reglamentados por la Ley.";Nueve (9) meses de experiencia relacionada o laboral.;9;Diploma de Bachiller en cualquier modalidad.;Cuarenta y cinco (45) meses de experiencia relacionada.;45
41917;Apoyar y brindar asistencia técnica en las actividades de trámite de los procesos sancionatorios derivados de las actividades de inspección, vigilancia y control efectuados por el instituto dentro de las competencias misionales establecidas para tal fin, conforme a las normas vigentes.;Aprobación de tres (3) años de educación superior en la modalidad de formación tecnológica o universitaria de los Núcleos Básicos de Conocimiento en: Administración, Ingeniería Industrial y Afines, Derecho y Afines o Bibliotecología, Otros de las Ciencias Sociales y Humanas.;Nueve (9) meses de experiencia relacionada o laboral.;9;Aprobación de un (1) año de educación superior en la modalidad de formación tecnológica o universitaria de los Núcleos Básicos de Conocimiento en: Administración, Ingeniería Industrial y Afines, Derecho y Afines o Bibliotecología, Otros de las Ciencias Sociales y Humanas.;Veintiún (21) meses de experiencia relacionada.;21
41919;Consolidación, elaboración y seguimiento al Plan Anual de Adquisiciones del Instituto y su publicación en la página de www.colombiacompra.gov.co.;"Título profesional de los Núcleos Básicos de Conocimiento en: Ingeniería Industrial y Afines, Derecho y Afines, Economía, Administración o Contaduría Pública.

Tarjeta o matrícula profesional, en los casos reglamentados por la Ley.";Treinta (30) meses de experiencia profesional relacionada.;30;"Título profesional de los Núcleos Básicos de Conocimiento en: Ingeniería Industrial y Afines, Derecho y Afines, Economía, Administración o Contaduría Pública.

Tarjeta o matrícula profesional, en los casos reglamentados por la Ley.

Título de postgrado en la modalidad de especialización en áreas relacionadas con las funciones del cargo.";Seis (6) meses de experiencia profesional relacionada.;6
41920;Adelantar los procesos disciplinarios asignados, de acuerdo con las políticas fijadas por la coordinación y según las disposiciones y términos legales vigentes.;"Título profesional de los Núcleos Básicos de Conocimiento en: Derecho y Afines.

Tarjeta o matrícula profesional en los casos reglamentados por la Ley.";Treinta (30) meses de experiencia profesional relacionada.;30;"Título profesional de los Núcleos Básicos de Conocimiento en: Derecho y Afines.

Tarjeta o matrícula profesional en los casos reglamentados por la Ley.

Título de postgrado en la modalidad de especialización en áreas relacionadas con las funciones del cargo.";Seis (6) meses de experiencia profesional relacionada.;6
41921;Ayudar con las actividades inherentes a la administración de los recursos físicos y prestación de servicios administrativos: mantenimiento y conservación de las instalaciones, equipos y elementos de oficina, así como la custodia de los mismos.;"Título de formación tecnológica de los Núcleos Básicos de Conocimiento en: Administración, Contaduría Pública, Ingeniería Administrativa y Financiera, Ingeniería Civil y Afines, Ingeniería Industrial y Afines o Ingeniería Eléctrica y Afines.

Certificado de inscripción profesional, en los casos reglamentados por la Ley.";Nueve (9) meses de experiencia relacionada o laboral.;9;Diploma de Bachiller en cualquier modalidad.;Cuarenta y Cinco (45) meses de experiencia relacionada.;45
41921;Ayudar con las actividades inherentes a la administración de los recursos físicos y prestación de servicios administrativos: mantenimiento y conservación de las instalaciones, equipos y elementos de oficina, así como la custodia de los mismos.;Aprobación de tres (3) años de educación superior en la modalidad de formación tecnológica o universitaria de los Núcleos Básicos de Conocimiento en: Administración, Contaduría Pública, Ingeniería Administrativa y Financiera, Ingeniería Civil y Afines, Ingeniería Industrial y Afines o Ingeniería Eléctrica y Afines.;Nueve (9) meses de experiencia relacionada o laboral.;9;Aprobación de un (1) año de educación superior en la modalidad de formación tecnológica o universitaria de los Núcleos Básicos de Conocimiento en: Administración, Contaduría Pública, Ingeniería Administrativa y Financiera, Ingeniería Civil y Afines, Ingeniería Industrial y Afines o Ingeniería Eléctrica y Afines.;Veintiún (21) meses de experiencia relacionada.;21
41922;Ejecutar todas las acciones necesarias que se desarrollen en las diferentes etapas del proceso contractual que adelante el INVIMA, en cumplimiento de sus objetivos, metas y funciones institucionales, de acuerdo con los requerimientos de las dependencias, la normatividad vigente, los principios de la contratación y los fines del Estado. Así como  colaborar en las diferentes actividades propias de la dependencia.;"Título profesional de los Núcleos Básicos de Conocimiento en: Derecho y Afines o Administración.

Tarjeta o matrícula profesional, en los casos reglamentados por la Ley.";Treinta (30) meses de experiencia profesional relacionada.;30;"Título profesional de los Núcleos Básicos de Conocimiento en: Derecho y Afines o Administración.

Tarjeta o matrícula profesional, en los casos reglamentados por la Ley.

Título de postgrado en la modalidad de especialización en áreas relacionadas con las funciones del cargo.";Seis (6) meses de experiencia profesional relacionada.;6
41923;Atender los requerimientos y/o solicitudes de apoyo tecnológico los usuarios del Instituto, asegurando la solución y operación del hardware y software de los equipos de cómputo a través de los acuerdos de servicios establecidos para el Instituto.;"Título de formación Tecnológica de los Núcleos Básicos de Conocimiento en: Ingeniería de Sistemas, Telemática y Afines, Ingeniería Electrónica, Telecomunicaciones y Afines o Administración.

Certificado de inscripción profesional, en los casos reglamentados por la Ley.";Nueve (9) meses de experiencia relacionada o laboral.;9;Diploma de Bachiller en cualquier modalidad.;Cuarenta y Cinco (45) meses de experiencia relacionada.;45
41923;Atender los requerimientos y/o solicitudes de apoyo tecnológico los usuarios del Instituto, asegurando la solución y operación del hardware y software de los equipos de cómputo a través de los acuerdos de servicios establecidos para el Instituto.;Aprobación de tres (3) años de educación superior en la modalidad de formación tecnológica o universitaria de los Núcleos Básicos de Conocimiento en: Ingeniería de Sistemas, Telemática y Afines, Ingeniería Electrónica, Telecomunicaciones y Afines o Administración.;Nueve (9) meses de experiencia relacionada o laboral.;9;Aprobación de un (1) año de educación superior en modalidad de formación tecnológica o universitaria de los Núcleos Básicos de Conocimiento en: Ingeniería de Sistemas, Telemática y Afines, Ingeniería Electrónica, Telecomunicaciones y Afines o Administración.;Veintiún (21) meses de experiencia relacionada.;21
41924;Apoyar en la ejecución de planes y proyectos que contribuyan al mejoramiento de los procesos de la dependencia.;"Título de formación tecnológica de los Núcleos Básicos de Conocimiento en: Administración, Ingeniería Industrial y Afines o Derecho y Afines.

Certificado de inscripción profesional, en los casos reglamentados por la Ley.";Nueve (9) meses de experiencia relacionada o laboral.;9;Diploma de Bachiller en cualquier modalidad.;Cuarenta y Cinco (45) meses de experiencia relacionada.;45
41924;Apoyar en la ejecución de planes y proyectos que contribuyan al mejoramiento de los procesos de la dependencia.;Aprobación de tres (3) años de educación superior en la modalidad de formación tecnológica o universitaria de los Núcleos Básicos de Conocimiento en: Administración, Ingeniería Industrial y Afines o Derecho y Afines.;Nueve (9) meses de experiencia relacionada o laboral.;9;Aprobación de un (1) año de educación superior en la modalidad de formación tecnológica o universitaria de los Núcleos Básicos de Conocimiento en: Administración, Ingeniería Industrial y Afines o Derecho y Afines.;Veintiún (21) meses de experiencia relacionada.;21
41925;Apoyar y recomendar legalmente en todos los asuntos de competencia de la dependencia y de los programas del Instituto.;"Título profesional de los Núcleos Básicos de Conocimiento en: Derecho y Afines.

Tarjeta o matrícula profesional, en los casos reglamentados por la Ley.

Título de postgrado en la modalidad de especialización en áreas relacionadas con las funciones del cargo.";Diecinueve (19) meses de experiencia profesional relacionada.;19;"Título profesional de los Núcleos Básicos de Conocimiento en: Derecho y Afines.

Tarjeta o matrícula profesional, en los casos reglamentados por la Ley.";Cuarenta y tres (43) meses de experiencia profesional relacionada.;43
41926;Desarrollar actividades de apoyo técnico y administrativo en la ejecución de procesos administrativos y en la ejecución de los procedimientos de la dependencia.;"Título de formación tecnológica de los Núcleos Básicos de Conocimiento en: Administración, Ingeniería Industrial y Afines, Derecho y Afines o Bibliotecología, Otros de las Ciencias Sociales y Humanas.

Certificado de inscripción profesional, en los casos reglamentados por la Ley.";Nueve (9) meses de experiencia relacionada o laboral.;9;Diploma de Bachiller en cualquier modalidad.;Cuarenta y Cinco (45) meses de experiencia relacionada.;45
41926;Desarrollar actividades de apoyo técnico y administrativo en la ejecución de procesos administrativos y en la ejecución de los procedimientos de la dependencia.;Aprobación de tres (3) años de educación superior en la modalidad de formación tecnológica o universitaria de los Núcleos Básicos de Conocimiento en: Administración, Ingeniería Industrial y Afines, Derecho y Afines o Bibliotecología, Otros de las Ciencias Sociales y Humanas.;Nueve (9) meses de experiencia relacionada o laboral.;9;Aprobación de un (1) año de educación superior en la modalidad de formación tecnológica o universitaria de los Núcleos Básicos de Conocimiento en: Administración, Ingeniería Industrial y Afines, Derecho y Afines o Bibliotecología, Otros de las Ciencias Sociales y Humanas.;Veintiún (21) meses de experiencia relacionada.;21
41927;Apoyar y recomendar legalmente en todos los asuntos de competencia de la dependencia y de los programas del Instituto.;"Título profesional de los Núcleos Básicos de Conocimiento en: Derecho y Afines.

Tarjeta o matrícula profesional, en los casos reglamentados por la Ley.

Título de postgrado en la modalidad de especialización en áreas relacionadas con las funciones del cargo.";Diecinueve (19) meses de experiencia profesional relacionada.;19;"Título profesional de los Núcleos Básicos de Conocimiento en: Derecho y Afines.

Tarjeta o matrícula profesional, en los casos reglamentados por la Ley.";Cuarenta y tres (43) meses de experiencia profesional relacionada.;43
41928;Apoyar la Oficina de Laboratorio y Control de Calidad en el proceso de adquisición, almacenamiento y suministro de insumos para los laboratorios de conformidad con el procedimiento establecido.;"Título de formación Tecnológica de los Núcleos Básicos de Conocimiento en: Química y Afines, Biología, Microbiología y Afines, Ingeniería Química y Afines.

Certificado de inscripción profesional, en los casos reglamentados por la Ley.";Nueve (9) meses de experiencia relacionada o laboral.;9;Diploma de Bachiller en cualquier modalidad.;Cuarenta y Cinco (45) meses de experiencia relacionada.;45
41928;Apoyar la Oficina de Laboratorio y Control de Calidad en el proceso de adquisición, almacenamiento y suministro de insumos para los laboratorios de conformidad con el procedimiento establecido.;Aprobación de tres (3) años de educación superior en la modalidad de formación tecnológica o universitaria de los Núcleos Básicos de Conocimiento en: Química y Afines, Biología, Microbiología y Afines, Ingeniería Química y Afines.;Nueve (9) meses de experiencia relacionada o laboral.;9;Aprobación de un (1) año de educación superior en la modalidad de formación tecnológica o universitaria de los Núcleos Básicos de Conocimiento en: Química y Afines, Biología, Microbiología y Afines, Ingeniería Química y Afines.;Veintiún (21) meses de experiencia relacionada.;21
41929;Realizar las actividades que se generen del manejo del sistema de información en la inspección vigilancia y control de los productos competencia del INVIMA, para la protección de la salud de la población, de acuerdo con las normas y procedimientos vigentes.;"Título profesional de los Núcleos Básicos de Conocimiento en: Medicina, Medicina Veterinaria, Zootecnia, Química y Afines, Ingeniería Química y Afines, Ingeniería Agroindustrial, Alimentos y Afines,  Ingeniería Agronómica, Pecuaria y Afines, Agronomía, Otras Ingenierías, Ingeniería Electrónica, Telecomunicaciones y Afines, Bacteriología, Biología, Microbiología y Afines, Odontología, Ingeniería Biomédica y Afines o Ingeniería Industrial y Afines.

Tarjeta o matrícula profesional, en los casos reglamentados por la Ley.

Título de postgrado en modalidad de especialización en áreas relacionadas con las funciones del cargo.";Diecinueve (19) meses de experiencia profesional relacionada;19;"Título profesional de los Núcleos Básicos de Conocimiento en: Medicina, Medicina Veterinaria, Zootecnia, Química y Afines, Ingeniería Química y Afines, Ingeniería Agroindustrial, Alimentos y Afines,  Ingeniería Agronómica, Pecuaria y Afines, Agronomía, Otras Ingenierías, Ingeniería Electrónica, Telecomunicaciones y Afines, Bacteriología, Biología, Microbiología y Afines, Odontología, Ingeniería Biomédica y Afines o Ingeniería Industrial y Afines.

Tarjeta o matrícula profesional, en los casos reglamentados por la Ley.";Cuarenta y tres (43) meses de experiencia profesional relacionada.;43
41931;Desarrollar los planes, programas,  proyectos y actividades relacionados con la administración y control de los bienes del instituto, en lo referente a su almacenamiento, distribución, conservación y aseguramiento.;"Título profesional de los Núcleos Básicos de Conocimiento en: Ingeniería Industrial y Afines, Ingeniería Civil y Afines, Administración, Contaduría Pública o Economía.

Tarjeta o matrícula profesional, en los casos reglamentados por la Ley.";Treinta (30) meses de experiencia profesional relacionada.;30;"Título profesional de los Núcleos Básicos de Conocimiento en: Ingeniería Industrial y Afines, Ingeniería Civil y Afines, Administración, Contaduría Pública o Economía.

Tarjeta o matrícula profesional, en los casos reglamentados por la Ley.

Título de postgrado en la modalidad de especialización en áreas relacionadas con las funciones del cargo.";Seis (6) meses de experiencia profesional relacionada.;6
41930;Realizar actividades de apoyo, relacionadas con la preparación de los materiales requeridos en las pruebas de control de calidad desarrolladas en el laboratorio de Productos Biológicos teniendo en cuanta las especificaciones, procedimientos y medidas de bioseguridad establecidas y actividades de asistencia administrativa, que faciliten el desarrollo y ejecución do las funciones y responsabilidades de los niveles superiores en la gestión del laboratorio.;"Título de formación tecnológica de los Núcleos Básicos de Conocimiento en: Química y Afines o Bacteriología.

Certificado de inscripción profesional, en los casos reglamentados por la Ley.";Nueve (9) meses de experiencia relacionada o laboral.;9;Diploma de Bachiller en cualquier modalidad.;Cuarenta y Cinco (45) meses de experiencia relacionada.;45
41930;Realizar actividades de apoyo, relacionadas con la preparación de los materiales requeridos en las pruebas de control de calidad desarrolladas en el laboratorio de Productos Biológicos teniendo en cuanta las especificaciones, procedimientos y medidas de bioseguridad establecidas y actividades de asistencia administrativa, que faciliten el desarrollo y ejecución do las funciones y responsabilidades de los niveles superiores en la gestión del laboratorio.;Aprobación de tres (3) años de educación superior en la modalidad de formación tecnológica o universitaria de los Núcleos Básicos de Conocimiento en: Química y Afines o Bacteriología.;Nueve (9) meses de experiencia relacionada o laboral.;9;Aprobación de un (1) año de educación superior en la modalidad de formación tecnológica o universitaria de los Núcleos Básicos de Conocimiento en: Química y Afines o Bacteriología.;Veintiún (21) meses de experiencia relacionada.;21
41932;Realizar las actividades que se generen del manejo del sistema de información en la inspección vigilancia y control de los productos competencia del INVIMA, para la protección de la salud de la población, de acuerdo con las normas y procedimientos vigentes.;"Título profesional de los Núcleos Básicos de Conocimiento en: Medicina, Medicina Veterinaria, Zootecnia, Química y Afines, Ingeniería Química y Afines, Ingeniería Agroindustrial, Alimentos y Afines,  Ingeniería Agronómica, Pecuaria y Afines, Agronomía, Otras Ingenierías, Ingeniería Electrónica, Telecomunicaciones y Afines, Bacteriología, Biología, Microbiología y Afines, Odontología, Ingeniería Biomédica y Afines o Ingeniería Industrial y Afines.

Tarjeta o matrícula profesional, en los casos reglamentados por la Ley.

Título de postgrado en modalidad de especialización en áreas relacionadas con las funciones del cargo.";Diecinueve (19) meses de experiencia profesional relacionada;19;"Título profesional de los Núcleos Básicos de Conocimiento en: Medicina, Medicina Veterinaria, Zootecnia, Química y Afines, Ingeniería Química y Afines, Ingeniería Agroindustrial, Alimentos y Afines,  Ingeniería Agronómica, Pecuaria y Afines, Agronomía, Otras Ingenierías, Ingeniería Electrónica, Telecomunicaciones y Afines, Bacteriología, Biología, Microbiología y Afines, Odontología, Ingeniería Biomédica y Afines o Ingeniería Industrial y Afines.

Tarjeta o matrícula profesional, en los casos reglamentados por la Ley.";Cuarenta y tres (43) meses de experiencia profesional relacionada.;43
41936;Responder por que los equipos, reactivos e insumos del laboratorio de microbiología de alimentos estén disponibles en calidad y cantidad suficiente para la realización de los análisis, así como la realización de actividades de apoyo, cumpliendo con los requerimientos establecidos en las normas y procedimientos vigentes.;"Título de formación tecnológica de los Núcleos Básicos de Conocimiento en: Ingeniería Agroindustrial, Alimentos y Afines. 

Certificado de inscripción profesional, en los casos reglamentados por la Ley.";Nueve (9) meses de experiencia relacionada o laboral;9;Diploma de Bachiller en cualquier modalidad.;Cuarenta y cinco (45) meses de experiencia relacionada.;45
41936;Responder por que los equipos, reactivos e insumos del laboratorio de microbiología de alimentos estén disponibles en calidad y cantidad suficiente para la realización de los análisis, así como la realización de actividades de apoyo, cumpliendo con los requerimientos establecidos en las normas y procedimientos vigentes.;Aprobación de tres (3) años de educación superior en la modalidad de formación tecnológica o universitaria de los Núcleos Básicos de Conocimiento en: Ingeniería 7Agroindustrial, Alimentos y Afines.;Nueve (9) meses de experiencia relacionada o laboral;9;Aprobación de un (1) año de educación superior en la modalidad de formación tecnológica o universitaria de los Núcleos Básicos de Conocimiento en: Ingeniería Agroindustrial, Alimentos y Afines.;Veintiún (21) meses de experiencia relacionada.;21
41933;Responder por que los equipos, reactivos e insumos del laboratorio de productos farmacéuticos y otras tecnologías,  estén disponibles en calidad y cantidad suficiente para la realización de los análisis, así como la realización de actividades de apoyo, cumpliendo con los requerimientos establecidos en las normas y procedimientos vigentes.;"Título de formación tecnológica de los Núcleos Básicos de Conocimiento en: Química y Afines o Ingeniería Química y Afines.

Certificado de inscripción profesional, en los casos reglamentados por la Ley.";Nueve (9) meses de experiencia relacionada o laboral.;9;Diploma de Bachiller en cualquier modalidad.;Cuarenta y Cinco (45) meses de experiencia relacionada.;45
41933;Responder por que los equipos, reactivos e insumos del laboratorio de productos farmacéuticos y otras tecnologías,  estén disponibles en calidad y cantidad suficiente para la realización de los análisis, así como la realización de actividades de apoyo, cumpliendo con los requerimientos establecidos en las normas y procedimientos vigentes.;Aprobación de tres (3) años de educación superior en la modalidad de formación tecnológica o universitaria de los Núcleos Básicos de Conocimiento en: Química y Afines o Ingeniería Química y Afines.;Nueve (9) meses de experiencia relacionada o laboral.;9;Aprobación de un (1) año de educación superior en la modalidad de formación tecnológica o universitaria de los Núcleos Básicos de Conocimiento en: Química y Afines o Ingeniería Química y Afines.;Veintiún (21) meses de experiencia relacionada.;21
41934;Realizar las actividades necesarias en  operación, monitoreo,  administración de los recursos del centro de datos, promoviendo la disponibilidad sobre los servicios tecnológicos, respaldados en los Sistemas Operativos de los servidores, equipos de comunicaciones y seguridad, Directorio Activo, correo electrónico, herramientas de colaboración, consola de antivirus, y ejecución de copias de seguridad.;"Título profesional de los Núcleos Básicos de Conocimiento en: Ingeniería de Sistemas, Telemática y Afines o Ingeniería Electrónica, Telecomunicaciones Y Afines.

Tarjeta o matricula profesional, en los casos reglamentados por la ley.";Treinta (30) meses de experiencia profesional relacionada.;30;"Título profesional de los Núcleos Básicos de Conocimiento en: Ingeniería de Sistemas, Telemática y Afines o Ingeniería Electrónica, Telecomunicaciones Y Afines.

Tarjeta o matricula profesional, en los casos reglamentados por la ley.

Título de postgrado en la modalidad de especialización en áreas relacionadas con las funciones del cargo.";Seis (6) meses de experiencia profesional relacionada.;6
41938;Realizar actividades del Grupo Laboratorio Fisicoquímico de Alimentos y Bebidas, en el desarrollo de las actividades de técnicas y administrativas según las normas, estándares y procedimientos vigentes., así como la realización de actividades de apoyo, cumpliendo con los requerimientos establecidos en las normas y procedimientos vigentes.;"Título de formación tecnológica de los Núcleos Básicos de Conocimiento en: Ingeniería Agroindustrial, Alimentos y Afines, Ingeniería Química y Afines o Química y Afines.

Certificado de inscripción profesional, en los casos reglamentados por la Ley.";Nueve (9) meses de experiencia relacionada o laboral;9;Diploma de Bachiller en cualquier modalidad.;Cuarenta y cinco (45) meses de experiencia relacionada.;45
41938;Realizar actividades del Grupo Laboratorio Fisicoquímico de Alimentos y Bebidas, en el desarrollo de las actividades de técnicas y administrativas según las normas, estándares y procedimientos vigentes., así como la realización de actividades de apoyo, cumpliendo con los requerimientos establecidos en las normas y procedimientos vigentes.;Aprobación de tres (3) años de educación superior en la modalidad de formación tecnológica o universitaria de los Núcleos Básicos de Conocimiento en: Ingeniería Agroindustrial, Alimentos y Afines, Ingeniería Química y Afines o Química y Afines.;Nueve (9) meses de experiencia relacionada o laboral;9;Aprobación de un (1) año de educación superior en la modalidad de formación tecnológica o universitaria de los Núcleos Básicos de Conocimiento en: Ingeniería Agroindustrial, Alimentos y Afines, Ingeniería Química y Afines o Química y Afines.;Veintiún (21) meses de experiencia relacionada.;21
41940;Realizar labores de oficina y asistencia técnica que faciliten el desarrollo de las funciones y responsabilidades de la dependencia.;"Título de formación tecnológica de los Núcleos Básicos de Conocimiento en: Administración, Ingeniería Industrial y Afines, Derecho y Afines o Bibliotecología, Otros de las Ciencias Sociales y Humanas.

Certificado de inscripción profesional, en los casos reglamentados por la Ley.";Nueve (9) meses de experiencia relacionada o laboral.;9;Diploma de Bachiller en cualquier modalidad.;Cuarenta y Cinco (45) meses de experiencia relacionada.;45
41940;Realizar labores de oficina y asistencia técnica que faciliten el desarrollo de las funciones y responsabilidades de la dependencia.;Aprobación de tres (3) años de educación superior en la modalidad de formación tecnológica o universitaria de los Núcleos Básicos de Conocimiento en: Administración, Ingeniería Industrial y Afines, Derecho y Afines o Bibliotecología, Otros de las Ciencias Sociales y Humanas.;Nueve (9) meses de experiencia relacionada o laboral.;9;Aprobación de un (1) año de educación superior en la modalidad de formación tecnológica o universitaria de los Núcleos Básicos de Conocimiento en: Administración, Ingeniería Industrial y Afines, Derecho y Afines o Bibliotecología, Otros de las Ciencias Sociales y Humanas.;Veintiún (21) meses de experiencia relacionada.;21
41941;Proponer el desarrollo de políticas, planes, programas, proyectos y procedimientos relacionados con la gestión e implementación de los procesos de inspección, vigilancia y control de riesgos que afectan la inocuidad de los alimentos, especialmente de las cadenas de frutas y de otros vegetales competencia de la Dirección de Alimentos y Bebidas, de acuerdo con las normas y procedimientos vigentes.;"Título profesional en: Química Farmacéutica, Ingeniería de Alimentos, Bioquímica de Alimentos, Química de Alimentos, Ciencia y Tecnología de Alimentos, Ingeniería Química, Ingeniería Industrial de Alimentos, Ingeniería Agroindustrial o Bacteriología.

Tarjeta o matrícula profesional, en los casos reglamentados por la Ley.

Título de postgrado en la modalidad de especialización en áreas relacionadas con las funciones del cargo.";Dieciséis (16) meses de experiencia profesional relacionada.;16;"Título profesional en: Química Farmacéutica, Ingeniería de Alimentos, Bioquímica de Alimentos, Química de Alimentos, Ciencia y Tecnología de Alimentos, Ingeniería Química, Ingeniería Industrial de Alimentos, Ingeniería Agroindustrial o Bacteriología.

Tarjeta o matrícula profesional, en los casos reglamentados por la Ley.";Cuarenta (40) meses de experiencia profesional relacionada.;40
41942;Administrar el Centro de Datos del Instituto y su infraestructura tecnológica, gestionando, implementando y controlando los recursos físicos y lógicos del mismo, garantizando la operación de las plataformas tecnológicas, acorde a los controles establecidos, planes de contingencia y seguridad en la plataforma.;"Título profesional de los Núcleos Básicos de Conocimiento en: Ingeniería de Sistemas, Telemática y Afines o Ingeniería Electrónica, Telecomunicaciones y Afines.

Tarjeta o matricula profesional, en los casos reglamentados por la ley.";Treinta (30) meses de experiencia profesional relacionada.;30;"Título profesional de los Núcleos Básicos de Conocimiento en: Ingeniería de Sistemas, Telemática y Afines o Ingeniería Electrónica, Telecomunicaciones Y Afines.

Tarjeta o matricula profesional, en los casos reglamentados por la ley.

Título de postgrado en la modalidad de especialización en áreas relacionadas con las funciones del cargo.";Seis (6) meses de experiencia profesional relacionada.;6
41944;Participar en forma activa, en el desarrollo, mantenimiento y mejora del Sistema de Gestión de Calidad, en el modelo estándar de control interno y en los demás sistemas de gestión, aplicando principios de autocontrol necesarios para el cumplimiento de la misión institucional.;"Título profesional de los Núcleos Básicos de Conocimiento en: Administración o  Ingeniería Industrial y Afines.

Tarjeta o matrícula profesional en los casos reglamentados por la Ley.";Treinta (30) meses de experiencia profesional relacionada.;30;"Título profesional de los Núcleos Básicos de Conocimiento en: Administración o  Ingeniería Industrial y Afines.

Tarjeta o matrícula profesional en los casos reglamentados por la Ley.

Título de postgrado en la modalidad de especialización en áreas relacionadas con las funciones del cargo.";Seis (6) meses de experiencia profesional relacionada.;6
41945;Tramitar las solicitudes de Registro Sanitario de los productos competencia de la dirección y demás novedades relacionadas con el mismo, de acuerdo a las normas y procedimientos vigentes.;"Título profesional de los Núcleos Básicos de Conocimiento en: Química y Afines, Ingeniería Agroindustrial, Alimentos y Afines o Ingeniería Química y Afines.

Tarjeta o matrícula profesional, en los casos reglamentados por la Ley.

Título de postgrado en la modalidad de especialización en áreas relacionadas con las funciones del cargo.";Dieciséis (16) meses de experiencia profesional relacionada.;16;"Título profesional de los Núcleos Básicos de Conocimiento en: Química y Afines, Ingeniería Agroindustrial, Alimentos y Afines o Ingeniería Química y Afines.

Tarjeta o matrícula profesional, en los casos reglamentados por la Ley.";Cuarenta (40) meses de experiencia profesional relacionada.;40
41946;Realizar labores de oficina y asistencia técnica que faciliten el desarrollo de las funciones y responsabilidades de la dependencia.;"Título de formación tecnológica de los Núcleos Básicos de Conocimiento en: Administración, Ingeniería Industrial y Afines, Derecho y Afines o Bibliotecología, Otros de las Ciencias Sociales y Humanas.

Certificado de inscripción profesional, en los casos reglamentados por la Ley.";Nueve (9) meses de experiencia relacionada o laboral.;9;Diploma de Bachiller en cualquier modalidad.;Cuarenta y Cinco (45) meses de experiencia relacionada.;45
41946;Realizar labores de oficina y asistencia técnica que faciliten el desarrollo de las funciones y responsabilidades de la dependencia.;Aprobación de tres (3) años de educación superior en la modalidad de formación tecnológica o universitaria de los Núcleos Básicos de Conocimiento en: Administración, Ingeniería Industrial y Afines, Derecho y Afines o Bibliotecología, Otros de las Ciencias Sociales y Humanas.;Nueve (9) meses de experiencia relacionada o laboral.;9;Aprobación de un (1) año de educación superior en la modalidad de formación tecnológica o universitaria de los Núcleos Básicos de Conocimiento en: Administración, Ingeniería Industrial y Afines, Derecho y Afines o Bibliotecología, Otros de las Ciencias Sociales y Humanas.;Veintiún (21) meses de experiencia relacionada.;21
41948;Realizar labores de oficina y asistencia técnica que faciliten el desarrollo de las funciones y responsabilidades de la dependencia.;"Título de formación tecnológica de los Núcleos Básicos de Conocimiento en: Administración, Ingeniería Industrial y Afines, Derecho y Afines o Bibliotecología, Otros de las Ciencias Sociales y Humanas.

Certificado de inscripción profesional, en los casos reglamentados por la Ley.";Nueve (9) meses de experiencia relacionada o laboral.;9;Diploma de Bachiller en cualquier modalidad.;Cuarenta y Cinco (45) meses de experiencia relacionada.;45
41948;Realizar labores de oficina y asistencia técnica que faciliten el desarrollo de las funciones y responsabilidades de la dependencia.;Aprobación de tres (3) años de educación superior en la modalidad de formación tecnológica o universitaria de los Núcleos Básicos de Conocimiento en: Administración, Ingeniería Industrial y Afines, Derecho y Afines o Bibliotecología, Otros de las Ciencias Sociales y Humanas.;Nueve (9) meses de experiencia relacionada o laboral.;9;Aprobación de un (1) año de educación superior en la modalidad de formación tecnológica o universitaria de los Núcleos Básicos de Conocimiento en: Administración, Ingeniería Industrial y Afines, Derecho y Afines o Bibliotecología, Otros de las Ciencias Sociales y Humanas.;Veintiún (21) meses de experiencia relacionada.;21
41947;Efectuar los pagos y transacciones financieras, manejar el Terminal Empresarial Bancario, en desarrollo del objetivo Institucional de acuerdo con las normas vigentes, normas de seguridad y Manual de Procesos y Procedimientos adoptados por la Entidad.;"Título profesional de los Núcleos Básicos de Conocimiento en: Contaduría Pública, Economía, Administración o Ingeniería Industrial y Afines.

Tarjeta o matrícula profesional en los casos reglamentados por la Ley.";Treinta (30) meses de experiencia profesional relacionada.;30;"Título profesional de los Núcleos Básicos de Conocimiento en: Contaduría Pública, Economía, Administración o Ingeniería Industrial y Afines.

Tarjeta o matrícula profesional en los casos reglamentados por la Ley.

Título de postgrado en la modalidad de especialización en áreas relacionadas con las funciones del cargo.";Seis (6) meses de experiencia profesional relacionada.;6
41949;Apoyar y gestionar la ejecución de actividades técnicas relacionadas con productos competencia de la Dirección de Medicamentos y Productos Biológicos de acuerdo a la normatividad sanitaria vigente.;"Título profesional de los Núcleos Básicos de Conocimiento en: Química Farmacéutica; Bacteriología; Biología, Microbiología y Afines o Educación.

Tarjeta o matrícula profesional, en los casos reglamentados por la Ley.

Título de postgrado en la modalidad de especialización en áreas relacionadas con las funciones del cargo.";Dieciséis (16) meses de experiencia profesional relacionada.;16;"Título profesional de los Núcleos Básicos de Conocimiento en: Química Farmacéutica; Bacteriología; Biología, Microbiología y Afines o Educación.

Tarjeta o matrícula profesional, en los casos reglamentados por la Ley.";Cuarenta (40) meses de experiencia profesional relacionada.;40
41951;Preparar la ejecución presupuestal de ingresos y gastos y efectuar registros presupuestales, de acuerdo con las normas vigentes y el Manual de Procesos y Procedimientos adoptado por la Entidad.;"Título profesional de los Núcleos Básicos de Conocimiento en: Ingeniería Industrial y Afines, Economía, Administración, Ingeniería Administrativa y Financiera o Contaduría Pública.

Tarjeta o matrícula profesional en los casos reglamentados por la Ley.";Treinta (30) meses de experiencia profesional relacionada con las funciones;30;"Título profesional de los Núcleos Básicos de Conocimiento en: Ingeniería Industrial y Afines, Economía, Administración, Ingeniería Administrativa y Financiera o Contaduría Pública.

Tarjeta o matrícula profesional en los casos reglamentados por la Ley.

Título de postgrado en la modalidad de especialización en áreas relacionadas con las funciones del cargo.";Seis (6) meses de experiencia profesional relacionada con las funciones;6
41950;Apoyar la gestión contable de acuerdo con las normas, técnicas contables vigentes y Manual de Procesos y Procedimientos adoptado por la Entidad.;"Título profesional de los Núcleos Básicos de Conocimiento en: Contaduría Pública.

Tarjeta o matrícula profesional, en los casos reglamentados por la Ley.";Treinta (30) meses de experiencia profesional relacionada con las funciones.;30;"Título profesional de los Núcleos Básicos de Conocimiento en: Contaduría Pública.

Tarjeta o matrícula profesional, en los casos reglamentados por la Ley.

Título de postgrado en la modalidad de especialización en áreas relacionadas con las funciones del cargo.";Seis (6) meses de experiencia profesional relacionada.;6
41952;Definir estrategias e instrumentos para la ejecución adecuada de las políticas, planes, programas y proyectos de la Dirección de Medicamentos y Productos Biológicos y estudio de Registros Sanitarios de conformidad con la legislación sanitaria y los procedimientos vigentes.;"Título profesional de los Núcleos Básicos de Conocimiento en: Química Farmacéutica.

Tarjeta o matrícula profesional, en los casos reglamentados por la Ley.

Título de postgrado en la modalidad de especialización en áreas relacionadas con las funciones del cargo.";Dieciséis (16) meses de experiencia profesional relacionada.;16;"Título profesional de los Núcleos Básicos de Conocimiento en: Química Farmacéutica.

Tarjeta o matrícula profesional, en los casos reglamentados por la Ley.";Cuarenta (40) meses de experiencia profesional relacionada.;40
41953;Realizar labores de oficina y asistencia técnica que faciliten el desarrollo de las funciones y responsabilidades de la dependencia.;"Título de formación tecnológica de los Núcleos Básicos de Conocimiento en: Administración, Ingeniería Industrial y Afines, Derecho y Afines o Bibliotecología, Otros de las Ciencias Sociales y Humanas.

Certificado de inscripción profesional, en los casos reglamentados por la Ley.";Nueve (9) meses de experiencia relacionada o laboral.;9;Diploma de Bachiller en cualquier modalidad.;Cuarenta y Cinco (45) meses de experiencia relacionada.;45
41953;Realizar labores de oficina y asistencia técnica que faciliten el desarrollo de las funciones y responsabilidades de la dependencia.;Aprobación de tres (3) años de educación superior en la modalidad de formación tecnológica o universitaria de los Núcleos Básicos de Conocimiento en: Administración, Ingeniería Industrial y Afines, Derecho y Afines o Bibliotecología, Otros de las Ciencias Sociales y Humanas.;Nueve (9) meses de experiencia relacionada o laboral.;9;Aprobación de un (1) año de educación superior en la modalidad de formación tecnológica o universitaria de los Núcleos Básicos de Conocimiento en: Administración, Ingeniería Industrial y Afines, Derecho y Afines o Bibliotecología, Otros de las Ciencias Sociales y Humanas.;Veintiún (21) meses de experiencia relacionada.;21
41955;Preparar la ejecución presupuestal de ingresos y gastos y efectuar registros presupuestales, de acuerdo con las normas vigentes y el Manual de Procesos y Procedimientos adoptado por la Entidad.;"Título profesional de los Núcleos Básicos de Conocimiento en: Ingeniería Industrial y Afines, Economía, Administración, Ingeniería Administrativa y Financiera o Contaduría Pública.

Tarjeta o matrícula profesional en los casos reglamentados por la Ley.";Treinta (30) meses de experiencia profesional relacionada con las funciones;30;"Título profesional de los Núcleos Básicos de Conocimiento en: Ingeniería Industrial y Afines, Economía, Administración, Ingeniería Administrativa y Financiera o Contaduría Pública.

Tarjeta o matrícula profesional en los casos reglamentados por la Ley.

Título de postgrado en la modalidad de especialización en áreas relacionadas con las funciones del cargo.";Seis (6) meses de experiencia profesional relacionada con las funciones;6
41956;Realizar labores de oficina y asistencia técnica que faciliten el desarrollo de las funciones y responsabilidades de la dependencia.;"Título de formación tecnológica de los Núcleos Básicos de Conocimiento en: Administración, Ingeniería Industrial y Afines, Derecho y Afines o Bibliotecología, Otros de las Ciencias Sociales y Humanas.

Certificado de inscripción profesional, en los casos reglamentados por la Ley.";Nueve (9) meses de experiencia relacionada o laboral.;9;Diploma de Bachiller en cualquier modalidad.;Cuarenta y Cinco (45) meses de experiencia relacionada.;45
41956;Realizar labores de oficina y asistencia técnica que faciliten el desarrollo de las funciones y responsabilidades de la dependencia.;Aprobación de tres (3) años de educación superior en la modalidad de formación tecnológica o universitaria de los Núcleos Básicos de Conocimiento en: Administración, Ingeniería Industrial y Afines, Derecho y Afines o Bibliotecología, Otros de las Ciencias Sociales y Humanas.;Nueve (9) meses de experiencia relacionada o laboral.;9;Aprobación de un (1) año de educación superior en la modalidad de formación tecnológica o universitaria de los Núcleos Básicos de Conocimiento en: Administración, Ingeniería Industrial y Afines, Derecho y Afines o Bibliotecología, Otros de las Ciencias Sociales y Humanas.;Veintiún (21) meses de experiencia relacionada.;21
41957;Realizar Inspección, Vigilancia y Control de Productos Competencia del INVIMA según sea el caso, en concordancia con la legislación sanitaria, los procedimientos, las políticas y directrices del Instituto.;"Título profesional de los Núcleos Básicos de Conocimiento en: Medicina Veterinaria, Química y Afines, Ingeniería Química y Afines, Ingeniería Agroindustrial, Alimentos y Afines, Zootecnia, Ingeniería Agronómica, Pecuaria y Afines, Agronomía, Otras Ingenierías, Ingeniería Biomédica y Afines, Medicina, Biología, Microbiología y Afines, Bacteriología, Odontología, Ingeniería Industrial y Afines.

Tarjeta o matrícula profesional, en los casos reglamentados por la Ley.

Título de postgrado en la modalidad de especialización en áreas relacionadas con las funciones del cargo.";Dieciséis (16) meses de experiencia profesional relacionada.;16;"Título profesional de los Núcleos Básicos de Conocimiento en: Medicina Veterinaria, Química y Afines, Ingeniería Química y Afines, Ingeniería Agroindustrial, Alimentos y Afines, Zootecnia, Ingeniería Agronómica, Pecuaria y Afines, Agronomía, Otras Ingenierías, Ingeniería Biomédica y Afines, Medicina, Biología, Microbiología y Afines, Bacteriología, Odontología, Ingeniería Industrial y Afines.

Tarjeta o matrícula profesional, en los casos reglamentados por la Ley.";Cuarenta (40) meses de experiencia profesional relacionada.;40
41958;Participar en la ejecución, evaluación y control del programa de salud ocupacional de conformidad con las políticas, procedimientos y normatividad legal vigente.;"Título profesional de los Núcleos Básicos de Conocimiento en: Medicina, Enfermería, Psicología, Administración, Salud Pública o Ingeniería Industrial y Afines.

Tarjeta o matrícula profesional, en los casos reglamentados por la Ley";Treinta (30) meses de experiencia profesional relacionada.;30;"Título profesional de los Núcleos Básicos de Conocimiento en: Medicina, Enfermería, Psicología, Administración, Salud Pública o Ingeniería Industrial y Afines.

Tarjeta o matrícula profesional, en los casos reglamentados por la Ley.

Título de postgrado en la modalidad de especialización en áreas relacionadas con las funciones del cargo.";Seis (6) meses de experiencia profesional relacionada.;6
41959;Participar en la ejecución, evaluación y control del programa de salud ocupacional de conformidad con las políticas, procedimientos y normatividad legal vigente.;"Título profesional de los Núcleos Básicos de Conocimiento en: Medicina, Enfermería, Psicología, Administración, Salud Pública o Ingeniería Industrial y Afines.

Tarjeta o matrícula profesional, en los casos reglamentados por la Ley";Treinta (30) meses de experiencia profesional relacionada.;30;"Título profesional de los Núcleos Básicos de Conocimiento en: Medicina, Enfermería, Psicología, Administración, Salud Pública o Ingeniería Industrial y Afines.

Tarjeta o matrícula profesional, en los casos reglamentados por la Ley.

Título de postgrado en la modalidad de especialización en áreas relacionadas con las funciones del cargo.";Seis (6) meses de experiencia profesional relacionada.;6
41960;Realizar Inspección, Vigilancia y Control de Productos Competencia del INVIMA según sea el caso, en concordancia con la legislación sanitaria, los procedimientos, las políticas y directrices del Instituto.;"Título profesional de los Núcleos Básicos de Conocimiento en: Medicina Veterinaria, Química y Afines, Ingeniería Química y Afines, Ingeniería Agroindustrial, Alimentos y Afines, Zootecnia, Ingeniería Agronómica, Pecuaria y Afines, Agronomía, Otras Ingenierías, Ingeniería Biomédica y Afines, Medicina, Biología, Microbiología y Afines, Bacteriología, Odontología, Ingeniería Industrial y Afines.

Tarjeta o matrícula profesional, en los casos reglamentados por la Ley.

Título de postgrado en la modalidad de especialización en áreas relacionadas con las funciones del cargo.";Dieciséis (16) meses de experiencia profesional relacionada.;16;"Título profesional de los Núcleos Básicos de Conocimiento en: Medicina Veterinaria, Química y Afines, Ingeniería Química y Afines, Ingeniería Agroindustrial, Alimentos y Afines, Zootecnia, Ingeniería Agronómica, Pecuaria y Afines, Agronomía, Otras Ingenierías, Ingeniería Biomédica y Afines, Medicina, Biología, Microbiología y Afines, Bacteriología, Odontología, Ingeniería Industrial y Afines.

Tarjeta o matrícula profesional, en los casos reglamentados por la Ley.";Cuarenta (40) meses de experiencia profesional relacionada.;40
41962;Realizar labores de oficina y asistencia técnica que faciliten el desarrollo de las funciones y responsabilidades de la dependencia.;"Título de formación tecnológica de los Núcleos Básicos de Conocimiento en: Administración, Ingeniería Industrial y Afines, Derecho y Afines o Bibliotecología, Otros de las Ciencias Sociales y Humanas.

Certificado de inscripción profesional, en los casos reglamentados por la Ley.";Nueve (9) meses de experiencia relacionada o laboral.;9;Diploma de Bachiller en cualquier modalidad.;Cuarenta y Cinco (45) meses de experiencia relacionada.;45
41962;Realizar labores de oficina y asistencia técnica que faciliten el desarrollo de las funciones y responsabilidades de la dependencia.;Aprobación de tres (3) años de educación superior en la modalidad de formación tecnológica o universitaria de los Núcleos Básicos de Conocimiento en: Administración, Ingeniería Industrial y Afines, Derecho y Afines o Bibliotecología, Otros de las Ciencias Sociales y Humanas.;Nueve (9) meses de experiencia relacionada o laboral.;9;Aprobación de un (1) año de educación superior en la modalidad de formación tecnológica o universitaria de los Núcleos Básicos de Conocimiento en: Administración, Ingeniería Industrial y Afines, Derecho y Afines o Bibliotecología, Otros de las Ciencias Sociales y Humanas.;Veintiún (21) meses de experiencia relacionada.;21
41963;Asesorar, organizar y formular políticas, planes, programas y proyectos de la entidad, en cumplimiento de la misión y objetivos institucionales, establecidos por la Constitución Política, la Ley y el Gobierno Nacional.;"Título profesional de los Núcleos Básicos de Conocimiento en: Ingeniería Mecánica y Afines, Administración o Ingeniería Industrial y Afines.

Tarjeta o matrícula profesional, en los casos reglamentados por la ley.

Título de postgrado en la modalidad de especialización en áreas relacionadas con las funciones del cargo.";Treinta y un (31) meses de experiencia profesional relacionada.;31;"Título profesional de los Núcleos Básicos de Conocimiento en: Ingeniería Mecánica y Afines, Administración o Ingeniería Industrial y Afines.

Tarjeta o matrícula profesional, en los casos reglamentados por la Ley.";Cincuenta y cinco (55) meses de experiencia profesional relacionada.;55
41965;Realizar labores de oficina y asistencia técnica que faciliten el desarrollo de las funciones y responsabilidades de la dependencia.;"Título de formación tecnológica de los Núcleos Básicos de Conocimiento en: Administración, Ingeniería Industrial y Afines, Derecho y Afines o Bibliotecología, Otros de las Ciencias Sociales y Humanas.

Certificado de inscripción profesional, en los casos reglamentados por la Ley.";Nueve (9) meses de experiencia relacionada o laboral.;9;Diploma de Bachiller en cualquier modalidad.;Cuarenta y Cinco (45) meses de experiencia relacionada.;45
41965;Realizar labores de oficina y asistencia técnica que faciliten el desarrollo de las funciones y responsabilidades de la dependencia.;Aprobación de tres (3) años de educación superior en la modalidad de formación tecnológica o universitaria de los Núcleos Básicos de Conocimiento en: Administración, Ingeniería Industrial y Afines, Derecho y Afines o Bibliotecología, Otros de las Ciencias Sociales y Humanas.;Nueve (9) meses de experiencia relacionada o laboral.;9;Aprobación de un (1) año de educación superior en la modalidad de formación tecnológica o universitaria de los Núcleos Básicos de Conocimiento en: Administración, Ingeniería Industrial y Afines, Derecho y Afines o Bibliotecología, Otros de las Ciencias Sociales y Humanas.;Veintiún (21) meses de experiencia relacionada.;21
41968;Brindar apoyo en la ejecución y seguimiento de los procesos administrativos y operativos, implementar y mantener el sistema de información de los procesos sancionatorios de la Dirección de acuerdo con las normas y procedimientos vigentes.;"Título profesional de los Núcleos Básicos de Conocimiento en: Medicina, Medicina Veterinaria, Zootecnia, Química y Afines, Ingeniería Química y Afines, Ingeniería Agroindustrial, Alimentos y Afines, Ingeniería Agronómica, Pecuaria y Afines, Agronomía, Ingeniería Industrial y Afines, Ingeniería Electrónica, Telecomunicaciones y Afines, Bacteriología, Biología, Microbiología y Afines, Odontología, Ingeniería Biomédica y Afines u Otras Ingenierías.

Tarjeta o matrícula profesional, en los casos reglamentados por la Ley.

Título de postgrado en la modalidad de especialización en áreas relacionadas con las funciones del cargo.";Dieciséis (16) meses de experiencia profesional relacionada.;16;"Título profesional de los Núcleos Básicos de Conocimiento en: Medicina, Medicina Veterinaria, Zootecnia, Química y Afines, Ingeniería Química y Afines, Ingeniería Agroindustrial, Alimentos y Afines, Ingeniería Agronómica, Pecuaria y Afines, Agronomía, Ingeniería Industrial y Afines, Ingeniería Electrónica, Telecomunicaciones y Afines, Bacteriología, Biología, Microbiología y Afines, Odontología, Ingeniería Biomédica y Afines u Otras Ingenierías.

Tarjeta o matrícula profesional, en los casos reglamentados por la Ley.";Cuarenta (40) meses de experiencia profesional relacionada.;40
41969;Realizar labores de oficina y asistencia técnica que faciliten el desarrollo de las funciones y responsabilidades de la dependencia.;"Título de formación tecnológica de los Núcleos Básicos de Conocimiento en: Administración, Ingeniería Industrial y Afines, Derecho y Afines o Bibliotecología, Otros de las Ciencias Sociales y Humanas.

Certificado de inscripción profesional, en los casos reglamentados por la Ley.";Nueve (9) meses de experiencia relacionada o laboral.;9;Diploma de Bachiller en cualquier modalidad.;Cuarenta y Cinco (45) meses de experiencia relacionada.;45
41969;Realizar labores de oficina y asistencia técnica que faciliten el desarrollo de las funciones y responsabilidades de la dependencia.;Aprobación de tres (3) años de educación superior en la modalidad de formación tecnológica o universitaria de los Núcleos Básicos de Conocimiento en: Administración, Ingeniería Industrial y Afines, Derecho y Afines o Bibliotecología, Otros de las Ciencias Sociales y Humanas.;Nueve (9) meses de experiencia relacionada o laboral.;9;Aprobación de un (1) año de educación superior en la modalidad de formación tecnológica o universitaria de los Núcleos Básicos de Conocimiento en: Administración, Ingeniería Industrial y Afines, Derecho y Afines o Bibliotecología, Otros de las Ciencias Sociales y Humanas.;Veintiún (21) meses de experiencia relacionada.;21
41975;Realizar actividades de apoyo técnico que permitan la Inspección, Vigilancia y Control de los productos competencia del INVIMA, para la fabricación de los mismos, así como resolver y remitir los informes relacionados con la expedición de los registros sanitarios.;"Título de formación tecnológica de los Núcleos Básicos de Conocimiento en: Ingeniería Agroindustrial, Alimentos y Afines, Química y Afines, Ingeniería Ambiental, Sanitaria y Afines, Odontología, Optometría, Otros Programas de Ciencias de la Salud, Biología, Microbiología y Afines, Ingeniería Industrial y Afines, Otras Ingenierías.

Certificado de inscripción profesional, en los casos reglamentados por la Ley.";Nueve (9) meses de experiencia relacionada o laboral.;9;Diploma de Bachiller en cualquier modalidad.;Cuarenta y cinco (45) meses de experiencia relacionada.;45
41975;Realizar actividades de apoyo técnico que permitan la Inspección, Vigilancia y Control de los productos competencia del INVIMA, para la fabricación de los mismos, así como resolver y remitir los informes relacionados con la expedición de los registros sanitarios.;Aprobación de tres (3) años de educación superior en la modalidad de formación tecnológica o universitaria de los Núcleos Básicos de Conocimiento en: Ingeniería Agroindustrial, Alimentos y Afines, Química y Afines, Ingeniería Ambiental, Sanitaria y Afines, Odontología, Optometría, Otros Programas de Ciencias de la Salud, Biología, Microbiología y Afines, Ingeniería Industrial y Afines, Otras Ingenierías.;Nueve (9) meses de experiencia relacionada o laboral.;9;Aprobación de un (1) año de educación superior en la modalidad de formación tecnológica o universitaria de los Núcleos Básicos de Conocimiento en: Ingeniería Agroindustrial, Alimentos y Afines, Química y Afines, Ingeniería Ambiental, Sanitaria y Afines, Odontología, Optometría, Otros Programas de Ciencias de la Salud, Biología, Microbiología y Afines, Ingeniería Industrial y Afines, Otras Ingenierías.;Veintiún (21) meses de experiencia relacionada.;21
41977;Realizar actividades de apoyo técnico que permitan la Inspección, Vigilancia y Control de los productos competencia del INVIMA, para la fabricación de los mismos, así como resolver y remitir los informes relacionados con la expedición de los registros sanitarios.;"Título de formación tecnológica de los Núcleos Básicos de Conocimiento en: Ingeniería Agroindustrial, Alimentos y Afines, Química y Afines, Ingeniería Ambiental, Sanitaria y Afines, Odontología, Optometría, Otros Programas de Ciencias de la Salud, Biología, Microbiología y Afines, Ingeniería Industrial y Afines, Otras Ingenierías.

Certificado de inscripción profesional, en los casos reglamentados por la Ley.";Nueve (9) meses de experiencia relacionada o laboral.;9;Diploma de Bachiller en cualquier modalidad.;Cuarenta y cinco (45) meses de experiencia relacionada.;45
41977;Realizar actividades de apoyo técnico que permitan la Inspección, Vigilancia y Control de los productos competencia del INVIMA, para la fabricación de los mismos, así como resolver y remitir los informes relacionados con la expedición de los registros sanitarios.;Aprobación de tres (3) años de educación superior en la modalidad de formación tecnológica o universitaria de los Núcleos Básicos de Conocimiento en: Ingeniería Agroindustrial, Alimentos y Afines, Química y Afines, Ingeniería Ambiental, Sanitaria y Afines, Odontología, Optometría, Otros Programas de Ciencias de la Salud, Biología, Microbiología y Afines, Ingeniería Industrial y Afines, Otras Ingenierías.;Nueve (9) meses de experiencia relacionada o laboral.;9;Aprobación de un (1) año de educación superior en la modalidad de formación tecnológica o universitaria de los Núcleos Básicos de Conocimiento en: Ingeniería Agroindustrial, Alimentos y Afines, Química y Afines, Ingeniería Ambiental, Sanitaria y Afines, Odontología, Optometría, Otros Programas de Ciencias de la Salud, Biología, Microbiología y Afines, Ingeniería Industrial y Afines, Otras Ingenierías.;Veintiún (21) meses de experiencia relacionada.;21
41976;Realizar actividades de apoyo técnico que permitan la Inspección, Vigilancia y Control de los productos competencia del INVIMA, para la fabricación de los mismos, así como resolver y remitir los informes relacionados con la expedición de los registros sanitarios.;"Título de formación tecnológica de los Núcleos Básicos de Conocimiento en: Ingeniería Agroindustrial, Alimentos y Afines, Química y Afines, Ingeniería Ambiental, Sanitaria y Afines, Odontología, Optometría, Otros Programas de Ciencias de la Salud, Biología, Microbiología y Afines, Ingeniería Industrial y Afines, Otras Ingenierías.

Certificado de inscripción profesional, en los casos reglamentados por la Ley.";Nueve (9) meses de experiencia relacionada o laboral.;9;Diploma de Bachiller en cualquier modalidad.;Cuarenta y cinco (45) meses de experiencia relacionada.;45
41976;Realizar actividades de apoyo técnico que permitan la Inspección, Vigilancia y Control de los productos competencia del INVIMA, para la fabricación de los mismos, así como resolver y remitir los informes relacionados con la expedición de los registros sanitarios.;Aprobación de tres (3) años de educación superior en la modalidad de formación tecnológica o universitaria de los Núcleos Básicos de Conocimiento en: Ingeniería Agroindustrial, Alimentos y Afines, Química y Afines, Ingeniería Ambiental, Sanitaria y Afines, Odontología, Optometría, Otros Programas de Ciencias de la Salud, Biología, Microbiología y Afines, Ingeniería Industrial y Afines, Otras Ingenierías.;Nueve (9) meses de experiencia relacionada o laboral.;9;Aprobación de un (1) año de educación superior en la modalidad de formación tecnológica o universitaria de los Núcleos Básicos de Conocimiento en: Ingeniería Agroindustrial, Alimentos y Afines, Química y Afines, Ingeniería Ambiental, Sanitaria y Afines, Odontología, Optometría, Otros Programas de Ciencias de la Salud, Biología, Microbiología y Afines, Ingeniería Industrial y Afines, Otras Ingenierías.;Veintiún (21) meses de experiencia relacionada.;21
41978;Realizar actividades de apoyo técnico que permitan la Inspección, Vigilancia y Control de los productos competencia del INVIMA, para la fabricación de los mismos, así como resolver y remitir los informes relacionados con la expedición de los registros sanitarios.;"Título de formación tecnológica de los Núcleos Básicos de Conocimiento en: Ingeniería Agroindustrial, Alimentos y Afines, Química y Afines, Ingeniería Ambiental, Sanitaria y Afines, Odontología, Optometría, Otros Programas de Ciencias de la Salud, Biología, Microbiología y Afines, Ingeniería Industrial y Afines, Otras Ingenierías.

Certificado de inscripción profesional, en los casos reglamentados por la Ley.";Nueve (9) meses de experiencia relacionada o laboral.;9;Diploma de Bachiller en cualquier modalidad.;Cuarenta y cinco (45) meses de experiencia relacionada.;45
41978;Realizar actividades de apoyo técnico que permitan la Inspección, Vigilancia y Control de los productos competencia del INVIMA, para la fabricación de los mismos, así como resolver y remitir los informes relacionados con la expedición de los registros sanitarios.;Aprobación de tres (3) años de educación superior en la modalidad de formación tecnológica o universitaria de los Núcleos Básicos de Conocimiento en: Ingeniería Agroindustrial, Alimentos y Afines, Química y Afines, Ingeniería Ambiental, Sanitaria y Afines, Odontología, Optometría, Otros Programas de Ciencias de la Salud, Biología, Microbiología y Afines, Ingeniería Industrial y Afines, Otras Ingenierías.;Nueve (9) meses de experiencia relacionada o laboral.;9;Aprobación de un (1) año de educación superior en la modalidad de formación tecnológica o universitaria de los Núcleos Básicos de Conocimiento en: Ingeniería Agroindustrial, Alimentos y Afines, Química y Afines, Ingeniería Ambiental, Sanitaria y Afines, Odontología, Optometría, Otros Programas de Ciencias de la Salud, Biología, Microbiología y Afines, Ingeniería Industrial y Afines, Otras Ingenierías.;Veintiún (21) meses de experiencia relacionada.;21
41979;Realizar actividades de apoyo técnico que permitan la Inspección, Vigilancia y Control de los productos competencia del INVIMA, para la fabricación de los mismos, así como resolver y remitir los informes relacionados con la expedición de los registros sanitarios.;"Título de formación tecnológica de los Núcleos Básicos de Conocimiento en: Ingeniería Agroindustrial, Alimentos y Afines, Química y Afines, Ingeniería Ambiental, Sanitaria y Afines, Odontología, Optometría, Otros Programas de Ciencias de la Salud, Biología, Microbiología y Afines, Ingeniería Industrial y Afines, Otras Ingenierías.

Certificado de inscripción profesional, en los casos reglamentados por la Ley.";Nueve (9) meses de experiencia relacionada o laboral.;9;Diploma de Bachiller en cualquier modalidad.;Cuarenta y cinco (45) meses de experiencia relacionada.;45
41979;Realizar actividades de apoyo técnico que permitan la Inspección, Vigilancia y Control de los productos competencia del INVIMA, para la fabricación de los mismos, así como resolver y remitir los informes relacionados con la expedición de los registros sanitarios.;Aprobación de tres (3) años de educación superior en la modalidad de formación tecnológica o universitaria de los Núcleos Básicos de Conocimiento en: Ingeniería Agroindustrial, Alimentos y Afines, Química y Afines, Ingeniería Ambiental, Sanitaria y Afines, Odontología, Optometría, Otros Programas de Ciencias de la Salud, Biología, Microbiología y Afines, Ingeniería Industrial y Afines, Otras Ingenierías.;Nueve (9) meses de experiencia relacionada o laboral.;9;Aprobación de un (1) año de educación superior en la modalidad de formación tecnológica o universitaria de los Núcleos Básicos de Conocimiento en: Ingeniería Agroindustrial, Alimentos y Afines, Química y Afines, Ingeniería Ambiental, Sanitaria y Afines, Odontología, Optometría, Otros Programas de Ciencias de la Salud, Biología, Microbiología y Afines, Ingeniería Industrial y Afines, Otras Ingenierías.;Veintiún (21) meses de experiencia relacionada.;21
41980;"Analizar la información recibida por cada una de las dependencias y grupos del instituto, así como de los usuarios externos y ciudadanía en general, con el fin de desarrollar estrategias que permitan minimizar y combatir el riesgo de ilegalidad y corrupción frente a los temas competencia del Instituto.

Extraer y analizar la información de fuentes abiertas y demás datos obtenidos con el fin de generar apreciaciones, alertas, análisis y estudios estratégicos, para ser presentados a la Dirección General, y  dar respuesta a los diferentes requerimientos realizados por las direcciones misionales o áreas de apoyo del Instituto, en temas de vigilancia y control de calidad de los productos competencia del INVIMA, y otros que puedan tener impacto en la salud individual y colectiva que permita la toma de decisiones de conformidad con los lineamientos establecidos en la ley 100 de 1993. 

Intercambiar información con las diferentes entidades estatales y sectores comprometidos en la lucha contra la ilegalidad y la corrupción frente a los temas competencia del Instituto que contribuya a la disminución de estas conductas en el país.";"Título de formación Tecnológica de los Núcleos Básicos de Conocimiento en: Administración, Ingeniería Industrial y Afines o Ingeniería de Sistemas, Telemática y Afines.

Certificado de inscripción profesional, en los casos reglamentados por la Ley.";Nueve (9) meses de experiencia relacionada o laboral.;9;Diploma de Bachiller en cualquier modalidad.;Cuarenta y Cinco (45) meses de experiencia relacionada.;45
41980;"Analizar la información recibida por cada una de las dependencias y grupos del instituto, así como de los usuarios externos y ciudadanía en general, con el fin de desarrollar estrategias que permitan minimizar y combatir el riesgo de ilegalidad y corrupción frente a los temas competencia del Instituto.

Extraer y analizar la información de fuentes abiertas y demás datos obtenidos con el fin de generar apreciaciones, alertas, análisis y estudios estratégicos, para ser presentados a la Dirección General, y  dar respuesta a los diferentes requerimientos realizados por las direcciones misionales o áreas de apoyo del Instituto, en temas de vigilancia y control de calidad de los productos competencia del INVIMA, y otros que puedan tener impacto en la salud individual y colectiva que permita la toma de decisiones de conformidad con los lineamientos establecidos en la ley 100 de 1993. 

Intercambiar información con las diferentes entidades estatales y sectores comprometidos en la lucha contra la ilegalidad y la corrupción frente a los temas competencia del Instituto que contribuya a la disminución de estas conductas en el país.";Aprobación de tres (3) años de educación superior en la modalidad de formación tecnológica o universitaria de los Núcleos Básicos de Conocimiento en: Administración, Ingeniería Industrial y Afines o Ingeniería de Sistemas, Telemática y Afines.;Nueve (9) meses de experiencia relacionada o laboral.;9;Aprobación de un (1) año de educación superior en la modalidad de formación tecnológica o universitaria de los Núcleos Básicos de Conocimiento en: Administración, Ingeniería Industrial y Afines o Ingeniería de Sistemas, Telemática y Afines.;Veintiún (21) meses de experiencia relacionada.;21
41981;Diseñar, ejecutar, evaluar y controlar el programa de Salud Ocupacional, con base en las necesidades detectadas, los requerimientos de la Entidad, las metodologías existentes y la normatividad legal.;"Título profesional de los Núcleos Básicos de Conocimiento en: Medicina, Enfermería, Psicología, Administración, Ingeniería Industrial y Afines o Salud Pública.

Tarjeta o matrícula profesional, en los casos reglamentados por la Ley y Licencia en Salud Ocupacional.

Título de postgrado en la modalidad de Especialización en áreas relacionadas con las funciones del cargo.";Dieciséis (16) meses de experiencia profesional relacionada.;16;"Título profesional de los Núcleos Básicos de Conocimiento en: Medicina, Enfermería, Psicología, Administración, Ingeniería Industrial y Afines o Salud Pública.

Tarjeta o matrícula profesional, en los casos reglamentados por la Ley y Licencia en Salud Ocupacional.";Cuarenta (40) meses de experiencia profesional relacionada.;40
41982;Administrar y controlar la información que permita realizar la liquidación de nómina de los funcionarios de la entidad.;"Título profesional de los Núcleos Básicos de Conocimiento en: Administración, Economía, Contaduría Pública o Ingeniería Industrial y Afines.

Tarjeta o matrícula profesional, en los casos reglamentados por la Ley.

Título de postgrado en la modalidad de especialización en áreas relacionadas con las funciones del cargo.";Dieciséis (16) meses de experiencia profesional relacionada.;16;"Título profesional de los Núcleos Básicos de Conocimiento en: Administración, Economía, Contaduría Pública o Ingeniería Industrial y Afines.

Tarjeta o matrícula profesional, en los casos reglamentados por la Ley.";Cuarenta (40) meses de experiencia profesional relacionada.;40
41984;Participar en la elaboración de planes y recomendar las acciones que deban adoptarse para el logro de los objetivos y las metas propuestas.;"Título profesional de los Núcleos Básicos de Conocimiento en: Administración, Derecho y Afines, Ingeniería Industrial y Afines, Economía o Contaduría Pública.

Tarjeta o matrícula profesional, en los casos reglamentados por la Ley.

Título de postgrado en la modalidad de especialización en áreas relacionadas con las funciones del cargo.";Dieciséis (16) meses de experiencia profesional relacionada.;16;;;
41983;Proponer, desarrollar y realizar seguimiento de los planes, programas y proyectos de la entidad  de conformidad con la normatividad, políticas y lineamientos de caracter nacional y sectorial;"Título profesional de los Núcleos Básicos de Conocimiento en: Administración, Contaduría Pública, Economía, Ingeniería Industrial y Afines, Ingeniería Administrativa y Afines.

Tarjeta o matrícula profesional, en los casos reglamentados por la Ley.

Título de postgrado en la modalidad de especialización en áreas relacionadas con las funciones del cargo";Dieciséis (16) meses de experiencia profesional relacionada;16;"Título profesional de los Núcleos Básicos de Conocimiento en: Administración, Contaduría Pública, Economía, Ingeniería Industrial y Afines, Ingeniería Administrativa y Afines.

Tarjeta o matrícula profesional, en los casos reglamentados por la Ley";Cuarenta (40) meses de experiencia profesional relacionada;40
41987;Apoyar en la ejecución de procesos administrativos, operativos, financieros o presupuestales para el buen funcionamiento de la dependencia.;"Título profesional de los Núcleos Básicos de Conocimiento en: Ingeniería Industrial y Afines, Derecho y Afines, Economía, Administración  o Contaduría Pública.

Tarjeta o matrícula profesional, en los casos reglamentados por la Ley.

Título de postgrado en la modalidad de especialización en áreas relacionadas con las funciones del cargo.";Dieciséis (16) meses de experiencia profesional relacionada.;16;"Título profesional de los Núcleos Básicos de Conocimiento en: Ingeniería Industrial y Afines, Derecho y Afines, Economía, Administración  o Contaduría Pública.

Tarjeta o matrícula profesional, en los casos reglamentados por la Ley.";Cuarenta (40) meses de experiencia profesional relacionada.;40
41989;Llevar a cabo los programas de Inspección, Vigilancia y Control de Alimentos y Bebidas que permitan garantizar la calidad e inocuidad de los mismos en el Grupo de Trabajo asignado.;"Título profesional de los Núcleos Básicos de Conocimiento en: Química y Afines, Ingeniería Agroindustrial, Alimentos y Afines, Biología, Microbiología y Afines, Bacteriología o Ingeniería Agronómica, Pecuaria y Afines.

Tarjeta o matrícula profesional en los casos reglamentados por la Ley.

Título de postgrado en la modalidad de especialización en áreas relacionadas con las funciones del cargo.";Diez (10) meses de experiencia profesional relacionada.;10;"Título profesional de los Núcleos Básicos de Conocimiento en: Química y Afines, Ingeniería Agroindustrial, Alimentos y Afines, Biología, Microbiología y Afines, Bacteriología o Ingeniería Agronómica, Pecuaria y Afines.

Tarjeta o matrícula profesional en los casos reglamentados por la Ley.";Treinta y cuatro (34) meses de experiencia profesional relacionada.;34
41992;Tramitar las solicitudes de Registro Sanitario de Alimentos y Bebidas y demás novedades relacionadas con el mismo, teniendo en cuenta las normas vigentes, el proceso y procedimientos establecidos.;"Título profesional de los Núcleos Básicos de Conocimiento en: Ingeniería Agroindustrial, Alimentos y Afines, Química y Afines o Ingeniería Química y Afines.

Tarjeta o matrícula profesional, en los casos reglamentados por la Ley. 

Título de postgrado en la modalidad de especialización en áreas relacionadas con las funciones del cargo.";Diez (10) meses de experiencia profesional relacionada.;10;"Título profesional de los Núcleos Básicos de Conocimiento en: Ingeniería Agroindustrial, Alimentos y Afines, Química y Afines o Ingeniería Química y Afines.

Tarjeta o matrícula profesional, en los casos reglamentados por la Ley.";Treinta y cuatro (34) meses de experiencia profesional relacionada.;34
41997;Definir los instrumentos para la ejecución de las políticas, desarrollo de planes, programas y proyectos de vigilancia post comercialización bajo el enfoque de riesgo de los reactivos de diagnóstico in vitro y productos o derivados de origen humano.;"Título profesional de los Núcleos Básicos de Conocimiento en: Medicina o Bacteriología.

Tarjeta o matrícula profesional, en los casos reglamentados por la Ley.

Título de postgrado en la modalidad de especialización en áreas relacionadas con las funciones del cargo.";Treinta y un (31) meses de experiencia profesional relacionada.;31;"Título profesional de los Núcleos Básicos de Conocimiento en: Medicina o Bacteriología.

Tarjeta o matrícula profesional, en los casos reglamentados por la Ley.";Cincuenta y cinco (55) meses de experiencia profesional relacionada.;55
41994;Formular, desarrollar, hacer seguimiento y evaluación a los planes, programas y proyectos de inspección, vigilancia y control de riesgos que afectan la inocuidad de los alimentos, especialmente de las cadenas de frutas y de otros vegetales.;"Título profesional en: Ingeniería de Producción Biotecnológica, Ingeniería de Alimentos, Bioquímica de Alimentos, Química de Alimentos, Ciencia y Tecnología de Alimentos, Ingeniería Química, Ingeniería Industrial de Alimentos o Ingeniería Agroindustrial o Medicina.

Tarjeta o matricula profesional, en los casos reglamentados por la Ley.

Título de postgrado en la modalidad de especialización en áreas relacionadas con las funciones del cargo.";Treinta y un (31) meses de experiencia profesional relacionada.;31;"Título profesional de los Núcleos Básicos de Conocimiento en: Ingeniería de Producción Biotecnológica, Ingeniería de Alimentos, Bioquímica de Alimentos, Química de Alimentos, Ciencia y Tecnología de Alimentos, Ingeniería Química, Ingeniería Industrial de Alimentos o Ingeniería Agroindustrial o Medicina.

Tarjeta o matricula profesional, en los casos reglamentados por la Ley.";Cincuenta y cinco (55) meses de experiencia profesional relacionada.;55
41996;Diseñar y desarrollar planes, programas y proyectos del Sistema Oficial de Inspección, Vigilancia y Control en Carnes, de conformidad con la legislación sanitaria y procedimientos vigentes. Así mismo, promover estrategias e instrumentos para la ejecución adecuada de las políticas en materia de vigilancia y control sanitario en los establecimientos competencia de la Dirección.;"Título profesional de los Núcleos Básicos de Conocimiento en: Medicina Veterinaria o Zootecnia.

Tarjeta o matricula profesional, en los casos reglamentados por la Ley.

Título de postgrado en la modalidad de especialización en áreas relacionadas con las funciones del cargo.";Treinta y un (31) meses de experiencia profesional relacionada.;31;"Título profesional de los Núcleos Básicos de Conocimiento en: Medicina Veterinaria o  Zootecnia.

Tarjeta o matricula profesional, en los casos reglamentados por la Ley.";Cincuenta y cinco (55) meses de experiencia profesional relacionada.;55
42007;Realizar la ejecución y seguimiento de los procesos administrativos, operativos, financieros o presupuestales para el buen funcionamiento de las operaciones de la dependencia.;"Título profesional de los Núcleos Básicos de Conocimiento en: Ingeniería Industrial y Afines, Economía, Administración  o Contaduría Pública. 

Tarjeta o matrícula profesional en los casos reglamentados por la Ley.

Título de postgrado en la modalidad de especialización en área relacionada con las funciones del cargo.";Veinticinco (25) meses de experiencia profesional relacionada.;25;"Título profesional de los Núcleos Básicos de Conocimiento en: Ingeniería Industrial y Afines, Economía, Administración  o Contaduría Pública. 

Tarjeta o matrícula profesional, en los casos reglamentados por la Ley.";Cuarenta y nueve (49) meses de experiencia profesional relacionada.;49
42011;Realizar las actividades requeridas de articulación y coordinación con las Entidades Territoriales de Salud  y formular, desarrollar, hacer seguimiento y evaluación a los planes, programas y proyectos de inspección, vigilancia  y control de riego que afectan  la inocuidad de los alimentos.;"Título profesional de los Núcleos Básicos de Conocimiento en: Medicina, Ingeniería Agroindustrial, Alimentos y Afines, Medicina Veterinaria, Zootecnia, Química y Afines, Ingeniería Ambiental, Sanitaria y Afines, Bacteriología, Biología, Microbiología y Afines.

Tarjeta o matrícula profesional, en los casos reglamentados por la ley.

Título de postgrado en la modalidad de especialización en áreas relacionadas con las funciones del cargo.";Veinticinco (25) meses de experiencia profesional relacionada.;25;"Título profesional de los Núcleos Básicos de Conocimiento en: Medicina, Ingeniería Agroindustrial, Alimentos y Afines, Medicina Veterinaria, Zootecnia, Química y Afines, Ingeniería Ambiental, Sanitaria y Afines, Bacteriología, Biología, Microbiología y Afines 

Tarjeta o matrícula profesional, en los casos reglamentados por la Ley.";Cuarenta y nueve (49) meses de experiencia profesional relacionada.;49
42009;Realizar la inspección, vigilancia y control de alimentos estableciendo su calidad e inocuidad, en concordancia con la legislación vigente y el acatamiento de las políticas y directrices del Instituto.;"Título profesional de los Núcleos Básicos de Conocimiento en: Ingeniería Agroindustrial, Alimentos y Afines, Medicina Veterinaria, Zootecnia, Química y Afines, Ingeniería Química y Afines, Ingeniería Agronómica, Pecuaria y Afines o Agronomía.

Tarjeta o matrícula profesional en los casos reglamentados por la Ley.

Título de postgrado en la modalidad de especialización en epidemiología, salud pública u otra relacionada con las funciones del cargo.";Veinticinco (25) meses de experiencia profesional relacionada.;25;"Título profesional de los Núcleos Básicos de Conocimiento en: Ingeniería Agroindustrial, Alimentos y Afines, Medicina Veterinaria, Zootecnia, Química y Afines, Ingeniería Química y Afines, Ingeniería Agronómica, Pecuaria y Afines o Agronomía.

Tarjeta o matrícula profesional en los casos reglamentados por la Ley.";Cuarenta y nueve (49) meses de experiencia profesional relacionada.;49
42012;Realizar las actividades requeridas de articulación y coordinación con las Entidades Territoriales de Salud;"Título profesional de los Núcleos Básicos de Conocimiento en: Ingeniería Agroindustrial, Alimentos y Afines, Médicina Veterinaria, Zootecnia, Química y Afines, Ingenieria Ambiental, Sanitaria y Afines, Bacteriología, Biología, Microbiólogía y Afines. 
Tarjeta o matrícula profesional, en los casos reglamentados por la ley.

Título de postgrado en la modalidad de especialización en áreas relacionadas con las funciones del cargo.";Diecinueve (19) meses de experiencia profesional relacionada;19;"Título profesional de los Núcleos Básicos de Conocimiento en: Ingeniería Agroindustrial, Alimentos y Afines, Médicina Veterinaria, Zootecnia, Química y Afines, Ingenieria Ambiental, Sanitaria y Afines, Bacteriología, Biología, Microbiólogía y Afines. 
Tarjeta o matrícula profesional, en los casos reglamentados por la Ley.";Cuarenta y tres (43) meses de experiencia profesional relacionada.;43
42014;Orientar legalmente en todos los asuntos de competencia de la dependencia y de los programas del Instituto.;"Título profesional de los Núcleos Básicos de Conocimiento en: Derecho y Afines.

Tarjeta o matrícula profesional, en los casos reglamentados por la Ley.

Título de postgrado en la modalidad de especialización en áreas relacionadas con las funciones del cargo.";Veinticinco (25) meses de experiencia profesional relacionada.;25;"Título profesional de los Núcleos Básicos de Conocimiento en: Derecho y Afines.

Tarjeta o matrícula profesional, en los casos reglamentados por la Ley.";Cuarenta y nueve (49) meses de experiencia profesional relacionada.;49
42018;Gestionar, organizar, controlar y hacer seguimiento a la ejecución de los procesos para la expedición de registros sanitarios y trámites asociados.;"Título profesional de los Núcleos Básicos de Conocimiento en: Medicina o Química Farmacéutica.

Tarjeta o matrícula profesional, en los casos reglamentados por la Ley.

Título de postgrado en la modalidad de especialización en áreas relacionadas con las funciones del cargo.";Veinticinco (25) meses de experiencia profesional relacionada.;25;"Título profesional de los Núcleos Básicos de Conocimiento en: Medicina o Química Farmacéutica.

Tarjeta o matrícula profesional, en los casos reglamentados por la Ley.";Cuarenta y nueve (49) meses de experiencia profesional relacionada.;49
42019;Planear las actividades de inspección, vigilancia y control a los productores y distribuidores de productos farmacéuticos, con el fin de garantizar que dichos productos cumplan con los parámetros de calidad establecidos, de acuerdo con las normas y procedimientos vigentes;"Título profesional de los Núcleos Básicos de Conocimiento en: Química Farmacéutica, Bacteriología, Biología, Microbiología y Afines o Educación.

Tarjeta o matrícula profesional en los casos reglamentados por la Ley.

Título de postgrado en la modalidad de especialización en área relacionada con las funciones del cargo.";Veinticinco (25) meses de experiencia profesional relacionada.;25;"Título profesional de los Núcleos Básicos de Conocimiento en: Química Farmacéutica, Bacteriología, Biología, Microbiología y Afines o Educación.

Tarjeta o matrícula profesional, en los casos reglamentados por la Ley.";Cuarenta y nueve (49) meses de experiencia profesional relacionada.;49
42020;Brindar los lineamientos para el desarrollo de las acciones de inspección, vigilancia y control, expedición de registros sanitarios y laboratorios de acuerdo a los planes y programas establecidos en la entidad, para los productos de competencia de la Dirección de Medicamentos y Productos Biológicos.;"Título profesional de los Núcleos Básicos de Conocimiento en: Química Farmacéutica, Bacteriología, Biología, Microbiología y Afines o Educación.

Tarjeta o matrícula profesional en los casos reglamentados por la Ley.

Título de postgrado en la modalidad de especialización en área relacionada con las funciones del cargo.";Veinticinco (25) meses de experiencia profesional relacionada.;25;"Título profesional de los Núcleos Básicos de Conocimiento en: Química Farmacéutica, Bacteriología, Biología, Microbiología y Afines o Educación.

Tarjeta o matrícula profesional, en los casos reglamentados por la Ley.";Cuarenta y nueve (49) meses de experiencia profesional relacionada.;49
42022;Realizar Inspección, Vigilancia y Control de Productos Competencia del INVIMA según sea el caso, en concordancia con la legislación sanitaria, los procedimientos, las políticas y directrices del Instituto.;"Título profesional de los Núcleos Básicoas de Conocimiento en: Medicina Veterinaria, Química y Afines, Ingeniería Química y Afines, Ingeniería Agroindustrial, Alimentos y Afines, Zootecnia, Ingeniería Agronómica, Pecuaria y Afines, Agronomía, Otras Ingenierias,  Ingeniería Industrial y Afines, Ingeniería Biomédica y Afines, Medicina, Química y Afines, Biología, Microbiología y Afines, Bacteriología u Odontología.

Tarjeta o matrícula profesional, en los casos reglamentados por la Ley.

Título de postgrado en modalidad de especialización en áreas relacionadas con las funciones del cargo.";Treinta y un (31) meses de experiencia profesional relacionada.;31;"Título profesional de los Núcleos Básicoas de Conocimiento en: Medicina Veterinaria, Química y Afines, Ingeniería Química y Afines, Ingeniería Agroindustrial, Alimentos y Afines, Zootecnia, Ingeniería Agronómica, Pecuaria y Afines, Agronomía, Otras Ingenierias,  Ingeniería Industrial y Afines, Ingeniería Biomédica y Afines, Medicina, Química y Afines, Biología, Microbiología y Afines, Bacteriología u Odontología.

Tarjeta o matrícula profesional, en los casos reglamentados por la Ley.";Cincuenta y Cinco (55) meses de experiencia profesional relacionada.;55
42024;Realizar Inspección, Vigilancia y Control de Productos Competencia del INVIMA según sea el caso, en concordancia con la legislación sanitaria, los procedimientos, las políticas y directrices del Instituto.;"Título profesional de los Núcleos Básicos de Conocimiento en: Medicina Veterinaria, Química y Afines, Ingeniería Química y Afines, Ingeniería Agroindustrial, Alimentos y Afines, Zootecnia, Ingeniería Agronómica, Pecuaria y Afines, Agronomía, Otras Ingenierías, Ingeniería Biomédica y Afines, Medicina, Biología, Microbiología y Afines, Bacteriología, Odontología o Ingeniería Industrial y Afines.

Tarjeta o matrícula profesional, en los casos reglamentados por la Ley.

Título de postgrado en la modalidad de especialización en áreas relacionadas con las funciones del cargo.";Diecinueve (19) meses de experiencia profesional relacionada.;19;"Título profesional de los Núcleos Básicos de Conocimiento en: Medicina Veterinaria, Química y Afines, Ingeniería Química y Afines, Ingeniería Agroindustrial, Alimentos y Afines, Zootecnia, Ingeniería Agronómica, Pecuaria y Afines, Agronomía, Otras Ingenierías, Ingeniería Biomédica y Afines, Medicina, Biología, Microbiología y Afines, Bacteriología, Odontología o Ingeniería Industrial y Afines.

Tarjeta o matrícula profesional, en los casos reglamentados por la Ley.";Cuarenta y tres (43) meses de experiencia profesional relacionada.;43
42025;Realizar Inspección, Vigilancia y Control de Productos Competencia del INVIMA según sea el caso, en concordancia con la legislación sanitaria, los procedimientos, las políticas y directrices del Instituto.;"Título profesional de los Núcleos Básicos de Conocimiento en: Medicina Veterinaria, Química y Afines, Ingeniería Química y Afines, Ingeniería Agroindustrial, Alimentos y Afines, Zootecnia, Ingeniería Agronómica, Pecuaria y Afines, Agronomía, Otras Ingenierías, Ingeniería Biomédica y Afines, Medicina, Biología, Microbiología y Afines, Bacteriología, Odontología o Ingeniería Industrial y Afines.

Tarjeta o matrícula profesional, en los casos reglamentados por la Ley.

Título de postgrado en la modalidad de especialización en áreas relacionadas con las funciones del cargo.";Diecinueve (19) meses de experiencia profesional relacionada.;19;"Título profesional de los Núcleos Básicos de Conocimiento en: Medicina Veterinaria, Química y Afines, Ingeniería Química y Afines, Ingeniería Agroindustrial, Alimentos y Afines, Zootecnia, Ingeniería Agronómica, Pecuaria y Afines, Agronomía, Otras Ingenierías, Ingeniería Biomédica y Afines, Medicina, Biología, Microbiología y Afines, Bacteriología, Odontología o Ingeniería Industrial y Afines.

Tarjeta o matrícula profesional, en los casos reglamentados por la Ley.";Cuarenta y tres (43) meses de experiencia profesional relacionada.;43
42066;Elaborar y revisar los actos administrativos relacionados con los procesos sancionatorios derivados de las actividades de inspección, vigilancia y control efectuados por el instituto dentro de las competencias misionales establecidas para tal fin, conforme a las normas vigentes.;"Título profesional de los Núcleos Básicos de Conocimiento en: Derecho y Afines.

Tarjeta o matrícula profesional, en los casos reglamentados por la Ley.

Título de postgrado en la modalidad de especialización en áreas relacionadas con las funciones del cargo.";Treinta y un (31) meses de experiencia profesional relacionada.;31;"Título profesional de los Núcleos Básicos de Conocimiento en: Derecho y Afines|.

Tarjeta o matrícula profesional, en los casos reglamentados por la Ley.";Cincuenta y Cinco (55) meses de experiencia profesional relacionada.;55
42067;Diseñar estrategias y actividades que permitan el fortalecimiento, desarrollo y mantenimiento de la Red Nacional de Laboratorios y la implementación y mantenimiento del Sistema de Gestión de la Calidad en los laboratorios de la Red Nacional y del INVIMA, de acuerdo con las normas y procedimientos vigentes.;"Título profesional de los Núcleos Básicos de Conocimiento en: Ingeniería Química y Afines, Química y Afines, Biología, Microbiología y Afines, Bacteriología,  o Ingeniería  Agroindustrial, Alimentos y Afines.

Tarjeta o matrícula profesional en los casos reglamentados por la Ley.

Título de postgrado en la modalidad de especialización en áreas relacionadas con las funciones del cargo.";Treinta y un (31) meses de experiencia profesional relacionada.;31;"Título profesional de los Núcleos Básicos de Conocimiento en: Ingeniería Química y Afines, Química y Afines, Biología, Microbiología y Afines, Bacteriología, o Ingeniería Agroindustrial, Alimentos y Afines.

Tarjeta o matricula profesional, en los casos reglamentados por la ley.";Cincuenta y cinco (55) meses de experiencia profesional relacionada.;55
42068;Realizar las actividades de la dependencia del Grupo Laboratorio de Productos Farmacéuticos y Otras tecnologías, Área fisicoquímica tendientes a asegurar la ejecución de los programas de vigilancia y control incluidos en los planes estratégicos del Instituto.;"Título profesional de los Núcleos Básicos de Conocimiento en: Química y Afines.

Tarjeta o matricula profesional, en los casos reglamentados por la ley.

Título de postgrado en la modalidad de especialización en áreas relacionadas con las funciones del cargo.";Treinta y un (31) meses de experiencia profesional relacionada.;31;"Título profesional de los Núcleos Básicos de Conocimiento en: Química y Afines.

Tarjeta o Matricula Profesional en los casos reglamentados por la Ley.";Cincuenta y cinco (55) meses de experiencia profesional relacionada.;55
42069;Diseñar, proponer y liderar estudios e investigaciones que deriven en la ejecución del montaje, validación y estandarización de técnicas analíticas para la detección y monitoreo de microorganismos de los productos competencia de la dirección.;"Título profesional de los Núcleos Básicos de Conocimiento en: Biología, Microbiología y Afines o Bacteriología.

Tarjeta o matricula profesional, en los casos reglamentados por la ley.

Título de postgrado en la modalidad de especialización en áreas relacionadas con las funciones del cargo.";Treinta y un (31) meses de experiencia profesional relacionada;31;"Título profesional de los Núcleos Básicos de Conocimiento en Biología, Microbiología y Afines o Bacteriología.

Tarjeta o matricula profesional, en los casos reglamentados por la ley.";Cincuenta y cinco (55) meses de experiencia profesional relacionada.;55
42070;Diseñar, proponer y liderar estudios e investigaciones que promuevan el montaje, validación y estandarización de técnicas analíticas de alta complejidad para el monitoreo de residuos y contaminantes químicos en alimentos y bebidas.;"Título profesional  de los Núcleos Básicos de Conocimiento en: Química y Afines, Ingeniería Química y Afines, Ingeniería Agroindustrial, Alimentos y Afines.

Tarjeta o matricula profesional, en los casos reglamentados por la Ley.

Título de postgrado en la modalidad de especialización en áreas relacionadas con las funciones del cargo.";Treinta y un (31) meses de experiencia profesional relacionada.;31;"Título profesional  de los Núcleos Básicos de Conocimiento en: Química y Afines, Ingeniería Química y Afines, Ingeniería Agroindustrial, Alimentos y Afines.

Tarjeta o matricula profesional, en los casos reglamentados por la Ley.";Cincuenta y cinco (55) meses de experiencia profesional relacionada.;55
42072;Participar en la implementación, formulación y ejecución de lineamientos técnicos para la ejecución de las acciones que sean necesarias en el control de la publicidad y la vigilancia sobre el cumplimiento de las normas vigentes en esta materia, para los productos competencia de la Dirección de Medicamentos y Productos Biológicos.;"Título profesional de los Núcleos Básicos de Conocimiento en: Publicidad y Afines o Ingeniería Administrativa y Afines.

Tarjeta o matrícula profesional en los casos reglamentados por la Ley.";Treinta (30) meses de experiencia profesional relacionada.;30;"Título profesional de los Núcleos Básicos de Conocimiento en: Publicidad y Afines o Ingeniería Administrativa y Afines.

Tarjeta o matrícula profesional en los casos reglamentados por la Ley.

Título de postgrado en la modalidad de especialización en áreas relacionadas con las funciones del cargo.";Seis (6) meses de experiencia profesional relacionada.;6
42075;Realizar la ejecución y seguimiento de los procesos administrativos, operativos, financieros o presupuestales para el buen funcionamiento de las operaciones de la dependencia.;"Título profesional de los Núcleos Básica de Conocimiento en: Ingeniería Industrial y Afines, Economía, Administración o Contaduría Pública.

Tarjeta o matrícula profesional, en los casos reglamentados por la Ley.

Título de postgrado en la modalidad de especialización en áreas relacionadas con las funciones del cargo.";Veinticinco (25) meses de experiencia profesional relacionada,;25;Título profesional de los Núcleos Básica de Conocimiento en: Ingeniería Industrial y Afines, Economía, Administración o Contaduría Pública.;Cuarenta y nueve (49) meses de experiencia profesional relacionada.;49
42076;Ejecutar actividades relacionadas con ingreso y salida del país de los productos vigilados por el INVIMA, que permitan el cumplimiento de las normas sanitarias y de comercio exterior, en concordancia con la legislación sanitaria, los procedimientos, las políticas y directrices del Instituto.;"Título profesional de los Núcleos Básicos de Conocimiento en: Medicina Veterinaria; Medicina Veterinaria Zootecnia.
Tarjeta o matrícula profesional, en los casos reglamentados por la Ley.
Título de postgrado en la modalidad de especialización en áreas relacionadas con las funciones del cargo.";Diecinueve (19) meses de experiencia profesional relacionada.;19;"Título profesional de los Núcleos Básicos de Conocimiento en: Medicina Veterinaria o Zootecnia
Tarjeta o matrícula profesional, en los casos reglamentados por la Ley.";Cuarenta y tres (43) meses de experiencia profesional relacionada.;43
42078;Participar en la formulación, diseño, organización, ejecución y control de los planes proyectos, programas y procedimientos que permitan la adecuada administración de los recursos físicos y prestación de servicios administrativos.;"Título profesional de los Núcleos Básicos de Conocimiento en: Economía, Administración, Ingeniería Industrial y Afines, Derecho y Afines o Contaduría Pública.

Tarjeta o matrícula profesional, en los casos reglamentados por la Ley.

Título de postgrado en la modalidad de especialización en áreas relacionadas con las funciones del cargo.";Veinticinco (25) meses de experiencia profesional relacionada.;25;"Título profesional de los Núcleos Básicos de Conocimiento en: Economía, Administración, Ingeniería Industrial y Afines, Derecho y Afines o Contaduría Pública.

Tarjeta o matrícula profesional, en los casos reglamentados por la Ley.";Cuarenta y nueve (49) meses de experiencia profesional relacionada.;49
42080;Participar en la ejecución de planes, proyectos y programas que faciliten el desarrollo integral del recurso humano que se encuentre al servicio de la Entidad, de acuerdo con las normas y procedimientos legales vigentes.;"Título profesional de los Núcleos Básicos de Conocimiento en: Administración, Psicología, Ingeniería Industrial y Afines o Derecho y Afines.

Tarjeta o matrícula profesional, en los casos reglamentados por la Ley.

Título de Postgrado en la modalidad de especialización en áreas relacionadas con las funciones del cargo.";Diecinueve (19) meses de experiencia profesional relacionada.;19;"Título profesional de los Núcleos Básicos de Conocimiento en: Administración, Psicología, Ingeniería Industrial y Afines o Derecho y Afines.

Tarjeta o matrícula profesional, en los casos reglamentados por la Ley.";Cuarenta y tres (43) meses de experiencia profesional relacionada.;43
42084;Formular, construir y emplear las acciones para la implementación, mantenimiento y mejora continua del Sistema de Gestión Integrado del Invima, de acuerdo con los requisitos legales y normativos, políticas institucionales y necesidades de las partes interesadas.;"Título profesional de los Núcleos Básicos de Conocimiento en: Administración, Contaduría Pública, Economía, Ingeniería Industrial y Afines, Derecho y Afines, Ingeniería Administrativa y Afines, Ingeniería Ambiental, Sanitaria y Afines o Biología, Microbiología y Afines.

Tarjeta o matricula profesional, en los casos reglamentados por la ley.

Título de postgrado en modalidad de especialización en áreas relacionadas con las funciones del cargo.";Veinticinco (25) meses de experiencia profesional relacionada.;25;"Título profesional de los Núcleos Básicos de Conocimiento en: Administración, Contaduría Pública, Economía, Ingeniería Industrial y Afines, Derecho y Afines, Ingeniería Administrativa y Afines, Ingeniería Ambiental, Sanitaria y Afines o Biología, Microbiología y Afines.

Tarjeta o matricula profesional, en los casos reglamentados por la ley.";Cuarenta y nueve (49) meses de experiencia profesional relacionada.;49
42082;Desarrollar el programa de capacitación, inducción, entrenamiento, planeación y desarrollo de competencias para asegurar el nivel de competencia requerido en cada uno de los funcionarios, con base en las necesidades detectadas, los requerimientos de la dependencia, las metodologías, lineamientos existentes y normatividad vigente.;"Título profesional de los Núcleos Básicos de Conocimiento en: Administración, Derecho y Afines o Ingeniería Industrial y Afines.
 
Tarjeta o matrícula profesional, en los casos reglamentados por la Ley.

Título de postgrado en modalidad de especialización en áreas relacionadas con las funciones del cargo.";Dieciséis (16) meses de experiencia profesional relacionada.;16;"Título profesional de los Núcleos Básicos de Conocimiento en: Administración, Derecho y Afines o Ingeniería Industrial y Afines.

Tarjeta o matrícula profesional, en los casos reglamentados por la Ley.";Cuarenta (40) meses de experiencia profesional relacionada.;40
42088;Garantizar el cumplimiento de los estándares técnicos requeridos y el desarrollo de nuevas metodologías, programas y planes de muestreo relacionados con los análisis microbiológicos para la determinación de agentes patógenos presentes en los alimentos, materias primas y bebidas, con el fin de verificar los requisitos de inocuidad, como apoyo a los programas de vigilancia y control competencia de la dirección de Alimentos y Bebidas.;"Título profesional de los Núcleos Básicos de Conocimiento en: Bacteriología o Biología, Microbiología y Afines.  
Tarjeta o matrícula profesional, en los casos reglamentados por la Ley.  
Título de postgrado en la modalidad de especialización en áreas relacionadas con las funciones del cargo.";Veinticinco (25) meses de experiencia profesional relacionada.;25;Título profesional de los Núcleos Básicos de Conocimiento en: Bacteriología o Biología, Microbiología y Afines. Tarjeta o matrícula profesional, en los casos reglamentados por la Ley.;Cuarenta y nueve (49) meses de experiencia profesional relacionada.;49
41551;Apoyar en la propuesta, desarrollo y ejecución de las acciones que sean necesarias para otorgar el Registro sanitario, certificar los establecimientos en Buenas Prácticas De Manufactura y Clínicas de los productos y servicios competencia de la Dirección de Medicamentos y Productos Biológicos y vigilar el cumplimiento de las normas vigentes en esta materia, para los productos competencia de la Dirección de Medicamentos y Productos Biológicos.;"Título profesional de los Núcleos Básicos de Conocimiento en: Química Farmacéutica.
Tarjeta o matrícula profesional en los casos reglamentados por la Ley.
Título de postgrado en la modalidad de especialización en área relacionada con las funciones del cargo.";Veinticinco (25) meses de experiencia profesional relacionada.;25;"Título profesional de los Núcleos Básicos de Conocimiento en: Química Farmacéutica.
Tarjeta o matrícula profesional en los casos reglamentados por la Ley.";Cuarenta y nueve (49) meses de experiencia profesional relacionada.;49
42318;Realizar Inspección, Vigilancia y Control de Productos Competencia del INVIMA según sea el caso, en concordancia con la legislación sanitaria, los procedimientos, las políticas y directrices del Instituto.;"Título profesional de los Núcleos Básicos de Conocimiento en: Medicina Veterinaria, Química y Afines, Ingeniería Química y Afines, Ingeniería Agroindusrial, Alimentos y Afines, Zootecnia, Ingeniería Agronómica, Pecuaria y Afines, Agronomía, Otras Ingenierías, Ingeniería Biomédica y Afines, Medicina, Biología, Microbiología y Afines, Bacteriología, Odontología, Enfermería, Optometría, Otros Programas de Ciencias de la Salud, Oftalmología o Ingeniería Industrial y Afines.

Tarjeta o matrícula profesional, en los casos reglamentados por la Ley.";Treinta (30) meses de experiencia profesional relacionada.;30;"Título profesional de los Núcleos Básicos de Conocimiento en: Medicina Veterinaria, Química y Afines, Ingeniería Química y Afines, Ingeniería Agroindusrial, Alimentos y Afines, Zootecnia, Ingeniería Agronómica, Pecuaria y Afines, Agronomía, Otras Ingenierías, Ingeniería Biomédica y Afines, Medicina, Biología, Microbiología y Afines, Bacteriología, Odontología, Enfermería, Optometría, Otros Programas de Ciencias de la Salud, Oftalmología o Ingeniería Industrial y Afines.

Tarjeta o matrícula profesional, en los casos reglamentados por la Ley.

Título de postgrado en modalidad de especialización en áreas relacionadas con las funciones del cargo.";Seis (6) meses de experiencia profesional relacionada.;6
42320;Apoyar la ejecución, seguimiento de procesos administrativos, operativos, financieros o presupuestales para el buen funcionamiento de la dependencia.;"Título profesional de los Núcleos Básicos de Conocimiento en: Ingeniería Industrial y Afines, Derecho y Afines, Economía, Administración o Contaduría Pública.

Tarjeta o matrícula profesional, en los casos reglamentados por la Ley.";Treinta (30) meses de experiencia profesional relacionada.;30;"Título profesional de los Núcleos Básicos de Conocimiento en: Ingeniería Industrial y Afines, Derecho y Afines, Economía, Administración o Contaduría Pública.

Tarjeta o matrícula profesional, en los casos reglamentados por la Ley.

Título de postgrado en modalidad de especialización en áreas relacionadas con las funciones del cargo.";Seis (6) meses de experiencia profesional relacionada.;6
42323;Apoyar la ejecución, seguimiento de procesos administrativos, operativos, financieros o presupuestales para el buen funcionamiento de la dependencia.;"Título profesional de los Núcleos Básicos de Conocimiento en: Ingeniería Industrial y Afines, Derecho y Afines, Economía, Administración o Contaduría Pública.

Tarjeta o matrícula profesional, en los casos reglamentados por la Ley.";Treinta (30) meses de experiencia profesional relacionada.;30;"Título profesional de los Núcleos Básicos de Conocimiento en: Ingeniería Industrial y Afines, Derecho y Afines, Economía, Administración o Contaduría Pública.

Tarjeta o matrícula profesional, en los casos reglamentados por la Ley.

Título de postgrado en modalidad de especialización en áreas relacionadas con las funciones del cargo.";Seis (6) meses de experiencia profesional relacionada.;6
42326;Contribuir al mejoramiento del Sistema de Control Interno, de acuerdo con las normas y procedimientos vigentes.;"Título profesional de los Núcleos Básicos de Conocimiento en: Ingeniería Industrial y Afines, Derecho y Afines, Economía, Ingeniería de Sistemas, Telemática y Afines, Contaduría Pública, Administración, Educación o Ingeniería Química y Afines.

Tarjeta o matrícula profesional en los casos reglamentados por la Ley.";Treinta (30) meses de experiencia profesional relacionada.;30;"Título profesional de los Núcleos Básicos de Conocimiento en: Ingeniería Industrial y Afines, Derecho y Afines, Economía, Ingeniería de Sistemas, Telemática y Afines, Contaduría Pública, Administración, Educación o Ingeniería Química y Afines.

Tarjeta o matrícula profesional en los casos reglamentados por la Ley.

Título de postgrado en la modalidad de especialización en áreas relacionadas con las funciones del cargo.";Seis (6) meses de experiencia profesional relacionada.;6
42334;Apoyar y recomendar legalmente en todos los asuntos de competencia de la dependencia y de los programas del Instituto.;"Título profesional de los Núcleos Básicos de Conocimiento en: Derecho y Afines.

Tarjeta o matrícula profesional, en los casos reglamentados por la Ley.";Treinta (30) meses de experiencia profesional relacionada.;30;"Título profesional de los Núcleos Básicos de Conocimiento en: Derecho y Afines.

Tarjeta o matrícula profesional, en los casos reglamentados por la Ley.

Título de postgrado en modalidad de especialización en áreas relacionadas con las funciones del cargo.";Seis (6) meses de experiencia profesional relacionada.;6
42340;Apoyar la gestión contable de acuerdo con las normas, técnicas contables vigentes y Manual de Procesos y Procedimientos adoptado por la Entidad.;"Título profesional de los Núcleos Básicos de Conocimiento en: Contaduría Pública.

Tarjeta o matrícula profesional, en los casos reglamentados por la Ley.";Treinta (30) meses de experiencia profesional relacionada con las funciones.;30;"Título profesional de los Núcleos Básicos de Conocimiento en: Contaduría Pública.

Tarjeta o matrícula profesional, en los casos reglamentados por la Ley.

Título de postgrado en la modalidad de especialización en áreas relacionadas con las funciones del cargo.";Seis (6) meses de experiencia profesional relacionada.;6
41791;Apoyar la ejecución, seguimiento de procesos administrativos, operativos, financieros o presupuestales para el buen funcionamiento de la dependencia.;"Título profesional de los Núcleos Básicos de Conocimiento en: Ingeniería Industrial y Afines, Derecho y Afines, Economía, Administración o Contaduría Pública.

Tarjeta o matrícula profesional, en los casos reglamentados por la Ley.";Treinta (30) meses de experiencia profesional relacionada.;30;"Título profesional de los Núcleos Básicos de Conocimiento en: Ingeniería Industrial y Afines, Derecho y Afines, Economía, Administración o Contaduría Pública.

Tarjeta o matrícula profesional, en los casos reglamentados por la Ley.

Título de postgrado en modalidad de especialización en áreas relacionadas con las funciones del cargo.";Seis (6) meses de experiencia profesional relacionada.;6
41781;Realizar actividades de apoyo técnico y asistencial que permitan la Inspección, Vigilancia y Control de Alimentos y materias primas para la fabricación de los mismos en el Grupo de Trabajo asignado y en particular en el puerto, aeropuerto o paso fronterizo, según sea el caso, en concordancia con la legislación y procedimientos vigentes y las políticas y directrices del Instituto.;"Título de formación Tecnológica en: Alimentos, Química, Saneamiento Ambiental, Tecnología Pesquera.

Certificado de inscripción profesional, en los casos reglamentados por la Ley.";No requiere experiencia relacionada o laboral.;;Diploma de Bachiller en cualquier modalidad.;Treinta y seis (36) meses de experiencia relacionada o laboral.;36
41781;Realizar actividades de apoyo técnico y asistencial que permitan la Inspección, Vigilancia y Control de Alimentos y materias primas para la fabricación de los mismos en el Grupo de Trabajo asignado y en particular en el puerto, aeropuerto o paso fronterizo, según sea el caso, en concordancia con la legislación y procedimientos vigentes y las políticas y directrices del Instituto.;Aprobación de tres (3) años de educación superior en Ingeniería de Alimentos, Medicina Veterinaria, Ingeniería Química, Bioquímica de Alimentos, Química de Alimentos, Ciencia y Tecnología de Alimentos, Ingeniería Industrial de Alimentos, Microbióloga Industrial, Ingeniería Pesquera o Agronomía	Nueve (9) meses de experiencia relacionada o laboral.Aprobación de tres (3) años de educación superior en Ingeniería de Alimentos, Medicina Veterinaria, Ingeniería Química, Bioquímica de Alimentos, Química de Alimentos, Ciencia y Tecnología de Alimentos, Ingeniería Industrial de Alimentos, Microbióloga Industrial, Ingeniería Pesquera o Agronomía;Nueve (9) meses de experiencia relacionada o laboral.;9;Aprobación de dos (2) años de educación superior en Ingeniería de Alimentos, Medicina Veterinaria, Ingeniería Química, Bioquímica de Alimentos, Química de Alimentos, Ciencia y Tecnología de Alimentos, Ingeniería Industrial de Alimentos, Microbióloga Industrial, Ingeniería Pesquera, Agronomía.;Veintiún (21) meses de experiencia relacionada o laboral.;21
41644;"Realizar actividades de Inspección Vigilancia y Control de plantas de beneficio de animales de abasto público; para la protección de la salud de la población de conformidad con la legislación y procedimientos vigentes";"Título profesional de los Núcleos Básicos de Conocimiento en: Medicina Veterinaria, Medicina Veterinaria Zootecnia.

Tarjeta o matrícula profesional, en los casos reglamentados por la Ley.";Treinta (30) meses de experiencia profesional relacionada.;30;"Título profesional de los Núcleos Básicos de Conocimiento en: Medicina Veterinaria, Medicina Veterinaria Zootecnia.

Tarjeta o matrícula profesional, en los casos reglamentados por la Ley.
Título de postgrado en la modalidad de especialización en áreas relacionadas con las funciones del cargo.";Seis (6) meses de experiencia profesional relacionada.;6
252145;DESARROLLAR LOS PLANES, PROGRAMAS Y PROYECTOS DE INSPECCION, VIGILANCIA Y CONTROL DE CALIDAD DE LOS DISPOSITIVOS MEDICOS Y REACTIVOS DE DIAGNOSTICO IN VITRO A NIVEL NACIONAL.;"Título de PROFESIONAL en NBC: BACTERIOLOGIA
 ,O, NBC:   ENFERMERIA
 ,O, NBC:   INGENIERIA BIOMEDICA Y AFINES
 ,O, NBC:   INSTRUMENTACION QUIRURGICA
 ,O, NBC:   MEDICINA.

";Treinta(30) meses de EXPERIENCIA PROFESIONAL RELACIONADA;30;"Título de PROFESIONAL en NBC: BACTERIOLOGIA
 ,O, NBC:   ENFERMERIA
 ,O, NBC:   INGENIERIA BIOMEDICA Y AFINES
 ,O, NBC:   INSTRUMENTACION QUIRURGICA
 ,O, NBC:   MEDICINA.

Titulo de postgrado en la modalidad de ESPECIALIZACION EN AREAS RELACIONADAS CON LAS FUNCIONES DEL EMPLEO.

";Seis(6) meses de EXPERIENCIA PROFESIONAL RELACIONADA;6
252135;EJECUTAR LAS ACCIONES NECESARIAS DENTRO DEL PROCESO DEL CICLO DE VIDA LABORAL, DE CONFORMIDAD CON LA NORMATIVIDAD APLICABLE A LA ADMINISTRACION DEL TALENTO HUMANO.;"Título de PROFESIONAL en NBC: ADMINISTRACION
 ,O, NBC:   DERECHO Y AFINES Disciplina Académica: DERECHO
 ,O, NBC:   INGENIERIA INDUSTRIAL Y AFINES
 ,O, NBC:   PSICOLOGIA.

Titulo de postgrado en la modalidad de ESPECIALIZACION EN AREAS RELACIONADAS CON LAS FUNCIONES DEL EMPLEO.

";Diez y nueve(19) meses de EXPERIENCIA PROFESIONAL RELACIONADA;19;"Título de PROFESIONAL en NBC: ADMINISTRACION
 ,O, NBC:   DERECHO Y AFINES Disciplina Académica: DERECHO
 ,O, NBC:   INGENIERIA INDUSTRIAL Y AFINES
 ,O, NBC:   PSICOLOGIA.

";Cuarenta y tres(43) meses de EXPERIENCIA PROFESIONAL RELACIONADA;43
252136;GESTIONAR Y LIDERAR LA IMPLEMENTACION DE PROYECTOS Y ESTRATEGIAS RELACIONADAS CON LA INFRAESTRUCTURA DE SISTEMAS TECNOLOGICOS Y DE COMUNICACIONES DEL INSTITUTO, SERVICIOS DE APOYO, CONTINENCIA, SEGURIDAD Y EL SOPORTE TECNOLOGICO A LA OPERACION DENTRO DE LOS ACUERDOS DE SERVICIO ESTABLECIDOS PARA EL INSTITUTO.;"Título de PROFESIONAL en NBC: INGENIERIA DE SISTEMAS, TELEMATICA Y AFINES
 ,O, NBC:   INGENIERIA ELECTRONICA, TELECOMUNICACIONES Y AFINES.

Titulo de postgrado en la modalidad de ESPECIALIZACION EN AREAS RELACIONADAS CON LAS FUNCIONES DEL EMPLEO.

";Treinta y uno(31) meses de EXPERIENCIA PROFESIONAL RELACIONADA;31;"Título de PROFESIONAL en NBC: INGENIERIA DE SISTEMAS, TELEMATICA Y AFINES
 ,O, NBC:   INGENIERIA ELECTRONICA, TELECOMUNICACIONES Y AFINES.

";Cincuenta y cinco(55) meses de EXPERIENCIA PROFESIONAL RELACIONADA;55
252137;REALIZAR ACTIVIDADES DE INSPECCION, VIGILANCIA Y CONTROL A OBJETOS O PRODUCTOS COMPETENCIA DEL INVIMA, EN CONCORDANCIA CON LA LEGISLACION SANITARIA, LOS PROCEDIMIENTOS, LAS POLITICAS Y DIRECTRICES DEL INSTITUTO.;"Título de PROFESIONAL en NBC: BACTERIOLOGIA Disciplina Académica: BACTERIOLOGIA
 ,O, NBC:   BIOLOGIA, MICROBIOLOGIA Y AFINES Disciplina Académica: MICROBIOLOGIA
 ,O, NBC:   INGENIERIA AGROINDUSTRIAL, ALIMENTOS Y AFINES Disciplina Académica: INGENIERIA DE ALIMENTOS
 ,O, NBC:   INGENIERIA BIOMEDICA Y AFINES Disciplina Académica: INGENIERIA BIOMEDICA
 ,O, NBC:   INGENIERIA QUIMICA Y AFINES Disciplina Académica: INGENIERIA QUIMICA
 ,O, NBC:   QUIMICA Y AFINES Disciplina Académica: QUIMICA , QUIMICA DE ALIMENTOS , QUIMICA FARMACEUTICA.

";Treinta(30) meses de EXPERIENCIA PROFESIONAL RELACIONADA;30;"Título de PROFESIONAL en NBC: BACTERIOLOGIA Disciplina Académica: BACTERIOLOGIA
 ,O, NBC:   BIOLOGIA, MICROBIOLOGIA Y AFINES Disciplina Académica: MICROBIOLOGIA
 ,O, NBC:   INGENIERIA AGROINDUSTRIAL, ALIMENTOS Y AFINES Disciplina Académica: INGENIERIA DE ALIMENTOS
 ,O, NBC:   INGENIERIA BIOMEDICA Y AFINES Disciplina Académica: INGENIERIA BIOMEDICA
 ,O, NBC:   INGENIERIA QUIMICA Y AFINES Disciplina Académica: INGENIERIA QUIMICA
 ,O, NBC:   QUIMICA Y AFINES Disciplina Académica: QUIMICA FARMACEUTICA , QUIMICA DE ALIMENTOS , QUIMICA.

Titulo de postgrado en la modalidad de ESPECIALIZACION EN AREAS RELACIONADAS CON LAS FUNCIONES DEL EMPLEO.

";Seis(6) meses de EXPERIENCIA PROFESIONAL RELACIONADA;6
252138;EJECUTAR ACTIVIDADES INSTITUCIONALES PARA PROMOVER ESPACIOS DE POSICIONAMIENTO INSTITUCIONAL A NIVEL INTERNACIONAL, ASI COMO LA FORMULACION, IMPLEMENTACION, EVALUACION Y APROVECHAMIENTO DE PLANES, PROGRAMAS, PROYECTOS Y ACCIONES DE COOPERACION TECNICA CIENTIFICA INTERNACIONAL EN RELACION CON LOS PRODUCTOS Y ACTIVIDADES DE COMPETENCIA DEL INVIMA.;"Título de PROFESIONAL en NBC: CIENCIA POLITICA, RELACIONES INTERNACIONALES
 ,O, NBC:   DERECHO Y AFINES Disciplina Académica: DERECHO
 ,O, NBC:   ECONOMIA.

Titulo de postgrado en la modalidad de ESPECIALIZACION EN AREAS RELACIONADAS CON LAS FUNCIONES DEL EMPLEO.

";Diez y nueve(19) meses de EXPERIENCIA PROFESIONAL RELACIONADA;19;"Título de PROFESIONAL en NBC: CIENCIA POLITICA, RELACIONES INTERNACIONALES
 ,O, NBC:   DERECHO Y AFINES Disciplina Académica: DERECHO
 ,O, NBC:   ECONOMIA.

";Cuarenta y tres(43) meses de EXPERIENCIA PROFESIONAL RELACIONADA;43
252139;CUMPLIR CON LOS PROCESOS Y PROCEDIMIENTOS DE LA OFICINA ASESORA JURIDICA CON MIRAS AL CUMPLIMIENTO DE LAS METAS INSTITUCIONALES.;"Título de PROFESIONAL en NBC: DERECHO Y AFINES Disciplina Académica: DERECHO.

";Treinta(30) meses de EXPERIENCIA PROFESIONAL RELACIONADA;30;"Título de PROFESIONAL en NBC: DERECHO Y AFINES Disciplina Académica: DERECHO.

Titulo de postgrado en la modalidad de ESPECIALIZACION EN AREAS RELACIONADAS CON LAS FUNCIONES DEL EMPLEO.

";Seis(6) meses de EXPERIENCIA PROFESIONAL RELACIONADA;6
252191;GESTIONAR, LIDERAR Y HACER SEGUIMIENTO DURANTE TODO EL CICLO DE VIDA DE LOS PROYECTOS DE TECNOLOGIAS DE LA INFORMACION Y DE TELECOMUNICACIONES, ACORDE A LOS ESTANDARES Y LINEAMIENTOS ESTABLECIDOS POR ENTES INTERNACIONALES, NACIONALES Y A LOS PROCEDIMIENTOS DEL INSTITUTO.;"Título de PROFESIONAL en NBC: INGENIERIA DE SISTEMAS, TELEMATICA Y AFINES
 ,O, NBC:   INGENIERIA ELECTRONICA, TELECOMUNICACIONES Y AFINES.

Titulo de postgrado en la modalidad de ESPECIALIZACION EN AREAS RELACIONADAS CON LAS FUNCIONES DEL EMPLEO.

";Treinta y uno(31) meses de EXPERIENCIA PROFESIONAL RELACIONADA;31;"Título de PROFESIONAL en NBC: INGENIERIA DE SISTEMAS, TELEMATICA Y AFINES
 ,O, NBC:   INGENIERIA ELECTRONICA, TELECOMUNICACIONES Y AFINES.

";Cincuenta y cinco(55) meses de EXPERIENCIA PROFESIONAL RELACIONADA;55
252192;DESARROLLAR ACTIVIDADES DEL GRUPO LABORATORIO DE MICROBIOLOGIA DE PRODUCTOS FARMACEUTICOS Y OTRAS TECNOLOGIAS, CON EL FIN DE VERIFICAR EL CUMPLIMIENTO DE ESPECIFICACIONES Y REQUERIMIENTOS DE LA CALIDAD DE LOS PRODUCTOS FARMACEUTICOS, BIOLOGICOS DE USO HUMANO, COSMETICOS, DISPOSITIVOS MEDICOS Y OTRAS TECNOLOGIAS, SEGUN LAS NORMAS, ESTANDARES Y PROCEDIMIENTOS VIGENTES.;"Título de PROFESIONAL en NBC: BACTERIOLOGIA Disciplina Académica: BACTERIOLOGIA
 ,O, NBC:   BIOLOGIA, MICROBIOLOGIA Y AFINES Disciplina Académica: MICROBIOLOGIA INDUSTRIAL , MICROBIOLOGIA.

Titulo de postgrado en la modalidad de ESPECIALIZACION EN AREAS RELACIONADAS CON LAS FUNCIONES DEL EMPLEO.

";Diez y nueve(19) meses de EXPERIENCIA PROFESIONAL RELACIONADA;19;"Título de PROFESIONAL en NBC: BACTERIOLOGIA Disciplina Académica: BACTERIOLOGIA
 ,O, NBC:   BIOLOGIA, MICROBIOLOGIA Y AFINES Disciplina Académica: MICROBIOLOGIA INDUSTRIAL , MICROBIOLOGIA.

";Cuarenta y tres(43) meses de EXPERIENCIA PROFESIONAL RELACIONADA;43
252186;REALIZAR LAS ACTIVIDADES QUE PERMITAN EL FORTALECIMIENTO, CONSOLIDACION E INTEGRACION DE LA RED NACIONAL DE LABORATORIOS Y DEL SISTEMA DE GESTION DE LA CALIDAD DE ACUERDO CON LAS NORMAS Y PROCEDIMIENTOS VIGENTES.;"Título de PROFESIONAL en NBC: BACTERIOLOGIA
 ,O, NBC:   BIOLOGIA, MICROBIOLOGIA Y AFINES.

Titulo de postgrado en la modalidad de ESPECIALIZACION EN AREAS RELACIONADAS CON LAS FUNCIONES DEL EMPLEO.

";Veinticinco(25) meses de EXPERIENCIA PROFESIONAL RELACIONADA;25;"Título de PROFESIONAL en NBC: BACTERIOLOGIA
 ,O, NBC:   BIOLOGIA, MICROBIOLOGIA Y AFINES.

";Cuarenta y nueve(49) meses de EXPERIENCIA PROFESIONAL RELACIONADA;49
252187;GARANTIZAR EL CUMPLIMIENTO DE LOS ESTANDARES TECNICOS REQUERIDOS Y EL DESARROLLO DE NUEVAS METODOLOGIAS, PROGRAMAS Y PLANES DE MUESTREO RELACIONADOS CON LOS ANALISIS MICROBIOLOGICOS PARA LA DETERMINACION DE AGENTES PATOGENOS PRESENTES EN LOS ALIMENTOS Y BEBIDAS, CON EL FIN DE VERIFICAR LOS REQUISITOS DE INOCUIDAD, COMO APOYO A LOS PROGRAMAS DE VIGILANCIA Y CONTROL COMPETENCIA DE LA DIRECCION DE ALIMENTOS Y BEBIDAS.;"Título de PROFESIONAL en NBC: BACTERIOLOGIA Disciplina Académica: BACTERIOLOGIA
 ,O, NBC:   BIOLOGIA, MICROBIOLOGIA Y AFINES Disciplina Académica: MICROBIOLOGIA INDUSTRIAL Y AMBIENTAL , MICROBIOLOGIA INDUSTRIAL , MICROBIOLOGIA.

Titulo de postgrado en la modalidad de ESPECIALIZACION EN AREAS RELACIONADAS CON LAS FUNCIONES DEL EMPLEO.

";Veinticinco(25) meses de EXPERIENCIA PROFESIONAL RELACIONADA;25;"Título de PROFESIONAL en NBC: BACTERIOLOGIA Disciplina Académica: BACTERIOLOGIA
 ,O, NBC:   BIOLOGIA, MICROBIOLOGIA Y AFINES Disciplina Académica: MICROBIOLOGIA , MICROBIOLOGIA INDUSTRIAL , MICROBIOLOGIA INDUSTRIAL Y AMBIENTAL.

";Cuarenta y nueve(49) meses de EXPERIENCIA PROFESIONAL RELACIONADA;49
252188;DESARROLLAR ACTIVIDADES ANALITICAS DEL GRUPO FISICOQUIMICO DE PRODUCTOS FARMACEUTICOS Y OTRAS TECNOLOGIAS, QUE PERMITAN LA VERIFICACION DE CUMPLIMIENTO DE LAS ESPECIFICACIONES Y REQUERIMIENTOS DE PRODUCTOS FARMACEUTICOS, BIOLOGICOS, COSMETICOS, ENTRE OTROS DE ACUERDO CON LAS NORMAS Y PROCEDIMIENTOS VIGENTES.;"Título de PROFESIONAL en NBC: QUIMICA Y AFINES Disciplina Académica: QUIMICA FARMACEUTICA.

Titulo de postgrado en la modalidad de ESPECIALIZACION EN AREAS RELACIONADAS CON LAS FUNCIONES DEL EMPLEO.

";Diez y nueve(19) meses de EXPERIENCIA PROFESIONAL RELACIONADA;19;"Título de PROFESIONAL en NBC: QUIMICA Y AFINES Disciplina Académica: QUIMICA FARMACEUTICA.

";Cuarenta y tres(43) meses de EXPERIENCIA PROFESIONAL RELACIONADA;43
252189;REALIZAR INSPECCION, VIGILANCIA Y CONTROL DE PRODUCTOS COMPETENCIA DEL INVIMA SEGUN SEA EL CASO, EN CONCORDANCIA CON LA LEGISLACION SANITARIA, LOS PROCEDIMIENTOS, LAS POLITICAS Y DIRECTRICES DEL INSTITUTO.;"Título de PROFESIONAL en NBC: INGENIERIA AGROINDUSTRIAL, ALIMENTOS Y AFINES
 ,O, NBC:   INGENIERIA QUIMICA Y AFINES
 ,O, NBC:   QUIMICA Y AFINES.

";Treinta(30) meses de EXPERIENCIA PROFESIONAL RELACIONADA;30;"Título de PROFESIONAL en NBC: INGENIERIA AGROINDUSTRIAL, ALIMENTOS Y AFINES
 ,O, NBC:   INGENIERIA QUIMICA Y AFINES
 ,O, NBC:   QUIMICA Y AFINES.

Titulo de postgrado en la modalidad de ESPECIALIZACION EN AREAS RELACIONADAS CON LAS FUNCIONES DEL EMPLEO.

";Seis(6) meses de EXPERIENCIA PROFESIONAL RELACIONADA;6
252190;IMPLEMENTAR PLANES Y PROGRAMAS DE VIGILANCIA EPIDEMIOLOGICA Y EVALUACION DE RIESGOS EN LA INSPECCION VIGILANCIA Y CONTROL DE ALIMENTOS, PARA LA PROTECCION DE LA SALUD DE LA POBLACION, DE ACUERDO CON LAS NORMAS Y PROCEDIMIENTOS VIGENTES.;"Título de PROFESIONAL en NBC: INGENIERIA AGROINDUSTRIAL, ALIMENTOS Y AFINES
 ,O, NBC:   MEDICINA VETERINARIA.

";Treinta(30) meses de EXPERIENCIA PROFESIONAL RELACIONADA;30;"Título de PROFESIONAL en NBC: INGENIERIA AGROINDUSTRIAL, ALIMENTOS Y AFINES
 ,O, NBC:   MEDICINA VETERINARIA.

Titulo de postgrado en la modalidad de ESPECIALIZACION EN AREAS RELACIONADAS CON LAS FUNCIONES DEL EMPLEO.

";Seis(6) meses de EXPERIENCIA PROFESIONAL RELACIONADA;6
252193;GESTIONAR Y LIDERAR LA IMPLEMENTACION DE PROYECTOS Y ESTRATEGIAS DE GESTION DE INFORMACION EN FUNCION DE UNA MEJORA CONTINUA QUE PERMITA DISPONER DE LOS DATOS DE FORMA CONFIABLE Y SEGURA PARA LA TOMA DE DECISIONES A TODOS LOS NIVELES DE LA INSTITUCION.;"Título de PROFESIONAL en NBC: INGENIERIA DE SISTEMAS, TELEMATICA Y AFINES
 ,O, NBC:   INGENIERIA ELECTRONICA, TELECOMUNICACIONES Y AFINES.

Titulo de postgrado en la modalidad de ESPECIALIZACION EN AREAS RELACIONADAS CON LAS FUNCIONES DEL EMPLEO.

";Treinta y uno(31) meses de EXPERIENCIA PROFESIONAL RELACIONADA;31;"Título de PROFESIONAL en NBC: INGENIERIA DE SISTEMAS, TELEMATICA Y AFINES
 ,O, NBC:   INGENIERIA ELECTRONICA, TELECOMUNICACIONES Y AFINES.

";Cincuenta y cinco(55) meses de EXPERIENCIA PROFESIONAL RELACIONADA;55
252140;VERIFICAR EL CUMPLIMIENTO DE LA NORMATIVIDAD SANITARIA VIGENTE RELACIONADA CON LA EXPEDICION DE LOS REGISTROS SANITARIOS DE LOS PRODUCTOS COMPETENCIA DE LA DIRECCION DE DISPOSITIVOS MEDICOS Y OTRAS TECNOLOGIAS.;"Título de PROFESIONAL en NBC: BACTERIOLOGIA
 ,O, NBC:   ENFERMERIA
 ,O, NBC:   INGENIERIA BIOMEDICA Y AFINES
 ,Y, NBC:   INGENIERIA QUIMICA Y AFINES
 ,O, NBC:   INSTRUMENTACION QUIRURGICA
 ,O, NBC:   ODONTOLOGIA.

";Treinta(30) meses de EXPERIENCIA PROFESIONAL RELACIONADA;30;"Título de PROFESIONAL en NBC: BACTERIOLOGIA
 ,O, NBC:   ENFERMERIA
 ,O, NBC:   INGENIERIA BIOMEDICA Y AFINES
 ,O, NBC:   INGENIERIA QUIMICA Y AFINES
 ,O, NBC:   INSTRUMENTACION QUIRURGICA
 ,O, NBC:   ODONTOLOGIA.

Titulo de postgrado en la modalidad de ESPECIALIZACION EN AREAS RELACIONADAS CON LAS FUNCIONES DEL EMPLEO.

";Seis(6) meses de EXPERIENCIA PROFESIONAL RELACIONADA;6
252141;ASISTIR EN LA PRESTACION DE LOS SERVICIOS DE ATENCION AL CIUDADANO SUMINISTRANDO INFORMACION SOBRE TRAMITES Y SERVICIOS , NORMAS, REQUISITOS, FORMATOS, ESTADO DE LOS ASUNTOS EN CURSO, DERECHOS Y DEBERES, DE ACUERDO CON LA NORMATIVIDAD, REGLAMENTACIONES Y PROCEDIMIENTOS VIGENTES SEGUN LOS CANALES DE COMUNICACION ESTABLECIDOS. GESTIONAR PQRDS DE ACUERDO A LAS ATRIBUCIONES DE LA ENTIDAD Y LOS TERMINOS ESTABLECIDOS.;"Título de PROFESIONAL en NBC: ADMINISTRACION
 ,O, NBC:   BACTERIOLOGIA
 ,O, NBC:   BIOLOGIA, MICROBIOLOGIA Y AFINES
 ,O, NBC:   CIENCIA POLITICA, RELACIONES INTERNACIONALES
 ,O, NBC:   DERECHO Y AFINES Disciplina Académica: DERECHO
 ,O, NBC:   ECONOMIA
 ,O, NBC:   INGENIERIA AGROINDUSTRIAL, ALIMENTOS Y AFINES
 ,O, NBC:   INGENIERIA BIOMEDICA Y AFINES
 ,O, NBC:   INGENIERIA DE SISTEMAS, TELEMATICA Y AFINES
 ,O, NBC:   INGENIERIA INDUSTRIAL Y AFINES
 ,O, NBC:   MEDICINA
 ,O, NBC:   ODONTOLOGIA
 ,O, NBC:   OPTOMETRIA, OTROS PROGRAMAS DE CIENCIAS DE LA SALUD
 ,O, NBC:   QUIMICA Y AFINES.

";Treinta(30) meses de EXPERIENCIA PROFESIONAL RELACIONADA;30;"Título de PROFESIONAL en NBC: ADMINISTRACION
 ,O, NBC:   BACTERIOLOGIA
 ,O, NBC:   BIOLOGIA, MICROBIOLOGIA Y AFINES
 ,O, NBC:   CIENCIA POLITICA, RELACIONES INTERNACIONALES
 ,O, NBC:   DERECHO Y AFINES Disciplina Académica: DERECHO
 ,O, NBC:   ECONOMIA
 ,O, NBC:   INGENIERIA AGROINDUSTRIAL, ALIMENTOS Y AFINES
 ,O, NBC:   INGENIERIA BIOMEDICA Y AFINES
 ,O, NBC:   INGENIERIA DE SISTEMAS, TELEMATICA Y AFINES
 ,O, NBC:   INGENIERIA INDUSTRIAL Y AFINES
 ,O, NBC:   MEDICINA
 ,O, NBC:   ODONTOLOGIA
 ,O, NBC:   OPTOMETRIA, OTROS PROGRAMAS DE CIENCIAS DE LA SALUD
 ,O, NBC:   QUIMICA Y AFINES.

Titulo de postgrado en la modalidad de ESPECIALIZACION EN AREAS RELACIONADAS CON LAS FUNCIONES DEL EMPLEO.

";Seis(6) meses de EXPERIENCIA PROFESIONAL RELACIONADA;6
252142;BRINDAR EL SOPORTE JURIDICO EN EL DESARROLLO DE LAS FUNCIONES DEL INSTITUTO EN ARAS DEL CUMPLIMIENTO CABAL DE LOS OBJETIVOS INSTITUCIONALES, ASI COMO DEFENDER LOS INTERESES DEL INSTITUTO A TRAVES DE LA DEFENSA JUDICIAL Y EXTRAJUDICIAL Y HACIENDO EFECTIVAS TODAS AQUELLAS ACREENCIAS A FAVOR DEL INVIMA, DE ACUERDO CON LAS NORMAS VIGENTES.;"Título de PROFESIONAL en NBC: DERECHO Y AFINES Disciplina Académica: DERECHO.

Titulo de postgrado en la modalidad de ESPECIALIZACION EN AREAS RELACIONADAS CON LAS FUNCIONES DEL EMPLEO.

";Treinta y uno(31) meses de EXPERIENCIA PROFESIONAL RELACIONADA;31;"Título de PROFESIONAL en NBC: DERECHO Y AFINES Disciplina Académica: DERECHO.

";Cincuenta y cinco(55) meses de EXPERIENCIA PROFESIONAL RELACIONADA;55
252143;CONTRIBUIR AL MEJORAMIENTO DEL SISTEMA DE CONTROL INTERNO, DE ACUERDO CON LAS NORMAS Y PROCEDIMIENTOS VIGENTES.;"Título de PROFESIONAL en NBC: ADMINISTRACION
 ,O, NBC:   ECONOMIA
 ,O, NBC:   INGENIERIA INDUSTRIAL Y AFINES.

";Treinta(30) meses de EXPERIENCIA PROFESIONAL RELACIONADA;30;"Título de PROFESIONAL en NBC: ADMINISTRACION
 ,O, NBC:   ECONOMIA
 ,O, NBC:   INGENIERIA INDUSTRIAL Y AFINES.

Titulo de postgrado en la modalidad de ESPECIALIZACION EN AREAS RELACIONADAS CON LAS FUNCIONES DEL EMPLEO.

";Seis(6) meses de EXPERIENCIA PROFESIONAL RELACIONADA;6
252144;BRINDAR EL SOPORTE JURIDICO EN ARAS DEL CUMPLIMIENTO CABAL DE LOS OBJETIVOS INSTITUCIONALES RELACIONADOS CON LA UNIDAD DE CRITERIOS JURIDICOS, EVALUACION DE LA NORMATIVIDAD SANITARIA, DEFENSA DE LOS INTERESES DEL INSTITUTO Y EL COBRO DE LAS ACREENCIAS EN FAVOR DE LA ENTIDAD.;"Título de PROFESIONAL en NBC: DERECHO Y AFINES Disciplina Académica: DERECHO.

Titulo de postgrado en la modalidad de ESPECIALIZACION EN AREAS RELACIONADAS CON LAS FUNCIONES DEL EMPLEO.

";Diez y nueve(19) meses de EXPERIENCIA PROFESIONAL RELACIONADA;19;"Título de PROFESIONAL en NBC: DERECHO Y AFINES Disciplina Académica: DERECHO.

";Cuarenta y tres(43) meses de EXPERIENCIA PROFESIONAL RELACIONADA;43
252196;EJECUTAR ACTIVIDADES REGULATORIAS PARA LA EXPEDICION DE REGISTROS SANITARIOS, LA NORMALIZACION, CERTIFICACION Y CONTROL DE ESTABLECIMIENTOS Y PRODUCTOS, ASI COMO ACCIONES DE INSPECCION, VIGILANCIA Y CONTROL, APLICANDO CRITERIOS TECNICOS, CIENTIFICOS Y NORMATIVOS, CON EL FIN DE SUSTENTAR ACTOS ADMINISTRATIVOS, FORTALECER EL SISTEMA DE REGISTROS SANITARIOS, GARANTIZAR EL CUMPLIMIENTO NORMATIVO Y PROTEGER LA SALUD PUBLICA, CONFORME A LOS PROCEDIMIENTOS INSTITUCIONALES.;"Título de PROFESIONAL en NBC: QUIMICA Y AFINES Disciplina Académica: QUIMICA FARMACEUTICA.

Titulo de postgrado en la modalidad de ESPECIALIZACION EN AREAS RELACIONADAS CON LAS FUNCIONES DEL EMPLEO.

";Treinta y uno(31) meses de EXPERIENCIA PROFESIONAL RELACIONADA;31;"Título de PROFESIONAL en NBC: QUIMICA Y AFINES Disciplina Académica: QUIMICA FARMACEUTICA.

";Cincuenta y cinco(55) meses de EXPERIENCIA PROFESIONAL RELACIONADA;55
252197;ACOMPANAR Y APOYAR EN LA EJECUCION DE ACTIVIDADES DE COMPETENCIA DE LA DEPENDENCIA Y DEL INSTITUTO EN ASPECTOS LEGALES, ELABORAR Y ASESORAR LA EXPEDICION DE CONCEPTOS JURIDICOS DESDE LA COMPETENCIA FUNCIONAL DE LA DEPENDENCIA Y DEL INSTITUTO;"Título de PROFESIONAL en NBC: DERECHO Y AFINES Disciplina Académica: DERECHO.

Titulo de postgrado en la modalidad de ESPECIALIZACION EN AREAS RELACIONADAS CON LAS FUNCIONES DEL EMPLEO.

";Treinta y uno(31) meses de EXPERIENCIA PROFESIONAL RELACIONADA;31;"Título de PROFESIONAL en NBC: DERECHO Y AFINES Disciplina Académica: DERECHO.

";Cincuenta y cinco(55) meses de EXPERIENCIA PROFESIONAL RELACIONADA;55
252198;PLANEAR Y EVALUAR LAS ACTIVIDADES DE INSPECCION, VIGILANCIA Y CONTROL A LOS ESTABLECIMIENTOS COMPETENCIA DE LA DIRECCION DE MEDICAMENTOS Y PRODUCTOS BIOLOGICOS, DE ACUERDO CON LAS NORMAS Y PROCEDIMIENTOS VIGENTES;"Título de PROFESIONAL en NBC: BACTERIOLOGIA Disciplina Académica: BACTERIOLOGIA
 ,O, NBC:   BIOLOGIA, MICROBIOLOGIA Y AFINES Disciplina Académica: BIOLOGIA , MICROBIOLOGIA , MICROBIOLOGIA INDUSTRIAL
 ,O, NBC:   QUIMICA Y AFINES Disciplina Académica: QUIMICA FARMACEUTICA.

Titulo de postgrado en la modalidad de ESPECIALIZACION EN AREAS RELACIONADAS CON LAS FUNCIONES DEL EMPLEO.

";Veinticinco(25) meses de EXPERIENCIA PROFESIONAL RELACIONADA;25;"Título de PROFESIONAL en NBC: BACTERIOLOGIA Disciplina Académica: BACTERIOLOGIA
 ,O, NBC:   BIOLOGIA, MICROBIOLOGIA Y AFINES Disciplina Académica: MICROBIOLOGIA INDUSTRIAL , BIOLOGIA , MICROBIOLOGIA
 ,O, NBC:   QUIMICA Y AFINES Disciplina Académica: QUIMICA FARMACEUTICA.

";Cuarenta y nueve(49) meses de EXPERIENCIA PROFESIONAL RELACIONADA;49
252199;APOYAR EN LA PROPUESTA, PLANEACION, DESARROLLO Y EJECUCION DE PLANES, PROGRAMAS Y ACCIONES RELACIONADOS CON LOS PRODUCTOS Y ESTABLECIMIENTOS COMPETENCIA DE LA DIRECCION DE MEDICAMENTOS Y PRODUCTOS BIOLOGICOS EN CONCORDANCIA CON LA NORMATIVIDAD SANITARIA VIGENTE.;"Título de PROFESIONAL en NBC: QUIMICA Y AFINES Disciplina Académica: QUIMICA FARMACEUTICA.

Titulo de postgrado en la modalidad de ESPECIALIZACION EN AREAS RELACIONADAS CON LAS FUNCIONES DEL EMPLEO.

";Veinticinco(25) meses de EXPERIENCIA PROFESIONAL RELACIONADA;25;"Título de PROFESIONAL en NBC: QUIMICA Y AFINES Disciplina Académica: QUIMICA FARMACEUTICA.

";Cuarenta y nueve(49) meses de EXPERIENCIA PROFESIONAL RELACIONADA;49
252200;ESTUDIAR LOS ASPECTOS LEGALES DE LAS SOLICITUDES DE REGISTROS SANITARIOS Y TRAMITES ASOCIADOS DE LOS PRODUCTOS COMPETENCIA DE LA DIRECCION DE MEDICAMENTOS Y PRODUCTOS BIOLOGICOS Y RESOLVER LAS CONSULTAS JURIDICAS ALLEGADAS A LA MISIONAL.;"Título de PROFESIONAL en NBC: DERECHO Y AFINES Disciplina Académica: DERECHO.

Titulo de postgrado en la modalidad de ESPECIALIZACION EN AREAS RELACIONADAS CON LAS FUNCIONES DEL EMPLEO.

";Diez y nueve(19) meses de EXPERIENCIA PROFESIONAL RELACIONADA;19;"Título de PROFESIONAL en NBC: DERECHO Y AFINES Disciplina Académica: DERECHO.

";Cuarenta y tres(43) meses de EXPERIENCIA PROFESIONAL RELACIONADA;43
252146;ADELANTAR LOS PROCESOS DISCIPLINARIOS ASIGNADOS, APOYAR Y RECOMENDAR LEGALMENTE EN TODOS LOS ASUNTOS DE COMPETENCIA DE LA DEPENDENCIA DE ACUERDO CON LAS POLITICAS FIJADAS POR LA COORDINACION Y SEGUN LAS DISPOSICIONES Y TERMINOS LEGALES VIGENTES.;"Título de PROFESIONAL en NBC: DERECHO Y AFINES Disciplina Académica: DERECHO.

Titulo de postgrado en la modalidad de ESPECIALIZACION EN AREAS RELACIONADAS CON LAS FUNCIONES DEL EMPLEO.

";Diez y nueve(19) meses de EXPERIENCIA PROFESIONAL RELACIONADA;19;"Título de PROFESIONAL en NBC: DERECHO Y AFINES Disciplina Académica: DERECHO.

";Cuarenta y tres(43) meses de EXPERIENCIA PROFESIONAL RELACIONADA;43
252147;EJECUTAR ACTIVIDADES INSPECCION, VIGILANCIA Y CONTROL DE PRODUCTOS COMPETENCIA DEL INVIMA, PROCESOS ADMINISTRATIVOS Y OPERATIVOS PARA EL BUEN FUNCIONAMIENTO DE LA DEPENDENCIA PARTIENDO DE LOS INSUMOS QUE GENERAN LOS GRUPOS DE TRABAJO.;"Título de PROFESIONAL en NBC: INGENIERIA AGROINDUSTRIAL, ALIMENTOS Y AFINES Disciplina Académica: INGENIERIA DE ALIMENTOS
 ,O, NBC:   MEDICINA VETERINARIA Disciplina Académica: MEDICINA VETERINARIA , MEDICINA VETERINARIA Y ZOOTECNIA
 ,O, NBC:   QUIMICA Y AFINES Disciplina Académica: QUIMICA DE ALIMENTOS
 ,O, NBC:   ZOOTECNIA Disciplina Académica: ZOOTECNIA.

";Treinta(30) meses de EXPERIENCIA PROFESIONAL RELACIONADA;30;"Título de PROFESIONAL en NBC: INGENIERIA AGROINDUSTRIAL, ALIMENTOS Y AFINES Disciplina Académica: INGENIERIA DE ALIMENTOS
 ,O, NBC:   MEDICINA VETERINARIA Disciplina Académica: MEDICINA VETERINARIA Y ZOOTECNIA , MEDICINA VETERINARIA
 ,O, NBC:   QUIMICA Y AFINES Disciplina Académica: QUIMICA DE ALIMENTOS
 ,O, NBC:   ZOOTECNIA Disciplina Académica: ZOOTECNIA.

Titulo de postgrado en la modalidad de ESPECIALIZACION EN AREAS RELACIONADAS CON LAS FUNCIONES DEL EMPLEO.

";Seis(6) meses de EXPERIENCIA PROFESIONAL RELACIONADA;6
252148;PROPONER, GESTIONAR Y EJECUTAR LAS ACTIVIDADES QUE PERMITAN LA IMPLEMENTACION, MANTENIMIENTO Y MEJORA CONTINUA DEL SISTEMA DE GESTION INTEGRADO DEL INVIMA, DE ACUERDO CON LOS REQUISITOS LEGALES Y NORMATIVOS, POLITICAS INSTITUCIONALES Y NECESIDADES DE LAS PARTES INTERESADAS.;"Título de PROFESIONAL en NBC: ADMINISTRACION
 ,O, NBC:   BIOLOGIA, MICROBIOLOGIA Y AFINES
 ,O, NBC:   CONTADURIA PUBLICA
 ,O, NBC:   ECONOMIA
 ,O, NBC:   INGENIERIA ADMINISTRATIVA Y AFINES
 ,O, NBC:   INGENIERIA AMBIENTAL, SANITARIA Y AFINES
 ,O, NBC:   INGENIERIA INDUSTRIAL Y AFINES.

Titulo de postgrado en la modalidad de ESPECIALIZACION EN AREAS RELACIONADAS CON LAS FUNCIONES DEL EMPLEO.

";Diez y nueve(19) meses de EXPERIENCIA PROFESIONAL RELACIONADA;19;"Título de PROFESIONAL en NBC: ADMINISTRACION
 ,O, NBC:   BIOLOGIA, MICROBIOLOGIA Y AFINES
 ,O, NBC:   CONTADURIA PUBLICA
 ,O, NBC:   ECONOMIA
 ,O, NBC:   INGENIERIA ADMINISTRATIVA Y AFINES
 ,O, NBC:   INGENIERIA AMBIENTAL, SANITARIA Y AFINES
 ,O, NBC:   INGENIERIA INDUSTRIAL Y AFINES.

";Cuarenta y tres(43) meses de EXPERIENCIA PROFESIONAL RELACIONADA;43
252150;DESARROLLAR LAS ACTIVIDADES NECESARIAS PARA LA PUESTA EN MARCHA DE LOS PLANES RELACIONADOS CON LA ADMINISTRACION DEL TALENTO HUMANO.;"Título de PROFESIONAL en NBC: ADMINISTRACION
 ,O, NBC:   CONTADURIA PUBLICA
 ,O, NBC:   DERECHO Y AFINES Disciplina Académica: DERECHO
 ,O, NBC:   ECONOMIA
 ,O, NBC:   INGENIERIA INDUSTRIAL Y AFINES
 ,O, NBC:   PSICOLOGIA.

";Treinta(30) meses de EXPERIENCIA PROFESIONAL RELACIONADA;30;"Título de PROFESIONAL en NBC: ADMINISTRACION
 ,O, NBC:   CONTADURIA PUBLICA
 ,O, NBC:   DERECHO Y AFINES Disciplina Académica: DERECHO
 ,O, NBC:   ECONOMIA
 ,O, NBC:   INGENIERIA INDUSTRIAL Y AFINES
 ,O, NBC:   PSICOLOGIA.

Titulo de postgrado en la modalidad de ESPECIALIZACION EN AREAS RELACIONADAS CON LAS FUNCIONES DEL EMPLEO.

";Seis(6) meses de EXPERIENCIA PROFESIONAL RELACIONADA;6
252151;EVALUAR Y VERIFICAR EL CUMPLIMIENTO DE LOS REQUISITOS DE CALIDAD, SEGURIDAD Y EFICACIA DE LOS PRODUCTOS COMPETENCIA DE LA DIRECCION DE MEDICAMENTOS Y PRODUCTOS BIOLOGICOS, CON EL FIN DE GARANTIZAR SU APTITUD PARA EL CONSUMO HUMANO, DE ACUERDO CON LAS NORMAS Y PROCEDIMIENTOS VIGENTES.;"Título de PROFESIONAL en NBC: QUIMICA Y AFINES Disciplina Académica: QUIMICA FARMACEUTICA.

";Treinta(30) meses de EXPERIENCIA PROFESIONAL RELACIONADA;30;"Título de PROFESIONAL en NBC: QUIMICA Y AFINES Disciplina Académica: QUIMICA FARMACEUTICA.

Titulo de postgrado en la modalidad de ESPECIALIZACION EN AREAS RELACIONADAS CON LAS FUNCIONES DEL EMPLEO.

";Seis(6) meses de EXPERIENCIA PROFESIONAL RELACIONADA;6
252152;GESTIONAR Y EJECUTAR LAS ACTIVIDADES ASOCIADAS AL PROCESO DE INSPECCION, VIGILANCIA Y CONTROL DE PRODUCTOS COMPETENCIA DEL INVIMA, PARA LA PROTECCION DE LA SALUD DE LA POBLACION, DE ACUERDO CON LA LEGISLACION SANITARIA, LOS PROCEDIMIENTOS, LAS POLITICAS Y DIRECTRICES DEL INSTITUTO.;"Título de PROFESIONAL en NBC: MEDICINA VETERINARIA Disciplina Académica: MEDICINA VETERINARIA , MEDICINA VETERINARIA Y ZOOTECNIA.

Titulo de postgrado en la modalidad de ESPECIALIZACION EN AREAS RELACIONADAS CON LAS FUNCIONES DEL EMPLEO.

";Diez y seis(16) meses de EXPERIENCIA PROFESIONAL RELACIONADA;16;"Título de PROFESIONAL en NBC: MEDICINA VETERINARIA Disciplina Académica: MEDICINA VETERINARIA Y ZOOTECNIA , MEDICINA VETERINARIA.

";Cuarenta(40) meses de EXPERIENCIA PROFESIONAL RELACIONADA;40
252153;REALIZAR LAS ACTIVIDADES REQUERIDAS DE ARTICULACION Y COORDINACION CON LAS ENTIDADES TERRITORIALES DE SALUD Y FORMULAR, DESARROLLAR, HACER SEGUIMIENTO Y EVALUACION A LOS PLANES, PROGRAMAS Y PROYECTOS DE INSPECCION, VIGILANCIA Y CONTROL DE RIESGO QUE AFECTAN LA INOCUIDAD DE LOS ALIMENTOS.;"Título de PROFESIONAL en NBC: INGENIERIA AGROINDUSTRIAL, ALIMENTOS Y AFINES
 ,O, NBC:   INGENIERIA QUIMICA Y AFINES
 ,O, NBC:   MEDICINA VETERINARIA.

";Treinta(30) meses de EXPERIENCIA PROFESIONAL RELACIONADA;30;"Título de PROFESIONAL en NBC: INGENIERIA AGROINDUSTRIAL, ALIMENTOS Y AFINES
 ,O, NBC:   INGENIERIA QUIMICA Y AFINES
 ,O, NBC:   MEDICINA VETERINARIA.

Titulo de postgrado en la modalidad de ESPECIALIZACION EN AREAS RELACIONADAS CON LAS FUNCIONES DEL EMPLEO.

";Seis(6) meses de EXPERIENCIA PROFESIONAL RELACIONADA;6
252154;VERIFICAR EL CUMPLIMIENTO DE REQUISITOS DE LOS TRAMITES ASOCIADOS A LOS PRODUCTOS QUE SON COMPETENCIA DEL INVIMA, CON EL FIN DE GARANTIZAR SU APTITUD PARA EL CONSUMO HUMANO, DE ACUERDO CON LAS NORMAS Y PROCEDIMIENTOS VIGENTES.;"Título de PROFESIONAL en NBC: INGENIERIA AGROINDUSTRIAL, ALIMENTOS Y AFINES
 ,O, NBC:   INGENIERIA QUIMICA Y AFINES
 ,O, NBC:   QUIMICA Y AFINES.

";Treinta(30) meses de EXPERIENCIA PROFESIONAL RELACIONADA;30;"Título de PROFESIONAL en NBC: INGENIERIA AGROINDUSTRIAL, ALIMENTOS Y AFINES
 ,O, NBC:   INGENIERIA QUIMICA Y AFINES
 ,O, NBC:   QUIMICA Y AFINES.

Titulo de postgrado en la modalidad de ESPECIALIZACION EN AREAS RELACIONADAS CON LAS FUNCIONES DEL EMPLEO.

";Seis(6) meses de EXPERIENCIA PROFESIONAL RELACIONADA;6
252149;REALIZAR INSPECCION, VIGILANCIA Y CONTROL DE PRODUCTOS COMPETENCIA DEL INVIMA EN CONCORDANCIA CON LA LEGISLACION SANITARIA, LOS PROCEDIMIENTOS, LAS POLITICAS Y DIRECTRICES DEL INSTITUTO.;"Título de PROFESIONAL en NBC: BIOLOGIA, MICROBIOLOGIA Y AFINES Disciplina Académica: MICROBIOLOGIA , MICROBIOLOGIA INDUSTRIAL
 ,O, NBC:   INGENIERIA AGROINDUSTRIAL, ALIMENTOS Y AFINES Disciplina Académica: INGENIERIA DE ALIMENTOS
 ,O, NBC:   INGENIERIA QUIMICA Y AFINES Disciplina Académica: INGENIERIA QUIMICA
 ,O, NBC:   MEDICINA VETERINARIA Disciplina Académica: MEDICINA VETERIANARIA Y ZOOTECNIA , MEDICINA VETERINARIA
 ,O, NBC:   QUIMICA Y AFINES Disciplina Académica: QUIMICA DE ALIMENTOS
 ,O, NBC:   ZOOTECNIA Disciplina Académica: ZOOTECNIA.

";Treinta(30) meses de EXPERIENCIA PROFESIONAL RELACIONADA;30;"Título de PROFESIONAL en NBC: BIOLOGIA, MICROBIOLOGIA Y AFINES Disciplina Académica: MICROBIOLOGIA INDUSTRIAL , MICROBIOLOGIA
 ,O, NBC:   INGENIERIA AGROINDUSTRIAL, ALIMENTOS Y AFINES Disciplina Académica: INGENIERIA DE ALIMENTOS
 ,O, NBC:   INGENIERIA QUIMICA Y AFINES Disciplina Académica: INGENIERIA QUIMICA
 ,O, NBC:   MEDICINA VETERINARIA Disciplina Académica: MEDICINA VETERINARIA Y ZOOTECNIA , MEDICINA VETERINARIA
 ,O, NBC:   QUIMICA Y AFINES Disciplina Académica: QUIMICA DE ALIMENTOS
 ,O, NBC:   ZOOTECNIA Disciplina Académica: ZOOTECNIA.

Titulo de postgrado en la modalidad de ESPECIALIZACION EN AREAS RELACIONADAS CON LAS FUNCIONES DEL EMPLEO.

";Seis(6) meses de EXPERIENCIA PROFESIONAL RELACIONADA;6
252155;EFECTUAR LOS PAGOS Y TRANSACCIONES FINANCIERAS, MANEJAR EL TERMINAL EMPRESARIAL BANCARIO, EN DESARROLLO DEL OBJETIVO INSTITUCIONAL DE ACUERDO CON LAS NORMAS VIGENTES, NORMAS DE SEGURIDAD Y MANUAL DE PROCESOS Y PROCEDIMIENTOS ADOPTADOS POR LA ENTIDAD.;"Título de PROFESIONAL en NBC: ADMINISTRACION
 ,O, NBC:   CONTADURIA PUBLICA
 ,O, NBC:   ECONOMIA
 ,O, NBC:   INGENIERIA ADMINISTRATIVA Y AFINES
 ,O, NBC:   INGENIERIA INDUSTRIAL Y AFINES.

";Treinta(30) meses de EXPERIENCIA PROFESIONAL RELACIONADA;30;"Título de PROFESIONAL en NBC: ADMINISTRACION
 ,O, NBC:   CONTADURIA PUBLICA
 ,O, NBC:   ECONOMIA
 ,O, NBC:   INGENIERIA ADMINISTRATIVA Y AFINES
 ,O, NBC:   INGENIERIA INDUSTRIAL Y AFINES.

Titulo de postgrado en la modalidad de ESPECIALIZACION EN AREAS RELACIONADAS CON LAS FUNCIONES DEL EMPLEO.

";Seis(6) meses de EXPERIENCIA PROFESIONAL RELACIONADA;6
252156;REALIZAR ACTIVIDADES DE INSPECCION, VIGILANCIA Y CONTROL (IVC) DE PRODUCTOS Y MATERIAS PRIMAS, INCLUIDOS ALIMENTOS Y BEBIDAS, QUE SEAN COMPETENCIA DEL INVIMA Y QUE ESTEN SUJETOS A PROCESOS DE IMPORTACION O EXPORTACION, EN PUERTOS, AEROPUERTOS O PASOS FRONTERIZOS, SEGUN CORRESPONDA, EN CUMPLIMIENTO DE LA LEGISLACION SANITARIA VIGENTE, LOS PROCEDIMIENTOS, POLITICAS Y DIRECTRICES ESTABLECIDAS POR EL INSTITUTO;"Título de PROFESIONAL en NBC: BIOLOGIA, MICROBIOLOGIA Y AFINES Disciplina Académica: MICROBIOLOGIA INDUSTRIAL , MICROBIOLOGIA
 ,O, NBC:   INGENIERIA AGROINDUSTRIAL, ALIMENTOS Y AFINES Disciplina Académica: INGENIERIA AGROINDUSTRIAL , INGENIERIA DE ALIMENTOS
 ,O, NBC:   INGENIERIA AGRONOMICA, PECUARIA Y AFINES Disciplina Académica: INGENIERIA PESQUERA
 ,O, NBC:   INGENIERIA QUIMICA Y AFINES Disciplina Académica: INGENIERIA QUIMICA.

";Treinta(30) meses de EXPERIENCIA PROFESIONAL RELACIONADA;30;"Título de PROFESIONAL en NBC: BIOLOGIA, MICROBIOLOGIA Y AFINES Disciplina Académica: MICROBIOLOGIA INDUSTRIAL , MICROBIOLOGIA
 ,O, NBC:   INGENIERIA AGROINDUSTRIAL, ALIMENTOS Y AFINES Disciplina Académica: INGENIERIA AGROINDUSTRIAL , INGENIERIA DE ALIMENTOS
 ,O, NBC:   INGENIERIA AGRONOMICA, PECUARIA Y AFINES Disciplina Académica: INGENIERIA PESQUERA
 ,O, NBC:   INGENIERIA QUIMICA Y AFINES Disciplina Académica: INGENIERIA QUIMICA.

Titulo de postgrado en la modalidad de ESPECIALIZACION EN AREAS RELACIONADAS CON LAS FUNCIONES DEL EMPLEO.

";Seis(6) meses de EXPERIENCIA PROFESIONAL RELACIONADA;6
252157;REALIZAR ACTIVIDADES RELACIONADAS CON PROCESOS ADMINISTRATIVOS Y OPERATIVOS, PARA EL BUEN FUNCIONAMIENTO DE LA DEPENDENCIA PARTIENDO DE LOS INSUMOS QUE GENERAN LOS GRUPOS DE TRABAJO.;"Título de PROFESIONAL en NBC: ADMINISTRACION Disciplina Académica: ADMINISTRACION PUBLICA , ADMINISTRACION DE EMPRESAS
 ,O, NBC:   BACTERIOLOGIA Disciplina Académica: BACTERIOLOGIA
 ,O, NBC:   INGENIERIA AGROINDUSTRIAL, ALIMENTOS Y AFINES Disciplina Académica: INGENIERIA DE ALIMENTOS , INGENIERIA AGROINDUSTRIAL
 ,O, NBC:   INGENIERIA QUIMICA Y AFINES Disciplina Académica: INGENIERIA QUIMICA
 ,O, NBC:   MEDICINA VETERINARIA Disciplina Académica: MEDICINA VETERIANARIA Y ZOOTECNIA , MEDICINA VETERINARIA
 ,O, NBC:   ZOOTECNIA Disciplina Académica: ZOOTECNIA.

";Treinta(30) meses de EXPERIENCIA PROFESIONAL RELACIONADA;30;"Título de PROFESIONAL en NBC: ADMINISTRACION Disciplina Académica: ADMINISTRACION PUBLICA , ADMINISTRACION DE EMPRESAS
 ,O, NBC:   BACTERIOLOGIA Disciplina Académica: BACTERIOLOGIA
 ,O, NBC:   INGENIERIA AGROINDUSTRIAL, ALIMENTOS Y AFINES Disciplina Académica: INGENIERIA DE ALIMENTOS , INGENIERIA AGROINDUSTRIAL
 ,O, NBC:   INGENIERIA QUIMICA Y AFINES Disciplina Académica: INGENIERIA QUIMICA
 ,O, NBC:   MEDICINA VETERINARIA Disciplina Académica: MEDICINA VETERIANARIA Y ZOOTECNIA , MEDICINA VETERINARIA
 ,O, NBC:   ZOOTECNIA Disciplina Académica: ZOOTECNIA.

Titulo de postgrado en la modalidad de ESPECIALIZACION EN AREAS RELACIONADAS CON LAS FUNCIONES DEL EMPLEO.

";Seis(6) meses de EXPERIENCIA PROFESIONAL RELACIONADA;6
252159;APOYAR Y RECOMENDAR LEGALMENTE EN TODOS LOS ASUNTOS DE COMPETENCIA DE LA DEPENDENCIA Y DE LOS PROGRAMAS DEL INSTITUTO.;"Título de PROFESIONAL en NBC: DERECHO Y AFINES Disciplina Académica: DERECHO.

Titulo de postgrado en la modalidad de ESPECIALIZACION EN AREAS RELACIONADAS CON LAS FUNCIONES DEL EMPLEO.

";Diez y nueve(19) meses de EXPERIENCIA PROFESIONAL RELACIONADA;19;"Título de PROFESIONAL en NBC: DERECHO Y AFINES Disciplina Académica: DERECHO.

";Cuarenta y tres(43) meses de EXPERIENCIA PROFESIONAL RELACIONADA;43
252160;REALIZAR EL ESTUDIO Y ANALISIS DEL COMPORTAMIENTO DE LAS MOLECULAS PRESENTES EN LAS SUSTANCIAS QUIMICAS O CONTAMINANTES, APLICADOS EN LAS MATERIAS PRIMAS O ALIMENTOS, PARA DETERMINAR EL EFECTO DE LAS MISMAS EN LA SALUD.;"Título de PROFESIONAL en NBC: INGENIERIA AGROINDUSTRIAL, ALIMENTOS Y AFINES
 ,O, NBC:   INGENIERIA QUIMICA Y AFINES
 ,O, NBC:   QUIMICA Y AFINES.

Titulo de postgrado en la modalidad de ESPECIALIZACION EN AREAS RELACIONADAS CON LAS FUNCIONES DEL EMPLEO.

";Treinta y uno(31) meses de EXPERIENCIA PROFESIONAL RELACIONADA;31;"Título de PROFESIONAL en NBC: INGENIERIA AGROINDUSTRIAL, ALIMENTOS Y AFINES
 ,O, NBC:   INGENIERIA QUIMICA Y AFINES
 ,O, NBC:   QUIMICA Y AFINES.

";Cincuenta y cinco(55) meses de EXPERIENCIA PROFESIONAL RELACIONADA;55
252161;ANALIZAR, DISENAR, DESARROLLAR, MANTENER SISTEMAS DE INFORMACION PARA EL INSTITUTO ACORDE CON LOS LINEAMIENTOS, BUENAS PRACTICAS Y PROYECTOS DE LA OFICINA DE TECNOLOGIAS DE LA INFORMACION Y LAS NECESIDADES DEL INSTITUTO.;"Título de PROFESIONAL en NBC: INGENIERIA DE SISTEMAS, TELEMATICA Y AFINES
 ,O, NBC:   INGENIERIA ELECTRONICA, TELECOMUNICACIONES Y AFINES.

Titulo de postgrado en la modalidad de ESPECIALIZACION EN AREAS RELACIONADAS CON LAS FUNCIONES DEL EMPLEO.

";Veinticinco(25) meses de EXPERIENCIA PROFESIONAL RELACIONADA;25;"Título de PROFESIONAL en NBC: INGENIERIA DE SISTEMAS, TELEMATICA Y AFINES
 ,O, NBC:   INGENIERIA ELECTRONICA, TELECOMUNICACIONES Y AFINES.

";Cuarenta y nueve(49) meses de EXPERIENCIA PROFESIONAL RELACIONADA;49
252162;"FORMULAR, DESARROLLAR, EVALUAR Y HACER SEGUIMIENTO A LOS PLANES, PROGRAMAS Y
PROYECTOS RELACIONADOS CON LA INSPECCION, VIGILANCIA Y CONTROL REALIZANDO UNA
EVALUACION DE LOS RIESGOS QUE AFECTEN LA INOCUIDAD DE LOS ALIMENTOS Y BEBIDAS DE
ACUERDO CON LAS NORMAS Y PROCEDIMIENTOS VIGENTES";"Título de PROFESIONAL en NBC: INGENIERIA AGROINDUSTRIAL, ALIMENTOS Y AFINES.

Titulo de postgrado en la modalidad de ESPECIALIZACION EN AREAS RELACIONADAS CON LAS FUNCIONES DEL EMPLEO.

";Veinticinco(25) meses de EXPERIENCIA PROFESIONAL RELACIONADA;25;"Título de PROFESIONAL en NBC: INGENIERIA AGROINDUSTRIAL, ALIMENTOS Y AFINES.

";Cuarenta y nueve(49) meses de EXPERIENCIA PROFESIONAL RELACIONADA;49
252163;APOYAR EL RECIBO, ORGANIZACION Y SISTEMATIZACION DE LA INFORMACION RELACIONADA CON LAS NOVEDADES, SITUACIONES ADMINISTRATIVAS, SALARIALES Y PRESTACIONALES DE LOS FUNCIONARIOS, DE CONFORMIDAD CON LAS NORMAS LEGALES VIGENTES.;"Título de PROFESIONAL en NBC: ADMINISTRACION
 ,O, NBC:   CONTADURIA PUBLICA
 ,O, NBC:   ECONOMIA
 ,O, NBC:   INGENIERIA INDUSTRIAL Y AFINES.

";Treinta(30) meses de EXPERIENCIA PROFESIONAL RELACIONADA;30;"Título de PROFESIONAL en NBC: ADMINISTRACION
 ,O, NBC:   CONTADURIA PUBLICA
 ,O, NBC:   ECONOMIA
 ,O, NBC:   INGENIERIA INDUSTRIAL Y AFINES.

Titulo de postgrado en la modalidad de ESPECIALIZACION EN AREAS RELACIONADAS CON LAS FUNCIONES DEL EMPLEO.

";Seis(6) meses de EXPERIENCIA PROFESIONAL RELACIONADA;6
252164;PARTICIPAR EN LA DEFINICION Y DESARROLLO DE POLITICAS, PLANES, PROGRAMAS Y PROCEDIMIENTOS DE INSPECCION, VIGILANCIA Y CONTROL DE RIESGOS QUE AFECTAN LA INOCUIDAD DE LOS ALIMENTOS, FRUTAS Y OTROS VEGETALES COMPETENCIA DE LA DIRECCION DE ALIMENTOS Y BEBIDAS DE ACUERDO CON LAS NORMAS Y PROCEDIMIENTOS VIGENTES.;"Título de PROFESIONAL en NBC: INGENIERIA AGROINDUSTRIAL, ALIMENTOS Y AFINES
 ,O, NBC:   INGENIERIA QUIMICA Y AFINES
 ,O, NBC:   QUIMICA Y AFINES.

Titulo de postgrado en la modalidad de ESPECIALIZACION EN AREAS RELACIONADAS CON LAS FUNCIONES DEL EMPLEO.

";Diez y nueve(19) meses de EXPERIENCIA PROFESIONAL RELACIONADA;19;"Título de PROFESIONAL en NBC: INGENIERIA AGROINDUSTRIAL, ALIMENTOS Y AFINES
 ,O, NBC:   INGENIERIA QUIMICA Y AFINES
 ,O, NBC:   QUIMICA Y AFINES.

";Cuarenta y tres(43) meses de EXPERIENCIA PROFESIONAL RELACIONADA;43
252165;GARANTIZAR EL CUMPLIMIENTO DE LOS ESTANDARES TECNICOS REQUERIDOS Y EL DESARROLLO DE NUEVAS METODOLOGIAS RELACIONADOS CON LOS ANALISIS FISICOQUIMICOS PARA LA DETERMINACION DE SUSTANCIAS QUIMICAS Y CONTAMINANTES PRESENTES EN LOS ALIMENTOS, MATERIAS PRIMAS Y BEBIDAS, CON EL FIN DE VERIFICAR LOS REQUISITOS DE CALIDAD E INOCUIDAD.;"Título de PROFESIONAL en NBC: INGENIERIA AGROINDUSTRIAL, ALIMENTOS Y AFINES
 ,O, NBC:   INGENIERIA QUIMICA Y AFINES
 ,O, NBC:   QUIMICA Y AFINES.

Titulo de postgrado en la modalidad de ESPECIALIZACION EN AREAS RELACIONADAS CON LAS FUNCIONES DEL EMPLEO.

";Veinticinco(25) meses de EXPERIENCIA PROFESIONAL RELACIONADA;25;"Título de PROFESIONAL en NBC: INGENIERIA AGROINDUSTRIAL, ALIMENTOS Y AFINES
 ,O, NBC:   INGENIERIA QUIMICA Y AFINES
 ,O, NBC:   QUIMICA Y AFINES.

";Cuarenta y nueve(49) meses de EXPERIENCIA PROFESIONAL RELACIONADA;49
252166;VERIFICAR EL CUMPLIMIENTO DE LOS REQUISITOS LEGALES Y PROCEDIMENTALES DE LOS PRODUCTOS COMPETENCIA DE LA DIRECCION DE MEDICAMENTOS Y PRODUCTOS BIOLOGICOS, CON LA FINALIDAD DE GARANTIZAR LA LEGALIDAD DE LAS ACTUACIONES ADMINISTRATIVAS, APOYAR LAS DECISIONES REGULATORIAS Y CONTRIBUIR A LA PROTECCION DE LA SALUD PUBLICA, CONFORME AL MARCO JURIDICO Y PROCEDIMIENTOS INSTITUCIONALES VIGENTES.;"Título de PROFESIONAL en NBC: DERECHO Y AFINES Disciplina Académica: DERECHO.

";Treinta(30) meses de EXPERIENCIA PROFESIONAL RELACIONADA;30;"Título de PROFESIONAL en NBC: DERECHO Y AFINES Disciplina Académica: DERECHO.

Titulo de postgrado en la modalidad de ESPECIALIZACION EN AREAS RELACIONADAS CON LAS FUNCIONES DEL EMPLEO.

";Seis(6) meses de EXPERIENCIA PROFESIONAL RELACIONADA;6
252167;ELABORAR LOS ACTOS ADMINISTRATIVOS DENTRO DE CADA UNA DE LAS ETAPAS DE LOS PROCESOS SANCIONATORIOS, DERIVADOS DE LAS ACTIVIDADES DE INSPECCION, VIGILANCIA Y CONTROL EFECTUADOS POR EL INSTITUTO DENTRO DE LAS COMPETENCIAS MISIONALES ESTABLECIDAS PARA TAL FIN, CONFORME A LAS NORMAS VIGENTES.;"Título de PROFESIONAL en NBC: DERECHO Y AFINES Disciplina Académica: DERECHO.

";Treinta(30) meses de EXPERIENCIA PROFESIONAL RELACIONADA;30;"Título de PROFESIONAL en NBC: DERECHO Y AFINES Disciplina Académica: DERECHO.

Titulo de postgrado en la modalidad de ESPECIALIZACION EN AREAS RELACIONADAS CON LAS FUNCIONES DEL EMPLEO.

";Seis(6) meses de EXPERIENCIA PROFESIONAL RELACIONADA;6
252168;REALIZAR LAS ACTIVIDADES REQUERIDAS DE ARTICULACION Y COORDINACION CON LAS ENTIDADES TERRITORIALES DE SALUD Y PROPONER EL DESARROLLO DE POLITICAS, PLANES, PROGRAMAS, PROYECTOS Y PROCEDIMIENTOS RELACIONADOS CON LA GESTION E IMPLEMENTACION DE LOS PROCESOS DE INSPECCION, VIGILANCIA Y CONTROL DE RIESGOS QUE AFECTAN LA INOCUIDAD DE LOS ALIMENTOS.;"Título de PROFESIONAL en NBC: INGENIERIA AGROINDUSTRIAL, ALIMENTOS Y AFINES
 ,O, NBC:   INGENIERIA QUIMICA Y AFINES
 ,O, NBC:   MEDICINA VETERINARIA.

Titulo de postgrado en la modalidad de ESPECIALIZACION EN AREAS RELACIONADAS CON LAS FUNCIONES DEL EMPLEO.

";Diez y seis(16) meses de EXPERIENCIA PROFESIONAL RELACIONADA;16;"Título de PROFESIONAL en NBC: INGENIERIA AGROINDUSTRIAL, ALIMENTOS Y AFINES
 ,O, NBC:   INGENIERIA QUIMICA Y AFINES
 ,O, NBC:   MEDICINA VETERINARIA.

";Cuarenta(40) meses de EXPERIENCIA PROFESIONAL RELACIONADA;40
252169;PREPARAR LA EJECUCION PRESUPUESTAL DE INGRESOS Y GASTOS Y EFECTUAR REGISTROS PRESUPUESTALES, DE ACUERDO CON LAS NORMAS VIGENTES Y EL MANUAL DE PROCESOS Y PROCEDIMIENTOS ADOPTADO POR LA ENTIDAD.;"Título de PROFESIONAL en NBC: ADMINISTRACION
 ,O, NBC:   CONTADURIA PUBLICA
 ,O, NBC:   ECONOMIA
 ,O, NBC:   INGENIERIA INDUSTRIAL Y AFINES.

";Treinta(30) meses de EXPERIENCIA PROFESIONAL RELACIONADA;30;"Título de PROFESIONAL en NBC: ADMINISTRACION
 ,O, NBC:   CONTADURIA PUBLICA
 ,O, NBC:   ECONOMIA
 ,O, NBC:   INGENIERIA INDUSTRIAL Y AFINES.

Titulo de postgrado en la modalidad de ESPECIALIZACION EN AREAS RELACIONADAS CON LAS FUNCIONES DEL EMPLEO.

";Seis(6) meses de EXPERIENCIA PROFESIONAL RELACIONADA;6
252170;DISENAR, PROPONER Y LIDERAR ESTUDIOS E INVESTIGACIONES QUE PROMUEVAN EL MONTAJE, VALIDACION Y ESTANDARIZACION DE TECNICAS ANALITICAS PARA LA DETECCION Y MONITOREO DE MICROORGANISMOS DE LOS PRODUCTOS COMPETENCIA DE LA DIRECCION.;"Título de PROFESIONAL en NBC: BACTERIOLOGIA
 ,O, NBC:   BIOLOGIA, MICROBIOLOGIA Y AFINES.

Titulo de postgrado en la modalidad de ESPECIALIZACION EN AREAS RELACIONADAS CON LAS FUNCIONES DEL EMPLEO.

";Treinta y uno(31) meses de EXPERIENCIA PROFESIONAL RELACIONADA;31;"Título de PROFESIONAL en NBC: BACTERIOLOGIA
 ,O, NBC:   BIOLOGIA, MICROBIOLOGIA Y AFINES.

";Cincuenta y cinco(55) meses de EXPERIENCIA PROFESIONAL RELACIONADA;55
252171;APOYAR EN LA PROPUESTA, DESARROLLO Y EJECUCION DE LAS ACCIONES QUE SEAN NECESARIAS PARA OTORGAR EL REGISTRO SANITARIO, LA VIGILANCIA Y CONTROL DE LOS PRODUCTOS COMPETENCIA DE LA DIRECCION DE MEDICAMENTOS Y PRODUCTOS BIOLOGICOS.;"Título de PROFESIONAL en NBC: QUIMICA Y AFINES Disciplina Académica: QUIMICA FARMACEUTICA.

Titulo de postgrado en la modalidad de ESPECIALIZACION EN AREAS RELACIONADAS CON LAS FUNCIONES DEL EMPLEO.

";Veinticinco(25) meses de EXPERIENCIA PROFESIONAL RELACIONADA;25;"Título de PROFESIONAL en NBC: QUIMICA Y AFINES Disciplina Académica: QUIMICA FARMACEUTICA.

";Cuarenta y nueve(49) meses de EXPERIENCIA PROFESIONAL RELACIONADA;49
252172;EJECUTAR ACTIVIDADES PARA LA GESTION DE LOS PLANES, PROGRAMAS Y PROYECTOS DE LAS DEPENDENCIAS EN EL MARCO DEL FORTALECIMIENTO DE LA PLANEACION ORGANIZACIONAL Y LA GESTION INTEGRAL EN ARMONIA CON LAS POLITICAS NACIONALES, SECTORIALES E INSTITUCIONALES, EN CUMPLIMIENTO DE LAS FUNCIONES DE LA ENTIDAD.;"Título de PROFESIONAL en NBC: ADMINISTRACION
 ,O, NBC:   CONTADURIA PUBLICA
 ,O, NBC:   ECONOMIA
 ,O, NBC:   INGENIERIA ADMINISTRATIVA Y AFINES
 ,O, NBC:   INGENIERIA INDUSTRIAL Y AFINES.

";Treinta(30) meses de EXPERIENCIA PROFESIONAL RELACIONADA;30;"Título de PROFESIONAL en NBC: ADMINISTRACION
 ,O, NBC:   CONTADURIA PUBLICA
 ,O, NBC:   ECONOMIA
 ,O, NBC:   INGENIERIA ADMINISTRATIVA Y AFINES
 ,O, NBC:   INGENIERIA INDUSTRIAL Y AFINES.

Titulo de postgrado en la modalidad de ESPECIALIZACION EN AREAS RELACIONADAS CON LAS FUNCIONES DEL EMPLEO.

";Seis(6) meses de EXPERIENCIA PROFESIONAL RELACIONADA;6
252173;EJECUTAR TODAS LAS ACCIONES NECESARIAS QUE SE DESARROLLEN EN LAS DIFERENTES ETAPAS DEL PROCESO CONTRACTUAL QUE ADELANTE EL INVIMA, EN CUMPLIMIENTO DE SUS OBJETIVOS, METAS Y FUNCIONES INSTITUCIONALES, DE ACUERDO CON LOS REQUERIMIENTOS DE LAS DEPENDENCIAS, LA NORMATIVIDAD VIGENTE, LOS PRINCIPIOS DE LA CONTRATACION Y LOS FINES DEL ESTADO. ASI COMO COLABORAR EN LAS DIFERENTES ACTIVIDADES PROPIAS DE LA DEPENDENCIA.;"Título de PROFESIONAL en NBC: DERECHO Y AFINES Disciplina Académica: DERECHO.

";Treinta(30) meses de EXPERIENCIA PROFESIONAL RELACIONADA;30;"Título de PROFESIONAL en NBC: DERECHO Y AFINES Disciplina Académica: DERECHO.

Titulo de postgrado en la modalidad de ESPECIALIZACION EN AREAS RELACIONADAS CON LAS FUNCIONES DEL EMPLEO.

";Seis(6) meses de EXPERIENCIA PROFESIONAL RELACIONADA;6
252174;"DESARROLLAR LA ESTANDARIZACION Y/O VERIFICACION DE TECNICAS ANALITICAS MICROBIOLOGICAS PARA EL GRUPO LABORATORIO DE MICROBIOLOGIA DE PRODUCTOS FARMACEUTICOS Y OTRAS TECNOLOGIAS; ASI MISMO, REALIZAR ANALISIS MICROBIOLOGICOS DE CONTROL DE CALIDAD DE LOS PRODUCTOS FARMACEUTICOS, PRODUCTOS BIOLOGICOS DE USO HUMANO, COSMETICOS Y DISPOSITIVOS MEDICOS, SEGUN LAS NORMAS OFICIALES Y PROCEDIMIENTOS VIGENTES.";"Título de PROFESIONAL en NBC: BACTERIOLOGIA Disciplina Académica: BACTERIOLOGIA
 ,O, NBC:   BIOLOGIA, MICROBIOLOGIA Y AFINES Disciplina Académica: MICROBIOLOGIA , MICROBIOLOGIA INDUSTRIAL.

Titulo de postgrado en la modalidad de ESPECIALIZACION EN AREAS RELACIONADAS CON LAS FUNCIONES DEL EMPLEO.

";Veinticinco(25) meses de EXPERIENCIA PROFESIONAL RELACIONADA;25;"Título de PROFESIONAL en NBC: BACTERIOLOGIA Disciplina Académica: BACTERIOLOGIA
 ,O, NBC:   BIOLOGIA, MICROBIOLOGIA Y AFINES Disciplina Académica: MICROBIOLOGIA INDUSTRIAL , MICROBIOLOGIA.

";Cuarenta y nueve(49) meses de EXPERIENCIA PROFESIONAL RELACIONADA;49
252175;GARANTIZAR LA INSPECCION, VIGILANCIA Y CONTROL DE ESTABLECIMIENTOS Y PRODUCTOS COMPETENCIA DE LA DIRECCION DE MEDICAMENTOS Y PRODUCTOS BIOLOGICOS, MEDIANTE CERTIFICACIONES EN BUENAS PRACTICAS, EMISION DE CONCEPTOS Y ACTOS ADMINISTRATIVOS, GESTION DEL RIESGO SANITARIO, FORTALECIMIENTO NORMATIVO Y TECNICO DE LABORATORIOS Y BANCOS DE SANGRE, PARA ASEGURAR EL CUMPLIMIENTO NORMATIVO Y PROTEGER LA SALUD PUBLICA.;"Título de PROFESIONAL en NBC: BACTERIOLOGIA Disciplina Académica: BACTERIOLOGIA Y LABORATORIO CLINICO , BACTERIOLOGIA
 ,O, NBC:   INGENIERIA QUIMICA Y AFINES Disciplina Académica: INGENIERIA QUIMICA
 ,O, NBC:   MEDICINA Disciplina Académica: MEDICINA
 ,O, NBC:   QUIMICA Y AFINES Disciplina Académica: QUIMICA FARMACEUTICA.

";Treinta(30) meses de EXPERIENCIA PROFESIONAL RELACIONADA;30;"Título de PROFESIONAL en NBC: BACTERIOLOGIA Disciplina Académica: BACTERIOLOGIA Y LABORATORIO CLINICO , BACTERIOLOGIA
 ,O, NBC:   INGENIERIA QUIMICA Y AFINES Disciplina Académica: INGENIERIA QUIMICA
 ,O, NBC:   MEDICINA Disciplina Académica: MEDICINA
 ,O, NBC:   QUIMICA Y AFINES Disciplina Académica: QUIMICA FARMACEUTICA.

Titulo de postgrado en la modalidad de ESPECIALIZACION EN AREAS RELACIONADAS CON LAS FUNCIONES DEL EMPLEO.

";Seis(6) meses de EXPERIENCIA PROFESIONAL RELACIONADA;6
252176;REALIZAR ACTIVIDADES DE APOYO TECNICO QUE PERMITAN LA INSPECCION, VIGILANCIA Y CONTROL DE LOS PRODUCTOS COMPETENCIA DEL INVIMA, PARA LA FABRICACION DE LOS MISMOS, ASI COMO RESOLVER LAS SOLICITUDES Y REMITIR LOS DOCUMENTOS RELACIONADOS CON LAS ACTIVIDADES MISIONALES DE LA DEPENDENCIA.;"Título de TECNOLOGICA en NBC: BACTERIOLOGIA
 ,O, NBC:   BIOLOGIA, MICROBIOLOGIA Y AFINES
 ,O, NBC:   INGENIERIA AGROINDUSTRIAL, ALIMENTOS Y AFINES
 ,O, NBC:   INGENIERIA AMBIENTAL, SANITARIA Y AFINES
 ,O, NBC:   INGENIERIA BIOMEDICA Y AFINES
 ,O, NBC:   ODONTOLOGIA
 ,O, NBC:   OPTOMETRIA, OTROS PROGRAMAS DE CIENCIAS DE LA SALUD
 ,O, NBC:   QUIMICA Y AFINES.

";Nueve(9) meses de EXPERIENCIA RELACIONADA;9;"Título de BACHILLERATO.

";Cuarenta y cinco(45) meses de EXPERIENCIA RELACIONADA;45
252177;APOYAR Y RECOMENDAR LEGALMENTE EN TODOS LOS ASUNTOS DE COMPETENCIA DE LA DEPENDENCIA Y DE LOS PROGRAMAS DEL INSTITUTO.;"Título de PROFESIONAL en NBC: DERECHO Y AFINES Disciplina Académica: DERECHO.

";Treinta(30) meses de EXPERIENCIA PROFESIONAL RELACIONADA;30;"Título de PROFESIONAL en NBC: DERECHO Y AFINES Disciplina Académica: DERECHO.

Titulo de postgrado en la modalidad de ESPECIALIZACION EN AREAS RELACIONADAS CON LAS FUNCIONES DEL EMPLEO.

";Seis(6) meses de EXPERIENCIA PROFESIONAL RELACIONADA;6
252178;REALIZAR EL ANALISIS FISICOQUIMICO DE ALTA COMPLEJIDAD PARA DETERMINAR LA INOCUIDAD Y CALIDAD DE LOS ALIMENTOS Y BEBIDAS, COMO APOYO A LAS LABORES DE VIGILANCIA Y CONTROL COMPETENCIA DE LA DIRECCION DE ALIMENTOS Y BEBIDAS DE ACUERDO CON LAS NORMAS Y PROCEDIMIENTOS VIGENTES.;"Título de PROFESIONAL en NBC: INGENIERIA AGROINDUSTRIAL, ALIMENTOS Y AFINES
 ,O, NBC:   INGENIERIA QUIMICA Y AFINES
 ,O, NBC:   QUIMICA Y AFINES.

Titulo de postgrado en la modalidad de ESPECIALIZACION EN AREAS RELACIONADAS CON LAS FUNCIONES DEL EMPLEO.

";Diez y nueve(19) meses de EXPERIENCIA PROFESIONAL RELACIONADA;19;"Título de PROFESIONAL en NBC: INGENIERIA AGROINDUSTRIAL, ALIMENTOS Y AFINES
 ,O, NBC:   INGENIERIA QUIMICA Y AFINES
 ,O, NBC:   QUIMICA Y AFINES.

";Cuarenta y tres(43) meses de EXPERIENCIA PROFESIONAL RELACIONADA;43
252179;APOYAR LA ESTRATEGIA DE DIVULGACION Y COMUNICACION DE INTERES PUBLICO DE LOS ASUNTOS COMPETENCIA DE LA OFICINA DE ATENCION AL CIUDADANO, QUE PERMITAN EL ADECUADO CUMPLIMIENTO DE LAS METAS INSTITUCIONALES, DE ACUERDO CON LAS POLITICAS ESTABLECIDAS POR EL GOBIERNO NACIONAL EN LO REFERENTE A LA POLITICA DE SERVICIO AL CIUDADANO.;"Título de PROFESIONAL en NBC: ADMINISTRACION
 ,O, NBC:   COMUNICACION SOCIAL, PERIODISMO Y AFINES
 ,O, NBC:   DERECHO Y AFINES Disciplina Académica: DERECHO
 ,O, NBC:   ECONOMIA
 ,O, NBC:   INGENIERIA INDUSTRIAL Y AFINES.

";Treinta(30) meses de EXPERIENCIA PROFESIONAL RELACIONADA;30;"Título de PROFESIONAL en NBC: ADMINISTRACION
 ,O, NBC:   COMUNICACION SOCIAL, PERIODISMO Y AFINES
 ,O, NBC:   DERECHO Y AFINES Disciplina Académica: DERECHO
 ,O, NBC:   ECONOMIA
 ,O, NBC:   INGENIERIA INDUSTRIAL Y AFINES.

Titulo de postgrado en la modalidad de ESPECIALIZACION EN AREAS RELACIONADAS CON LAS FUNCIONES DEL EMPLEO.

";Seis(6) meses de EXPERIENCIA PROFESIONAL RELACIONADA;6
252180;CUMPLIR CON LOS PROCESOS DE LA OFICINA DE ASUNTOS INTERNACIONALES, APLICANDO LOS CONOCIMIENTOS PROFESIONALES CON MIRAS AL CUMPLIMIENTO DE LAS METAS DE LOS PROGRAMAS, PLANES Y PROYECTOS INSTITUCIONALES EN LA MATERIA DE ASUNTOS INTERNACIONALES.;"Título de PROFESIONAL en NBC: ADMINISTRACION
 ,O, NBC:   CIENCIA POLITICA, RELACIONES INTERNACIONALES
 ,O, NBC:   DERECHO Y AFINES Disciplina Académica: DERECHO
 ,O, NBC:   ECONOMIA
 ,O, NBC:   QUIMICA Y AFINES.

";Treinta(30) meses de EXPERIENCIA PROFESIONAL RELACIONADA;30;"Título de PROFESIONAL en NBC: ADMINISTRACION
 ,O, NBC:   CIENCIA POLITICA, RELACIONES INTERNACIONALES
 ,O, NBC:   DERECHO Y AFINES Disciplina Académica: DERECHO
 ,O, NBC:   ECONOMIA
 ,O, NBC:   QUIMICA Y AFINES.

Titulo de postgrado en la modalidad de ESPECIALIZACION EN AREAS RELACIONADAS CON LAS FUNCIONES DEL EMPLEO.

";Seis(6) meses de EXPERIENCIA PROFESIONAL RELACIONADA;6
252181;"ELABORAR CONCEPTOS SOBRE PROYECTOS DE LEY, DECRETOS, ACUERDOS Y RESOLUCIONES, CONTRATOS, CONVENIOS U OTROS ACTOS ADMINISTRATIVOS Y ASUNTOS JURIDICOS; LA RESPUESTA A PETICIONES DE USUARIOS; PROYECTOS DE ACTOS ADMINISTRATIVOS QUE SURJAN DENTRO DE LOS PROCEDIMIENTOS ADMINISTRATIVOS Y LOS PROCESOS JUDICIALES; LA RECOPILACION, ACTUALIZACION Y DIVULGACION DE LA NORMATIVIDAD RELACIONADA CON EL INSTITUTO; EL SEGUIMIENTO A LOS PROCESOS JUDICIALES QUE CURSEN EN CONTRA DEL INSTITUTO; EL EJERCICIO DE LA REPRESENTACION JUDICIAL, EXTRAJUDICIAL, Y PARTICIPACION EN REUNIONES, Y ACTIVIDADES OFICIALES, DE ACUERDO CON LAS NORMAS Y LOS PROCEDIMIENTOS ADMINISTRATIVOS.";"Título de PROFESIONAL en NBC: DERECHO Y AFINES Disciplina Académica: DERECHO.

Titulo de postgrado en la modalidad de ESPECIALIZACION EN AREAS RELACIONADAS CON LAS FUNCIONES DEL EMPLEO.

";Diez y seis(16) meses de EXPERIENCIA PROFESIONAL RELACIONADA;16;"Título de PROFESIONAL en NBC: DERECHO Y AFINES Disciplina Académica: DERECHO.

";Cuarenta(40) meses de EXPERIENCIA PROFESIONAL RELACIONADA;40
252182;LIDERAR, PLANIFICAR, Y HACER SEGUIMIENTO A LAS ACTIVIDADES TECNICO - ADMINISTRATIVAS QUE PERMITAN EL BUEN DESEMPENO DE LAS FUNCIONES EN LA OFICINA  DE LABORATORIOS Y CONTROL DE CALIDAD Y CONLLEVEN A ALCANZAR EL CUMPLIMIENTO DE LA PLANIFICACION ESTRATEGICA DEL AREA.;"Título de PROFESIONAL en NBC: BACTERIOLOGIA
 ,O, NBC:   BIOLOGIA, MICROBIOLOGIA Y AFINES
 ,O, NBC:   INGENIERIA AGROINDUSTRIAL, ALIMENTOS Y AFINES
 ,O, NBC:   INGENIERIA QUIMICA Y AFINES
 ,O, NBC:   QUIMICA Y AFINES.

Titulo de postgrado en la modalidad de ESPECIALIZACION EN AREAS RELACIONADAS CON LAS FUNCIONES DEL EMPLEO.

";Treinta y uno(31) meses de EXPERIENCIA PROFESIONAL RELACIONADA;31;"Título de PROFESIONAL en NBC: BACTERIOLOGIA
 ,O, NBC:   BIOLOGIA, MICROBIOLOGIA Y AFINES
 ,O, NBC:   INGENIERIA AGROINDUSTRIAL, ALIMENTOS Y AFINES
 ,O, NBC:   INGENIERIA QUIMICA Y AFINES
 ,O, NBC:   QUIMICA Y AFINES.

";Cincuenta y cinco(55) meses de EXPERIENCIA PROFESIONAL RELACIONADA;55
252183;LIDERAR TECNICAMENTE EL LABORATORIO FISICOQUIMICO DE ALIMENTOS Y BEBIDAS, REALIZANDO VALIDACIONES, ESTANDARIZACIONES, ESTUDIOS E INVESTIGACIONES RELACIONADAS CON RESIDUOS DE MEDICAMENTOS VETERINARIOS, CONTAMINANTES QUIMICOS EN ALIMENTOS Y METODOS DE ALTA COMPLEJIDAD PARA EL CONTROL DE CALIDAD DE LOS PRODUCTOS DE SU COMPETENCIA.;"Título de PROFESIONAL en NBC: INGENIERIA AGROINDUSTRIAL, ALIMENTOS Y AFINES
 ,O, NBC:   INGENIERIA QUIMICA Y AFINES
 ,O, NBC:   QUIMICA Y AFINES.

Titulo de postgrado en la modalidad de ESPECIALIZACION EN AREAS RELACIONADAS CON LAS FUNCIONES DEL EMPLEO.

";Treinta y uno(31) meses de EXPERIENCIA PROFESIONAL RELACIONADA;31;"Título de PROFESIONAL en NBC: INGENIERIA AGROINDUSTRIAL, ALIMENTOS Y AFINES
 ,O, NBC:   INGENIERIA QUIMICA Y AFINES
 ,O, NBC:   QUIMICA Y AFINES.

";Cincuenta y cinco(55) meses de EXPERIENCIA PROFESIONAL RELACIONADA;55
252184;DISENAR Y EJECUTAR ESTRATEGIAS Y ACTIVIDADES QUE ASEGURAN LA OPERACION EFICIENTE Y EFICAZ DEL GRUPO DE LABORATORIO FISICOQUIMICO DE PRODUCTOS FARMACEUTICOS Y OTRAS TECNOLOGIAS.;"Título de PROFESIONAL en NBC: QUIMICA Y AFINES Disciplina Académica: QUIMICA FARMACEUTICA.

Titulo de postgrado en la modalidad de ESPECIALIZACION EN AREAS RELACIONADAS CON LAS FUNCIONES DEL EMPLEO.

";Treinta y uno(31) meses de EXPERIENCIA PROFESIONAL RELACIONADA;31;"Título de PROFESIONAL en NBC: QUIMICA Y AFINES Disciplina Académica: QUIMICA FARMACEUTICA.

";Cincuenta y cinco(55) meses de EXPERIENCIA PROFESIONAL RELACIONADA;55
252185;PLANIFICAR, PROGRAMAR Y EJECUTAR ACTIVIDADES TECNICO- ADMINISTRATIVAS QUE PERMITAN EL BUEN DESEMPENO DE LAS FUNCIONES DE LA OFICINA DE LABORATORIOS Y CONTROL DE CALIDAD Y CONLLEVEN A ALCANZAR EL CUMPLIMIENTO DE LA PLANIFICACION ESTRATEGICA DEL AREA.;"Título de PROFESIONAL en NBC: ADMINISTRACION Disciplina Académica: ADMINISTRACION DE EMPRESAS
 ,O, NBC:   BACTERIOLOGIA Disciplina Académica: BACTERIOLOGIA
 ,O, NBC:   BIOLOGIA, MICROBIOLOGIA Y AFINES Disciplina Académica: MICROBIOLOGIA
 ,O, NBC:   INGENIERIA AGROINDUSTRIAL, ALIMENTOS Y AFINES Disciplina Académica: INGENIERIA DE ALIMENTOS
 ,O, NBC:   INGENIERIA INDUSTRIAL Y AFINES Disciplina Académica: INGENIERIA INDUSTRIAL
 ,O, NBC:   QUIMICA Y AFINES Disciplina Académica: QUIMICA , QUIMICA FARMACEUTICA.

Titulo de postgrado en la modalidad de ESPECIALIZACION EN AREAS RELACIONADAS CON LAS FUNCIONES DEL EMPLEO.

";Veinticinco(25) meses de EXPERIENCIA PROFESIONAL RELACIONADA;25;"Título de PROFESIONAL en NBC: ADMINISTRACION Disciplina Académica: ADMINISTRACION DE EMPRESAS
 ,O, NBC:   BACTERIOLOGIA Disciplina Académica: BACTERIOLOGIA
 ,O, NBC:   BIOLOGIA, MICROBIOLOGIA Y AFINES Disciplina Académica: MICROBIOLOGIA
 ,O, NBC:   INGENIERIA AGROINDUSTRIAL, ALIMENTOS Y AFINES Disciplina Académica: INGENIERIA DE ALIMENTOS
 ,O, NBC:   INGENIERIA INDUSTRIAL Y AFINES Disciplina Académica: INGENIERIA INDUSTRIAL
 ,O, NBC:   QUIMICA Y AFINES Disciplina Académica: QUIMICA FARMACEUTICA , QUIMICA.

";Cuarenta y nueve(49) meses de EXPERIENCIA PROFESIONAL RELACIONADA;49
252194;APOYAR TECNICA Y CIENTIFICAMENTE A LA DIRECCION DE DISPOSITIVOS MEDICOS Y OTRAS TECNOLOGIAS EN LAS ACTIVIDADES ASOCIADAS A LA EVALUACION DE LOS ESTUDIOS CLINICOS CON PRODUCTOS OBJETO DE VIGILANCIA DE LA DIRECCION Y A LA SALA ESPECIALIZADA DE LA COMISION REVISORA RELACIONADA CON LA DIRECCION.;"Título de PROFESIONAL en NBC: BACTERIOLOGIA
 ,O, NBC:   ENFERMERIA
 ,O, NBC:   MEDICINA.

Titulo de postgrado en la modalidad de ESPECIALIZACION EN AREAS RELACIONADAS CON LAS FUNCIONES DEL EMPLEO.

";Treinta y uno(31) meses de EXPERIENCIA PROFESIONAL RELACIONADA;31;"Título de PROFESIONAL en NBC: BACTERIOLOGIA
 ,O, NBC:   ENFERMERIA
 ,O, NBC:   MEDICINA.

";Cincuenta y cinco(55) meses de EXPERIENCIA PROFESIONAL RELACIONADA;55
252195;ESTABLECER LOS PROCEDIMIENTOS E INSTRUMENTOS QUE PERMITAN LA EJECUCION DE LAS POLITICAS, DESARROLLO DE PLANES, PROGRAMAS Y PROYECTOS DE INSPECCION, VIGILANCIA Y CONTROL DE CALIDAD DE LOS DISPOSITIVOS MEDICOS Y OTRAS TECNOLOGIAS A NIVEL NACIONAL.;"Título de PROFESIONAL en NBC: BACTERIOLOGIA
 ,O, NBC:   ENFERMERIA
 ,O, NBC:   INGENIERIA BIOMEDICA Y AFINES
 ,O, NBC:   INGENIERIA QUIMICA Y AFINES
 ,O, NBC:   INSTRUMENTACION QUIRURGICA
 ,O, NBC:   MEDICINA.

Titulo de postgrado en la modalidad de ESPECIALIZACION EN AREAS RELACIONADAS CON LAS FUNCIONES DEL EMPLEO.

";Diez y seis(16) meses de EXPERIENCIA PROFESIONAL RELACIONADA;16;"Título de PROFESIONAL en NBC: BACTERIOLOGIA
 ,O, NBC:   ENFERMERIA
 ,O, NBC:   INGENIERIA BIOMEDICA Y AFINES
 ,O, NBC:   INGENIERIA QUIMICA Y AFINES
 ,O, NBC:   INSTRUMENTACION QUIRURGICA
 ,O, NBC:   MEDICINA.

";Cuarenta(40) meses de EXPERIENCIA PROFESIONAL RELACIONADA;40
252201;APOYAR Y GESTIONAR LA EJECUCION DE ACTIVIDADES TECNICAS RELACIONADAS CON PRODUCTOS COMPETENCIA DE LA DIRECCION DE MEDICAMENTOS Y PRODUCTOS BIOLOGICOS DE ACUERDO CON LA NORMATIVIDAD SANITARIA VIGENTE.;"Título de PROFESIONAL en NBC: BACTERIOLOGIA
 ,O, NBC:   BIOLOGIA, MICROBIOLOGIA Y AFINES
 ,O, NBC:   MEDICINA.

Titulo de postgrado en la modalidad de ESPECIALIZACION EN AREAS RELACIONADAS CON LAS FUNCIONES DEL EMPLEO.

";Diez y seis(16) meses de EXPERIENCIA PROFESIONAL RELACIONADA;16;"Título de PROFESIONAL en NBC: BACTERIOLOGIA
 ,O, NBC:   BIOLOGIA, MICROBIOLOGIA Y AFINES
 ,O, NBC:   MEDICINA.

";Cuarenta(40) meses de EXPERIENCIA PROFESIONAL RELACIONADA;40
252202;ELABORAR Y/O REVISAR LOS ACTOS ADMINISTRATIVOS RELACIONADOS CON LOS PROCESOS SANCIONATORIOS DERIVADOS DE LAS ACTIVIDADES DE INSPECCION, VIGILANCIA Y CONTROL EFECTUADOS POR EL INSTITUTO DENTRO DE LAS COMPETENCIAS MISIONALES ESTABLECIDAS PARA TAL FIN, CONFORME A LAS NORMAS VIGENTES.;"Título de PROFESIONAL en NBC: DERECHO Y AFINES Disciplina Académica: DERECHO.

Titulo de postgrado en la modalidad de ESPECIALIZACION EN AREAS RELACIONADAS CON LAS FUNCIONES DEL EMPLEO.

";Diez y nueve(19) meses de EXPERIENCIA PROFESIONAL RELACIONADA;19;"Título de PROFESIONAL en NBC: DERECHO Y AFINES Disciplina Académica: DERECHO.

";Cuarenta y tres(43) meses de EXPERIENCIA PROFESIONAL RELACIONADA;43
252203;REALIZAR ACTIVIDADES DE APOYO ADMINISTRATIVO, CONTABLE, FINANCIERO Y/O PRESUPUESTAL, APLICANDO LOS CONOCIMIENTOS QUE PERMITAN EL MEJORAMIENTO CONTINUO DE LOS PROCESOS ADMINISTRATIVOS Y LA EJECUCION DE LOS PROCEDIMIENTOS DE LA DEPENDENCIA DONDE SE ENCUENTRE UBICADO EL CARGO.;"Título de TECNOLOGICA en NBC: ADMINISTRACION
 ,O, NBC:   CONTADURIA PUBLICA
 ,O, NBC:   DERECHO Y AFINES
 ,O, NBC:   ECONOMIA
 ,O, NBC:   INGENIERIA INDUSTRIAL Y AFINES.

";Nueve(9) meses de EXPERIENCIA RELACIONADA;9;"Título de BACHILLERATO.

";Cuarenta y cinco(45) meses de EXPERIENCIA RELACIONADA;45
252204;LIDERAR, GESTIONAR Y EJECUTAR LAS ACTIVIDADES ASOCIADAS AL PROCESO DE INSPECCION, VIGILANCIA Y CONTROL DE PRODUCTOS COMPETENCIA DEL INVIMA, EN CONCORDANCIA CON LA LEGISLACION SANITARIA, LOS PROCEDIMIENTOS, LAS POLITICAS Y DIRECTRICES DEL INSTITUTO.;"Título de PROFESIONAL en NBC: BACTERIOLOGIA Disciplina Académica: BACTERIOLOGIA , BACTERIOLOGIA Y LABORATORIO CLINICO
 ,O, NBC:   INGENIERIA AGROINDUSTRIAL, ALIMENTOS Y AFINES Disciplina Académica: INGENIERIA DE ALIMENTOS
 ,O, NBC:   INGENIERIA BIOMEDICA Y AFINES Disciplina Académica: INGENIERIA BIOMEDICA
 ,O, NBC:   MEDICINA VETERINARIA Disciplina Académica: MEDICINA VETERINARIA Y ZOOTECNIA , MEDICINA VETERINARIA
 ,O, NBC:   ZOOTECNIA Disciplina Académica: ZOOTECNIA.

Titulo de postgrado en la modalidad de ESPECIALIZACION EN AREAS RELACIONADAS CON LAS FUNCIONES DEL EMPLEO.

";Treinta y uno(31) meses de EXPERIENCIA PROFESIONAL RELACIONADA;31;"Título de PROFESIONAL en NBC: BACTERIOLOGIA Disciplina Académica: BACTERIOLOGIA , BACTERIOLOGIA Y LABORATORIO CLINICO
 ,O, NBC:   INGENIERIA AGROINDUSTRIAL, ALIMENTOS Y AFINES Disciplina Académica: INGENIERIA DE ALIMENTOS
 ,O, NBC:   INGENIERIA BIOMEDICA Y AFINES Disciplina Académica: INGENIERIA BIOMEDICA
 ,O, NBC:   MEDICINA VETERINARIA Disciplina Académica: MEDICINA VETERINARIA , MEDICINA VETERINARIA Y ZOOTECNIA
 ,O, NBC:   ZOOTECNIA Disciplina Académica: ZOOTECNIA.

";Cincuenta y cinco(55) meses de EXPERIENCIA PROFESIONAL RELACIONADA;55
252205;LIDERAR, GESTIONAR Y EJECUTAR LAS ACTIVIDADES ASOCIADAS AL PROCESO DE INSPECCION, VIGILANCIA Y CONTROL DE PRODUCTOS COMPETENCIA DEL INVIMA, EN CONCORDANCIA CON LA LEGISLACION SANITARIA, LOS PROCEDIMIENTOS, LAS POLITICAS Y DIRECTRICES DEL INSTITUTO.;"Título de PROFESIONAL en NBC: BACTERIOLOGIA Disciplina Académica: BACTERIOLOGIA Y LABORATORIO CLINICO , BACTERIOLOGIA
 ,O, NBC:   INGENIERIA BIOMEDICA Y AFINES Disciplina Académica: INGENIERIA BIOMEDICA
 ,O, NBC:   INGENIERIA QUIMICA Y AFINES Disciplina Académica: INGENIERIA QUIMICA
 ,O, NBC:   QUIMICA Y AFINES Disciplina Académica: QUIMICA FARMACEUTICA.

Titulo de postgrado en la modalidad de ESPECIALIZACION EN AREAS RELACIONADAS CON LAS FUNCIONES DEL EMPLEO.

";Treinta y uno(31) meses de EXPERIENCIA PROFESIONAL RELACIONADA;31;"Título de PROFESIONAL en NBC: BACTERIOLOGIA Disciplina Académica: BACTERIOLOGIA , BACTERIOLOGIA Y LABORATORIO CLINICO
 ,O, NBC:   INGENIERIA BIOMEDICA Y AFINES Disciplina Académica: INGENIERIA BIOMEDICA
 ,O, NBC:   INGENIERIA QUIMICA Y AFINES Disciplina Académica: INGENIERIA QUIMICA
 ,O, NBC:   QUIMICA Y AFINES Disciplina Académica: QUIMICA FARMACEUTICA.

";Cincuenta y cinco(55) meses de EXPERIENCIA PROFESIONAL RELACIONADA;55
252206;FORTALECER LA INSPECCION, VIGILANCIA Y CONTROL DE PRODUCTOS OBJETO DE IMPORTACION Y EXPORTACION, QUE SON COMPETENCIA DEL INVIMA DE CONFORMIDAD CON LA LEGISLACION SANITARIA, PROCEDIMIENTOS Y NORMATIVIDAD.;"Título de PROFESIONAL en NBC: BIOLOGIA, MICROBIOLOGIA Y AFINES Disciplina Académica: MICROBIOLOGIA
 ,O, NBC:   INGENIERIA AGROINDUSTRIAL, ALIMENTOS Y AFINES Disciplina Académica: INGENIERIA DE ALIMENTOS
 ,O, NBC:   INGENIERIA BIOMEDICA Y AFINES Disciplina Académica: INGENIERIA BIOMEDICA
 ,O, NBC:   MEDICINA VETERINARIA Disciplina Académica: MEDICINA VETERINARIA Y ZOOTECNIA , MEDICINA VETERINARIA
 ,O, NBC:   QUIMICA Y AFINES Disciplina Académica: QUIMICA FARMACEUTICA.

Titulo de postgrado en la modalidad de ESPECIALIZACION EN AREAS RELACIONADAS CON LAS FUNCIONES DEL EMPLEO.

";Veinticinco(25) meses de EXPERIENCIA PROFESIONAL RELACIONADA;25;"Título de PROFESIONAL en NBC: BIOLOGIA, MICROBIOLOGIA Y AFINES Disciplina Académica: MICROBIOLOGIA
 ,O, NBC:   INGENIERIA AGROINDUSTRIAL, ALIMENTOS Y AFINES Disciplina Académica: INGENIERIA DE ALIMENTOS
 ,O, NBC:   INGENIERIA BIOMEDICA Y AFINES Disciplina Académica: INGENIERIA BIOMEDICA
 ,O, NBC:   MEDICINA VETERINARIA Disciplina Académica: MEDICINA VETERINARIA , MEDICINA VETERINARIA Y ZOOTECNIA
 ,O, NBC:   QUIMICA Y AFINES Disciplina Académica: QUIMICA FARMACEUTICA.

";Cuarenta y nueve(49) meses de EXPERIENCIA PROFESIONAL RELACIONADA;49
252207;GESTIONAR, LIDERAR Y EJECUTAR EL SEGUIMIENTO A PROCESOS ADMINISTRATIVOS, OPERATIVOS, FINANCIEROS O PRESUPUESTALES PARA EL BUEN FUNCIONAMIENTO DE LAS OPERACIONES DE LA DEPENDENCIA.;"Título de PROFESIONAL en NBC: ADMINISTRACION Disciplina Académica: ADMINISTRACION PUBLICA , ADMINISTRACION DE EMPRESAS
 ,O, NBC:   ECONOMIA Disciplina Académica: FINANZAS Y COMERCIO INTERNACIONAL
 ,O, NBC:   INGENIERIA AGROINDUSTRIAL, ALIMENTOS Y AFINES Disciplina Académica: INGENIERIA DE ALIMENTOS
 ,O, NBC:   INGENIERIA INDUSTRIAL Y AFINES Disciplina Académica: INGENIERIA INDUSTRIAL
 ,O, NBC:   QUIMICA Y AFINES Disciplina Académica: QUIMICA FARMACEUTICA.

Titulo de postgrado en la modalidad de ESPECIALIZACION EN AREAS RELACIONADAS CON LAS FUNCIONES DEL EMPLEO.

";Diez y nueve(19) meses de EXPERIENCIA PROFESIONAL RELACIONADA;19;"Título de PROFESIONAL en NBC: ADMINISTRACION Disciplina Académica: ADMINISTRACION DE EMPRESAS , ADMINISTRACION PUBLICA
 ,O, NBC:   ECONOMIA Disciplina Académica: FINANZAS Y COMERCIO INTERNACIONAL
 ,O, NBC:   INGENIERIA AGROINDUSTRIAL, ALIMENTOS Y AFINES Disciplina Académica: INGENIERIA DE ALIMENTOS
 ,O, NBC:   INGENIERIA INDUSTRIAL Y AFINES Disciplina Académica: INGENIERIA INDUSTRIAL
 ,O, NBC:   QUIMICA Y AFINES Disciplina Académica: QUIMICA FARMACEUTICA.

";Cuarenta y tres(43) meses de EXPERIENCIA PROFESIONAL RELACIONADA;43
252210;ELABORAR Y/O REVISAR LOS ACTOS ADMINISTRATIVOS RELACIONADOS CON LOS PROCESOS SANCIONATORIOS, ASI COMO EVALUAR LAS DECISIONES RELACIONADAS CON LOS MISMOS Y QUE SE DERIVAN DE LAS ACTIVIDADES DE INSPECCION, VIGILANCIA Y CONTROL EFECTUADOS POR EL INSTITUTO DENTRO DE LAS COMPETENCIAS MISIONALES ESTABLECIDAS PARA TAL FIN, CONFORME A LAS NORMAS VIGENTES.;"Título de PROFESIONAL en NBC: DERECHO Y AFINES Disciplina Académica: DERECHO.

Titulo de postgrado en la modalidad de ESPECIALIZACION EN AREAS RELACIONADAS CON LAS FUNCIONES DEL EMPLEO.

";Veinticinco(25) meses de EXPERIENCIA PROFESIONAL RELACIONADA;25;"Título de PROFESIONAL en NBC: DERECHO Y AFINES Disciplina Académica: DERECHO.

";Cuarenta y nueve(49) meses de EXPERIENCIA PROFESIONAL RELACIONADA;49
252211;"ELABORAR Y/O REVISAR LOS ACTOS ADMINISTRATIVOS RELACIONADOS CON LOS PROCESOS
SANCIONATORIOS, ASI COMO EVALUAR LAS DECISIONES RELACIONADAS CON LOS MISMOS Y QUE SE DERIVAN DE LAS ACTIVIDADES DE INSPECCION, VIGILANCIA Y CONTROL EFECTUADOS POR EL INSTITUTO DENTRO DE LAS COMPETENCIAS MISIONALES ESTABLECIDAS PARA TAL FIN, CONFORME A LAS NORMAS VIGENTES.";"Título de PROFESIONAL en NBC: DERECHO Y AFINES Disciplina Académica: DERECHO.

Titulo de postgrado en la modalidad de ESPECIALIZACION EN AREAS RELACIONADAS CON LAS FUNCIONES DEL EMPLEO.

";Treinta y uno(31) meses de EXPERIENCIA PROFESIONAL RELACIONADA;31;"Título de PROFESIONAL en NBC: DERECHO Y AFINES Disciplina Académica: DERECHO.

";Cincuenta y cinco(55) meses de EXPERIENCIA PROFESIONAL RELACIONADA;55
252212;REALIZAR LABORES DE AUDITORIA INTERNA, CONFORME A LAS NORMAS CONCORDANTES Y EL MARCO LEGAL VIGENTE, CON EL FIN DE VALORAR RIESGOS, REALIZAR EVALUACIONES, FOMENTAR LA CULTURA DEL AUTOCONTROL, AUTORREGULACION, AUTOGESTION Y RELACION CON LOS ENTES EXTERNOS.;"Título de PROFESIONAL en NBC: INGENIERIA DE SISTEMAS, TELEMATICA Y AFINES.

";Treinta(30) meses de EXPERIENCIA PROFESIONAL RELACIONADA;30;"Título de PROFESIONAL en NBC: INGENIERIA DE SISTEMAS, TELEMATICA Y AFINES.

Titulo de postgrado en la modalidad de ESPECIALIZACION EN AREAS RELACIONADAS CON LAS FUNCIONES DEL EMPLEO.

";Seis(6) meses de EXPERIENCIA PROFESIONAL RELACIONADA;6
252208;GESTIONAR, LIDERAR Y EJECUTAR LAS ACTIVIDADES TECNICAS, OPERATIVAS Y ADMINISTRATIVAS, ASOCIADAS AL PROCESO DE INSPECCION, VIGILANCIA Y CONTROL EN LA IMPORTACION Y EXPORTACION DE PRODUCTOS Y MATERIAS PRIMAS PARA SU FABRICACION, QUE SON COMPETENCIA DEL INVIMA, DE ACUERDO CON LA NORMATIVIDAD SANITARIA, PROCEDIMIENTOS VIGENTES, LAS POLITICAS Y DIRECTRICES DEL INSTITUTO.;"Título de PROFESIONAL en NBC: BIOLOGIA, MICROBIOLOGIA Y AFINES Disciplina Académica: MICROBIOLOGÍA CON ÉNFASIS EN ALIMENTOS , MICROBIOLOGIA INDUSTRIAL
 ,O, NBC:   INGENIERIA AGROINDUSTRIAL, ALIMENTOS Y AFINES Disciplina Académica: INGENIERIA DE ALIMENTOS
 ,O, NBC:   INGENIERIA QUIMICA Y AFINES Disciplina Académica: INGENIERIA QUIMICA
 ,O, NBC:   MEDICINA VETERINARIA Disciplina Académica: MEDICINA VETERINARIA , MEDICINA VETERINARIA Y ZOOTECNIA.

Titulo de postgrado en la modalidad de ESPECIALIZACION EN AREAS RELACIONADAS CON LAS FUNCIONES DEL EMPLEO.

";Diez y nueve(19) meses de EXPERIENCIA PROFESIONAL RELACIONADA;19;"Título de PROFESIONAL en NBC: BIOLOGIA, MICROBIOLOGIA Y AFINES Disciplina Académica: MICROBIOLOGÍA CON ÉNFASIS EN ALIMENTOS , MICROBIOLOGIA INDUSTRIAL
 ,O, NBC:   INGENIERIA AGROINDUSTRIAL, ALIMENTOS Y AFINES Disciplina Académica: INGENIERIA DE ALIMENTOS
 ,O, NBC:   INGENIERIA QUIMICA Y AFINES Disciplina Académica: INGENIERIA QUIMICA
 ,O, NBC:   MEDICINA VETERINARIA Disciplina Académica: MEDICINA VETERINARIA Y ZOOTECNIA , MEDICINA VETERINARIA.

";Cuarenta y tres(43) meses de EXPERIENCIA PROFESIONAL RELACIONADA;43
252209;GESTIONAR, LIDERAR Y EJECUTAR LAS ACTIVIDADES TECNICAS, OPERATIVAS Y ADMINISTRATIVAS, ASOCIADAS AL PROCESO DE INSPECCION, VIGILANCIA Y CONTROL EN LA IMPORTACION Y EXPORTACION DE PRODUCTOS Y MATERIAS PRIMAS PARA SU FABRICACION, QUE SON COMPETENCIA DEL INVIMA, DE ACUERDO CON LA NORMATIVIDAD SANITARIA, PROCEDIMIENTOS VIGENTES, LAS POLITICAS Y DIRECTRICES DEL INSTITUTO.;"Título de PROFESIONAL en NBC: BIOLOGIA, MICROBIOLOGIA Y AFINES Disciplina Académica: MICROBIOLOGIA INDUSTRIAL , MICROBIOLOGÍA CON ÉNFASIS EN ALIMENTOS , MICROBIOLOGIA
 ,O, NBC:   INGENIERIA AGROINDUSTRIAL, ALIMENTOS Y AFINES Disciplina Académica: INGENIERIA DE ALIMENTOS
 ,O, NBC:   INGENIERIA QUIMICA Y AFINES Disciplina Académica: INGENIERIA QUIMICA
 ,O, NBC:   MEDICINA VETERINARIA Disciplina Académica: MEDICINA VETERINARIA , MEDICINA VETERINARIA Y ZOOTECNIA.

Titulo de postgrado en la modalidad de ESPECIALIZACION EN AREAS RELACIONADAS CON LAS FUNCIONES DEL EMPLEO.

";Diez y seis(16) meses de EXPERIENCIA PROFESIONAL RELACIONADA;16;"Título de PROFESIONAL en NBC: BIOLOGIA, MICROBIOLOGIA Y AFINES Disciplina Académica: MICROBIOLOGIA , MICROBIOLOGIA INDUSTRIAL , MICROBIOLOGÍA CON ÉNFASIS EN ALIMENTOS
 ,O, NBC:   INGENIERIA AGROINDUSTRIAL, ALIMENTOS Y AFINES Disciplina Académica: INGENIERIA DE ALIMENTOS
 ,O, NBC:   INGENIERIA QUIMICA Y AFINES Disciplina Académica: INGENIERIA QUIMICA
 ,O, NBC:   MEDICINA VETERINARIA Disciplina Académica: MEDICINA VETERINARIA , MEDICINA VETERINARIA Y ZOOTECNIA.

";Cuarenta(40) meses de EXPERIENCIA PROFESIONAL RELACIONADA;40
252213;RESPONDER POR LAS ACTIVIDADES FINANCIERAS Y PRESUPUESTALES DEL INVIMA, DE ACUERDO CON LAS NORMAS LEGALES VIGENTES Y EL MANUAL DE PROCESOS Y PROCEDIMIENTOS ADOPTADO POR EL INSTITUTO.;"Título de PROFESIONAL en NBC: ADMINISTRACION
 ,O, NBC:   CONTADURIA PUBLICA
 ,O, NBC:   ECONOMIA
 ,O, NBC:   INGENIERIA INDUSTRIAL Y AFINES.

Titulo de postgrado en la modalidad de ESPECIALIZACION EN AREAS RELACIONADAS CON LAS FUNCIONES DEL EMPLEO.

";Veintidos(22) meses de EXPERIENCIA PROFESIONAL RELACIONADA;22;"Título de PROFESIONAL en NBC: ADMINISTRACION
 ,O, NBC:   CONTADURIA PUBLICA
 ,O, NBC:   ECONOMIA
 ,O, NBC:   INGENIERIA INDUSTRIAL Y AFINES.

";Cuarenta y seis(46) meses de EXPERIENCIA PROFESIONAL RELACIONADA;46
252214;REALIZAR LA EJECUCION Y SEGUIMIENTO DE PROCESOS ADMINISTRATIVOS, OPERATIVOS, FINANCIEROS O PRESUPUESTALES CON EL FIN DE GARANTIZAR EL BUEN FUNCIONAMIENTO DE LA DEPENDENCIA.;"Título de PROFESIONAL en NBC: ADMINISTRACION
 ,O, NBC:   CONTADURIA PUBLICA
 ,O, NBC:   DERECHO Y AFINES Disciplina Académica: DERECHO
 ,O, NBC:   ECONOMIA
 ,O, NBC:   INGENIERIA INDUSTRIAL Y AFINES.

";Treinta(30) meses de EXPERIENCIA PROFESIONAL RELACIONADA;30;"Título de PROFESIONAL en NBC: ADMINISTRACION
 ,O, NBC:   CONTADURIA PUBLICA
 ,O, NBC:   DERECHO Y AFINES Disciplina Académica: DERECHO
 ,O, NBC:   ECONOMIA
 ,O, NBC:   INGENIERIA INDUSTRIAL Y AFINES.

Titulo de postgrado en la modalidad de ESPECIALIZACION EN AREAS RELACIONADAS CON LAS FUNCIONES DEL EMPLEO.

";Seis(6) meses de EXPERIENCIA PROFESIONAL RELACIONADA;6
252215;ADMINISTRAR Y EJECUTAR LAS ACCIONES NECESARIAS QUE SE DESARROLLARAN EN LAS DIFERENTES ETAPAS DEL PROCESO CONTRACTUAL QUE ADELANTE EL INVIMA, EN CUMPLIMIENTO DE SUS OBJETIVOS, METAS Y FUNCIONES INSTITUCIONALES, DE ACUERDO CON LOS REQUERIMIENTOS DE LAS DEPENDENCIAS, LA NORMATIVIDAD VIGENTE, LOS PRINCIPIOS DE LA CONTRATACION Y LOS FINES DEL ESTADO.;"Título de PROFESIONAL en NBC: DERECHO Y AFINES Disciplina Académica: DERECHO.

Titulo de postgrado en la modalidad de ESPECIALIZACION EN AREAS RELACIONADAS CON LAS FUNCIONES DEL EMPLEO.

";Diez y nueve(19) meses de EXPERIENCIA PROFESIONAL RELACIONADA;19;"Título de PROFESIONAL en NBC: DERECHO Y AFINES Disciplina Académica: DERECHO.

";Cuarenta y tres(43) meses de EXPERIENCIA PROFESIONAL RELACIONADA;43
252216;GESTIONAR Y LIDERAR LA IMPLEMENTACION DE PROYECTOS Y ESTRATEGIAS RELACIONADAS CON LA INFRAESTRUCTURA DE TELECOMUNICACIONES, REDES TECNOLOGICAS Y SISTEMAS ININTERRUMPIDOS DE POTENCIA (UPS), SERVICIOS DE APOYO, CONTINENCIA, SEGURIDAD Y EL SOPORTE TECNOLOGICO A LA OPERACION DENTRO DE LOS ACUERDOS DE SERVICIO ESTABLECIDOS PARA EL INSTITUTO.;"Título de PROFESIONAL en NBC: INGENIERIA DE SISTEMAS, TELEMATICA Y AFINES
 ,O, NBC:   INGENIERIA ELECTRONICA, TELECOMUNICACIONES Y AFINES.

Titulo de postgrado en la modalidad de ESPECIALIZACION EN AREAS RELACIONADAS CON LAS FUNCIONES DEL EMPLEO.

";Veinticinco(25) meses de EXPERIENCIA PROFESIONAL RELACIONADA;25;"Título de PROFESIONAL en NBC: INGENIERIA DE SISTEMAS, TELEMATICA Y AFINES
 ,O, NBC:   INGENIERIA ELECTRONICA, TELECOMUNICACIONES Y AFINES.

";Cuarenta y nueve(49) meses de EXPERIENCIA PROFESIONAL RELACIONADA;49
252217;REALIZAR LAS ACTIVIDADES PROPIAS DE LA TESORERIA RELACIONADAS CON LOS INGRESOS, EL PAGO DE LAS OBLIGACIONES DE LA ENTIDAD DE CONFORMIDAD CON LAS NORMAS LEGALES VIGENTES Y LOS PROCEDIMIENTOS ESTABLECIDOS.;"Título de PROFESIONAL en NBC: ADMINISTRACION
 ,O, NBC:   CONTADURIA PUBLICA
 ,O, NBC:   ECONOMIA
 ,O, NBC:   INGENIERIA ADMINISTRATIVA Y AFINES
 ,O, NBC:   INGENIERIA INDUSTRIAL Y AFINES.

Titulo de postgrado en la modalidad de ESPECIALIZACION EN AREAS RELACIONADAS CON LAS FUNCIONES DEL EMPLEO.

";Diez y nueve(19) meses de EXPERIENCIA PROFESIONAL RELACIONADA;19;"Título de PROFESIONAL en NBC: ADMINISTRACION
 ,O, NBC:   CONTADURIA PUBLICA
 ,O, NBC:   ECONOMIA
 ,O, NBC:   INGENIERIA ADMINISTRATIVA Y AFINES
 ,O, NBC:   INGENIERIA INDUSTRIAL Y AFINES.

";Cuarenta y tres(43) meses de EXPERIENCIA PROFESIONAL RELACIONADA;43
252218;PARTICIPAR EN LA EJECUCION DE PLANES, PROYECTOS Y PROGRAMAS QUE FACILITEN EL DESARROLLO INTEGRAL DEL RECURSO HUMANO QUE SE ENCUENTRE AL SERVICIO DE LA ENTIDAD, DE ACUERDO CON LAS NORMAS Y PROCEDIMIENTOS LEGALES VIGENTES.;"Título de PROFESIONAL en NBC: ADMINISTRACION
 ,O, NBC:   DERECHO Y AFINES Disciplina Académica: DERECHO
 ,O, NBC:   INGENIERIA INDUSTRIAL Y AFINES
 ,O, NBC:   PSICOLOGIA.

Titulo de postgrado en la modalidad de ESPECIALIZACION EN AREAS RELACIONADAS CON LAS FUNCIONES DEL EMPLEO.

";Diez y nueve(19) meses de EXPERIENCIA PROFESIONAL RELACIONADA;19;"Título de PROFESIONAL en NBC: ADMINISTRACION
 ,O, NBC:   DERECHO Y AFINES Disciplina Académica: DERECHO
 ,O, NBC:   INGENIERIA INDUSTRIAL Y AFINES
 ,O, NBC:   PSICOLOGIA.

";Cuarenta y tres(43) meses de EXPERIENCIA PROFESIONAL RELACIONADA;43
252220;GESTIONAR Y EJECUTAR LAS ACTIVIDADES DE INSPECCION, VIGILANCIA Y CONTROL DE PRODUCTOS COMPETENCIA DEL INVIMA EN CONCORDANCIA CON LA LEGISLACION SANITARIA, LOS PROCEDIMIENTOS, LAS POLITICAS Y DIRECTRICES DEL INSTITUTO.;"Título de PROFESIONAL en NBC: BACTERIOLOGIA Disciplina Académica: BACTERIOLOGIA Y LABORATORIO CLINICO , BACTERIOLOGIA
 ,O, NBC:   INGENIERIA BIOMEDICA Y AFINES Disciplina Académica: INGENIERIA BIOMEDICA
 ,O, NBC:   INGENIERIA QUIMICA Y AFINES Disciplina Académica: INGENIERIA QUIMICA
 ,O, NBC:   QUIMICA Y AFINES Disciplina Académica: QUIMICA , QUIMICA FARMACEUTICA.

Titulo de postgrado en la modalidad de ESPECIALIZACION EN AREAS RELACIONADAS CON LAS FUNCIONES DEL EMPLEO.

";Diez(10) meses de EXPERIENCIA PROFESIONAL RELACIONADA;10;"Título de PROFESIONAL en NBC: BACTERIOLOGIA Disciplina Académica: BACTERIOLOGIA Y LABORATORIO CLINICO , BACTERIOLOGIA
 ,O, NBC:   INGENIERIA BIOMEDICA Y AFINES Disciplina Académica: INGENIERIA BIOMEDICA
 ,O, NBC:   INGENIERIA QUIMICA Y AFINES Disciplina Académica: INGENIERIA QUIMICA
 ,O, NBC:   QUIMICA Y AFINES Disciplina Académica: QUIMICA FARMACEUTICA , QUIMICA.

";Treinta y cuatro(34) meses de EXPERIENCIA PROFESIONAL RELACIONADA;34
252219;EJECUTAR ACTIVIDADES TECNICAS, OPERATIVAS Y ADMINISTRATIVAS ASOCIADAS AL PROCESO DE INSPECCION, VIGILANCIA Y CONTROL EN LA IMPORTACION Y EXPORTACION DE PRODUCTOS Y MATERIAS PRIMAS PARA SU FABRICACION, QUE SON COMPETENCIA DEL INVIMA, DE ACUERDO CON LA NORMATIVIDAD SANITARIA, PROCEDIMIENTOS VIGENTES, LAS POLITICAS Y DIRECTRICES DEL INSTITUTO.;"Título de PROFESIONAL en NBC: BIOLOGIA, MICROBIOLOGIA Y AFINES Disciplina Académica: MICROBIOLOGÍA CON ÉNFASIS EN ALIMENTOS , MICROBIOLOGIA
 ,O, NBC:   INGENIERIA AGROINDUSTRIAL, ALIMENTOS Y AFINES Disciplina Académica: INGENIERIA DE ALIMENTOS
 ,O, NBC:   INGENIERIA QUIMICA Y AFINES Disciplina Académica: INGENIERIA QUIMICA
 ,O, NBC:   MEDICINA VETERINARIA Disciplina Académica: MEDICINA VETERINARIA Y ZOOTECNIA , MEDICINA VETERINARIA.

Titulo de postgrado en la modalidad de ESPECIALIZACION EN AREAS RELACIONADAS CON LAS FUNCIONES DEL EMPLEO.

";Siete(7) meses de EXPERIENCIA PROFESIONAL RELACIONADA;7;"Título de PROFESIONAL en NBC: BIOLOGIA, MICROBIOLOGIA Y AFINES Disciplina Académica: MICROBIOLOGÍA CON ÉNFASIS EN ALIMENTOS , MICROBIOLOGIA
 ,O, NBC:   INGENIERIA AGROINDUSTRIAL, ALIMENTOS Y AFINES Disciplina Académica: INGENIERIA DE ALIMENTOS
 ,O, NBC:   INGENIERIA QUIMICA Y AFINES Disciplina Académica: INGENIERIA QUIMICA
 ,O, NBC:   MEDICINA VETERINARIA Disciplina Académica: MEDICINA VETERINARIA Y ZOOTECNIA , MEDICINA VETERINARIA.

";Treinta y uno(31) meses de EXPERIENCIA PROFESIONAL RELACIONADA;31
252221;REALIZAR ACTIVIDADES DE INSPECCION, VIGILANCIA Y CONTROL (IVC) DE PRODUCTOS Y MATERIAS PRIMAS, INCLUIDOS ALIMENTOS Y BEBIDAS, QUE SEAN COMPETENCIA DEL INVIMA Y QUE ESTEN SUJETOS A PROCESOS DE IMPORTACION O EXPORTACION, EN PUERTOS, AEROPUERTOS O PASOS FRONTERIZOS, SEGUN CORRESPONDA, EN CUMPLIMIENTO DE LA LEGISLACION SANITARIA VIGENTE, LOS PROCEDIMIENTOS, POLITICAS Y DIRECTRICES ESTABLECIDAS POR EL INSTITUTO.;"Título de PROFESIONAL en NBC: BACTERIOLOGIA Disciplina Académica: BACTERIOLOGIA , BACTERIOLOGIA Y LABORATORIO CLINICO
 ,O, NBC:   BIOLOGIA, MICROBIOLOGIA Y AFINES Disciplina Académica: MICROBIOLOGIA INDUSTRIAL , MICROBIOLOGIA
 ,O, NBC:   INGENIERIA AGROINDUSTRIAL, ALIMENTOS Y AFINES Disciplina Académica: INGENIERIA DE ALIMENTOS , INGENIERIA AGROINDUSTRIAL
 ,O, NBC:   INGENIERIA AMBIENTAL, SANITARIA Y AFINES Disciplina Académica: INGENIERIA AMBIENTAL
 ,O, NBC:   INGENIERIA INDUSTRIAL Y AFINES Disciplina Académica: INGENIERIA INDUSTRIAL
 ,O, NBC:   INGENIERIA QUIMICA Y AFINES Disciplina Académica: INGENIERIA QUIMICA
 ,O, NBC:   MEDICINA VETERINARIA Disciplina Académica: MEDICINA VETERINARIA Y ZOOTECNIA , MEDICINA VETERINARIA
 ,O, NBC:   QUIMICA Y AFINES Disciplina Académica: QUIMICA FARMACEUTICA
 ,O, NBC:   ZOOTECNIA Disciplina Académica: ZOOTECNIA.

";Treinta(30) meses de EXPERIENCIA PROFESIONAL RELACIONADA;30;"Título de PROFESIONAL en NBC: BACTERIOLOGIA Disciplina Académica: BACTERIOLOGIA , BACTERIOLOGIA Y LABORATORIO CLINICO
 ,O, NBC:   BIOLOGIA, MICROBIOLOGIA Y AFINES Disciplina Académica: MICROBIOLOGIA
 ,O, NBC:   INGENIERIA AGROINDUSTRIAL, ALIMENTOS Y AFINES Disciplina Académica: INGENIERIA DE ALIMENTOS , INGENIERIA AGROINDUSTRIAL
 ,O, NBC:   INGENIERIA AMBIENTAL, SANITARIA Y AFINES Disciplina Académica: INGENIERIA AMBIENTAL
 ,O, NBC:   INGENIERIA INDUSTRIAL Y AFINES Disciplina Académica: INGENIERIA INDUSTRIAL
 ,O, NBC:   INGENIERIA QUIMICA Y AFINES Disciplina Académica: INGENIERIA QUIMICA
 ,O, NBC:   MEDICINA VETERINARIA Disciplina Académica: MEDICINA VETERINARIA Y ZOOTECNIA , MEDICINA VETERINARIA
 ,O, NBC:   QUIMICA Y AFINES Disciplina Académica: QUIMICA FARMACEUTICA
 ,O, NBC:   ZOOTECNIA Disciplina Académica: ZOOTECNIA.

Titulo de postgrado en la modalidad de ESPECIALIZACION EN AREAS RELACIONADAS CON LAS FUNCIONES DEL EMPLEO.

";Seis(6) meses de EXPERIENCIA PROFESIONAL RELACIONADA;6
252222;APOYAR LA GESTION CONTABLE DE ACUERDO CON LAS NORMAS, TECNICAS CONTABLES VIGENTES Y MANUAL DE PROCESOS Y PROCEDIMIENTOS ADOPTADO POR LA ENTIDAD.;"Título de PROFESIONAL en NBC: CONTADURIA PUBLICA.

";Treinta(30) meses de EXPERIENCIA PROFESIONAL RELACIONADA;30;"Título de PROFESIONAL en NBC: CONTADURIA PUBLICA.

Titulo de postgrado en la modalidad de ESPECIALIZACION EN AREAS RELACIONADAS CON LAS FUNCIONES DEL EMPLEO.

";Seis(6) meses de EXPERIENCIA PROFESIONAL RELACIONADA;6
252223;DESARROLLAR LOS PLANES, PROGRAMAS, PROYECTOS Y ACTIVIDADES RELACIONADOS CON LA ADMINISTRACION Y CONTROL DE LOS BIENES DEL INSTITUTO, EN LO REFERENTE A SU ALMACENAMIENTO, DISTRIBUCION, CONSERVACION Y ASEGURAMIENTO.;"Título de PROFESIONAL en NBC: ADMINISTRACION
 ,O, NBC:   CONTADURIA PUBLICA
 ,O, NBC:   ECONOMIA
 ,O, NBC:   INGENIERIA CIVIL Y AFINES
 ,O, NBC:   INGENIERIA INDUSTRIAL Y AFINES.

";Treinta(30) meses de EXPERIENCIA PROFESIONAL RELACIONADA;30;"Título de PROFESIONAL en NBC: ADMINISTRACION
 ,O, NBC:   CONTADURIA PUBLICA
 ,O, NBC:   ECONOMIA
 ,O, NBC:   INGENIERIA CIVIL Y AFINES
 ,O, NBC:   INGENIERIA INDUSTRIAL Y AFINES.

Titulo de postgrado en la modalidad de ESPECIALIZACION EN AREAS RELACIONADAS CON LAS FUNCIONES DEL EMPLEO.

";Seis(6) meses de EXPERIENCIA PROFESIONAL RELACIONADA;6
252224;PREPARAR LA EJECUCION PRESUPUESTAL DE INGRESOS Y GASTOS Y EFECTUAR REGISTROS PRESUPUESTALES, DE ACUERDO CON LAS NORMAS VIGENTES Y EL MANUAL DE PROCESOS Y PROCEDIMIENTOS ADOPTADO POR LA ENTIDAD.;"Título de PROFESIONAL en NBC: ADMINISTRACION
 ,O, NBC:   CONTADURIA PUBLICA
 ,O, NBC:   ECONOMIA
 ,O, NBC:   INGENIERIA INDUSTRIAL Y AFINES.

";Treinta(30) meses de EXPERIENCIA PROFESIONAL RELACIONADA;30;"Título de PROFESIONAL en NBC: ADMINISTRACION
 ,O, NBC:   CONTADURIA PUBLICA
 ,O, NBC:   ECONOMIA
 ,O, NBC:   INGENIERIA INDUSTRIAL Y AFINES.

Titulo de postgrado en la modalidad de ESPECIALIZACION EN AREAS RELACIONADAS CON LAS FUNCIONES DEL EMPLEO.

";Seis(6) meses de EXPERIENCIA PROFESIONAL RELACIONADA;6
252225;ELABORAR Y REALIZAR SEGUIMIENTO A LOS PLANES DE MONITOREO DE RESIDUOS DE PLAGUICIDAS DE USO VETERINARIO, CONTAMINANTES O PATOGENOS DE ACUERDO CON LAS NORMAS Y PROCEDIMIENTOS VIGENTES.;"Título de PROFESIONAL en NBC: INGENIERIA AGROINDUSTRIAL, ALIMENTOS Y AFINES
 ,O, NBC:   INGENIERIA QUIMICA Y AFINES
 ,O, NBC:   MEDICINA VETERINARIA
 ,O, NBC:   QUIMICA Y AFINES.

Titulo de postgrado en la modalidad de ESPECIALIZACION EN AREAS RELACIONADAS CON LAS FUNCIONES DEL EMPLEO.

";Diez(10) meses de EXPERIENCIA PROFESIONAL RELACIONADA;10;"Título de PROFESIONAL en NBC: INGENIERIA AGROINDUSTRIAL, ALIMENTOS Y AFINES
 ,O, NBC:   INGENIERIA QUIMICA Y AFINES
 ,O, NBC:   MEDICINA VETERINARIA
 ,O, NBC:   QUIMICA Y AFINES.

";Treinta y cuatro(34) meses de EXPERIENCIA PROFESIONAL RELACIONADA;34
252226;REALIZAR LA INSPECCION, VIGILANCIA Y CONTROL DE ALIMENTOS ESTABLECIENDO SU CALIDAD E INOCUIDAD, EN CONCORDANCIA CON LA LEGISLACION SANITARIA, LAS POLITICAS Y DIRECTRICES DEL INSTITUTO Y LOS PROCEDIMIENTOS VIGENTES.;"Título de PROFESIONAL en NBC: INGENIERIA AGROINDUSTRIAL, ALIMENTOS Y AFINES
 ,O, NBC:   INGENIERIA QUIMICA Y AFINES
 ,O, NBC:   MEDICINA VETERINARIA
 ,O, NBC:   NUTRICION Y DIETETICA
 ,O, NBC:   QUIMICA Y AFINES.

Titulo de postgrado en la modalidad de ESPECIALIZACION EN AREAS RELACIONADAS CON LAS FUNCIONES DEL EMPLEO.

";Diez(10) meses de EXPERIENCIA PROFESIONAL RELACIONADA;10;"Título de PROFESIONAL en NBC: INGENIERIA AGROINDUSTRIAL, ALIMENTOS Y AFINES
 ,O, NBC:   INGENIERIA QUIMICA Y AFINES
 ,O, NBC:   MEDICINA VETERINARIA
 ,O, NBC:   NUTRICION Y DIETETICA
 ,O, NBC:   QUIMICA Y AFINES.

";Treinta y cuatro(34) meses de EXPERIENCIA PROFESIONAL RELACIONADA;34
252227;REALIZAR LAS ACTIVIDADES QUE SE GENEREN DEL MANEJO DEL SISTEMA DE INFORMACION EN LA INSPECCION VIGILANCIA Y CONTROL DE LOS PRODUCTOS COMPETENCIA DEL INVIMA, PARA LA PROTECCION DE LA SALUD DE LA POBLACION, DE ACUERDO CON LAS NORMAS Y PROCEDIMIENTOS VIGENTES.;"Título de PROFESIONAL en NBC: INGENIERIA AGROINDUSTRIAL, ALIMENTOS Y AFINES
 ,O, NBC:   INGENIERIA QUIMICA Y AFINES
 ,O, NBC:   MEDICINA VETERINARIA
 ,O, NBC:   QUIMICA Y AFINES.

Titulo de postgrado en la modalidad de ESPECIALIZACION EN AREAS RELACIONADAS CON LAS FUNCIONES DEL EMPLEO.

";Siete(7) meses de EXPERIENCIA PROFESIONAL RELACIONADA;7;"Título de PROFESIONAL en NBC: INGENIERIA AGROINDUSTRIAL, ALIMENTOS Y AFINES
 ,O, NBC:   INGENIERIA QUIMICA Y AFINES
 ,O, NBC:   MEDICINA VETERINARIA
 ,O, NBC:   QUIMICA Y AFINES.

";Treinta y uno(31) meses de EXPERIENCIA PROFESIONAL RELACIONADA;31
252228;GESTIONAR Y EJECUTAR LAS ACTIVIDADES RELACIONADAS AL PROCESO DE INSPECCION, VIGILANCIA Y CONTROL DE PRODUCTOS COMPETENCIA DEL INVIMA EN CONCORDANCIA CON LA LEGISLACION SANITARIA, LOS PROCEDIMIENTOS, LAS POLITICAS Y DIRECTRICES DEL INSTITUTO.;"Título de PROFESIONAL en NBC: INGENIERIA AGROINDUSTRIAL, ALIMENTOS Y AFINES Disciplina Académica: INGENIERIA DE ALIMENTOS , INGENIERIA AGROINDUSTRIAL
 ,O, NBC:   INGENIERIA QUIMICA Y AFINES Disciplina Académica: INGENIERIA QUIMICA
 ,O, NBC:   MEDICINA VETERINARIA Disciplina Académica: MEDICINA VETERINARIA Y ZOOTECNIA , MEDICINA VETERINARIA
 ,O, NBC:   QUIMICA Y AFINES Disciplina Académica: QUIMICA DE ALIMENTOS.

Titulo de postgrado en la modalidad de ESPECIALIZACION EN AREAS RELACIONADAS CON LAS FUNCIONES DEL EMPLEO.

";Siete(7) meses de EXPERIENCIA PROFESIONAL RELACIONADA;7;"Título de PROFESIONAL en NBC: INGENIERIA AGROINDUSTRIAL, ALIMENTOS Y AFINES Disciplina Académica: INGENIERIA AGROINDUSTRIAL , INGENIERIA DE ALIMENTOS
 ,O, NBC:   INGENIERIA QUIMICA Y AFINES Disciplina Académica: INGENIERIA QUIMICA
 ,O, NBC:   MEDICINA VETERINARIA Disciplina Académica: MEDICINA VETERINARIA Y ZOOTECNIA , MEDICINA VETERINARIA
 ,O, NBC:   QUIMICA Y AFINES Disciplina Académica: QUIMICA DE ALIMENTOS.

";Treinta y uno(31) meses de EXPERIENCIA PROFESIONAL RELACIONADA;31
252229;APOYAR LA EJECUCION DE LAS ACTIVIDADES TECNICAS, OPERATIVAS Y ADMINISTRATIVAS, ASOCIADAS AL PROCESO DE INSPECCION, VIGILANCIA Y CONTROL EN LA IMPORTACION Y EXPORTACION DE PRODUCTOS Y MATERIAS PRIMAS PARA SU FABRICACION, QUE SON COMPETENCIA DEL INVIMA, DE ACUERDO CON LA NORMATIVIDAD SANITARIA, PROCEDIMIENTOS VIGENTES, LAS POLITICAS Y DIRECTRICES DEL INSTITUTO.;"Título de PROFESIONAL en NBC: BIOLOGIA, MICROBIOLOGIA Y AFINES Disciplina Académica: MICROBIOLOGÍA CON ÉNFASIS EN ALIMENTOS , MICROBIOLOGIA INDUSTRIAL
 ,O, NBC:   INGENIERIA AGROINDUSTRIAL, ALIMENTOS Y AFINES Disciplina Académica: INGENIERIA DE ALIMENTOS
 ,O, NBC:   INGENIERIA QUIMICA Y AFINES Disciplina Académica: INGENIERIA QUIMICA
 ,O, NBC:   MEDICINA VETERINARIA Disciplina Académica: MEDICINA VETERINARIA , MEDICINA VETERINARIA Y ZOOTECNIA.

Titulo de postgrado en la modalidad de ESPECIALIZACION EN AREAS RELACIONADAS CON LAS FUNCIONES DEL EMPLEO.

";Diez(10) meses de EXPERIENCIA PROFESIONAL RELACIONADA;10;"Título de PROFESIONAL en NBC: BIOLOGIA, MICROBIOLOGIA Y AFINES Disciplina Académica: MICROBIOLOGÍA CON ÉNFASIS EN ALIMENTOS , MICROBIOLOGIA INDUSTRIAL
 ,O, NBC:   INGENIERIA AGROINDUSTRIAL, ALIMENTOS Y AFINES Disciplina Académica: INGENIERIA DE ALIMENTOS
 ,O, NBC:   INGENIERIA QUIMICA Y AFINES Disciplina Académica: INGENIERIA QUIMICA
 ,O, NBC:   MEDICINA VETERINARIA Disciplina Académica: MEDICINA VETERINARIA , MEDICINA VETERINARIA Y ZOOTECNIA.

";Treinta y cuatro(34) meses de EXPERIENCIA PROFESIONAL RELACIONADA;34
255931;REALIZAR ACTIVIDADES DE INSPECCION, VIGILANCIA Y CONTROL A OBJETOS O PRODUCTOS COMPETENCIA DEL INVIMA, EN CONCORDANCIA CON LA LEGISLACION SANITARIA, LOS PROCEDIMIENTOS, LAS POLITICAS Y DIRECTRICES DEL INSTITUTO.;"Título de PROFESIONAL en NBC: BACTERIOLOGIA Disciplina Académica: BACTERIOLOGIA
 ,O, NBC:   BIOLOGIA, MICROBIOLOGIA Y AFINES Disciplina Académica: MICROBIOLOGIA
 ,O, NBC:   INGENIERIA AGROINDUSTRIAL, ALIMENTOS Y AFINES Disciplina Académica: INGENIERIA DE ALIMENTOS
 ,O, NBC:   INGENIERIA BIOMEDICA Y AFINES Disciplina Académica: INGENIERIA BIOMEDICA
 ,O, NBC:   INGENIERIA QUIMICA Y AFINES Disciplina Académica: INGENIERIA QUIMICA
 ,O, NBC:   QUIMICA Y AFINES Disciplina Académica: QUIMICA , QUIMICA DE ALIMENTOS , QUIMICA FARMACEUTICA.

";Treinta(30) meses de EXPERIENCIA PROFESIONAL RELACIONADA;30;"Título de PROFESIONAL en NBC: BACTERIOLOGIA Disciplina Académica: BACTERIOLOGIA
 ,O, NBC:   BIOLOGIA, MICROBIOLOGIA Y AFINES Disciplina Académica: MICROBIOLOGIA
 ,O, NBC:   INGENIERIA AGROINDUSTRIAL, ALIMENTOS Y AFINES Disciplina Académica: INGENIERIA DE ALIMENTOS
 ,O, NBC:   INGENIERIA BIOMEDICA Y AFINES Disciplina Académica: INGENIERIA BIOMEDICA
 ,O, NBC:   INGENIERIA QUIMICA Y AFINES Disciplina Académica: INGENIERIA QUIMICA
 ,O, NBC:   QUIMICA Y AFINES Disciplina Académica: QUIMICA FARMACEUTICA , QUIMICA DE ALIMENTOS , QUIMICA.

Titulo de postgrado en la modalidad de ESPECIALIZACION EN AREAS RELACIONADAS CON LAS FUNCIONES DEL EMPLEO.

";Seis(6) meses de EXPERIENCIA PROFESIONAL RELACIONADA;6
255932;ADELANTAR LOS PROCESOS DISCIPLINARIOS ASIGNADOS, APOYAR Y RECOMENDAR LEGALMENTE EN TODOS LOS ASUNTOS DE COMPETENCIA DE LA DEPENDENCIA DE ACUERDO CON LAS POLITICAS FIJADAS POR LA COORDINACION Y SEGUN LAS DISPOSICIONES Y TERMINOS LEGALES VIGENTES.;"Título de PROFESIONAL en NBC: DERECHO Y AFINES Disciplina Académica: DERECHO.

Titulo de postgrado en la modalidad de ESPECIALIZACION EN AREAS RELACIONADAS CON LAS FUNCIONES DEL EMPLEO.

";Diez y nueve(19) meses de EXPERIENCIA PROFESIONAL RELACIONADA;19;"Título de PROFESIONAL en NBC: DERECHO Y AFINES Disciplina Académica: DERECHO.

";Cuarenta y tres(43) meses de EXPERIENCIA PROFESIONAL RELACIONADA;43
255936;CUMPLIR CON LOS PROCESOS DE LA OFICINA DE ASUNTOS INTERNACIONALES, APLICANDO LOS CONOCIMIENTOS PROFESIONALES CON MIRAS AL CUMPLIMIENTO DE LAS METAS DE LOS PROGRAMAS, PLANES Y PROYECTOS INSTITUCIONALES EN LA MATERIA DE ASUNTOS INTERNACIONALES.;"Título de PROFESIONAL en NBC: ADMINISTRACION
 ,O, NBC:   CIENCIA POLITICA, RELACIONES INTERNACIONALES
 ,O, NBC:   DERECHO Y AFINES Disciplina Académica: DERECHO
 ,O, NBC:   ECONOMIA
 ,O, NBC:   QUIMICA Y AFINES.

";Treinta(30) meses de EXPERIENCIA PROFESIONAL RELACIONADA;30;"Título de PROFESIONAL en NBC: ADMINISTRACION
 ,O, NBC:   CIENCIA POLITICA, RELACIONES INTERNACIONALES
 ,O, NBC:   DERECHO Y AFINES Disciplina Académica: DERECHO
 ,O, NBC:   ECONOMIA
 ,O, NBC:   QUIMICA Y AFINES.

Titulo de postgrado en la modalidad de ESPECIALIZACION EN AREAS RELACIONADAS CON LAS FUNCIONES DEL EMPLEO.

";Seis(6) meses de EXPERIENCIA PROFESIONAL RELACIONADA;6
255937;REALIZAR INSPECCION, VIGILANCIA Y CONTROL DE PRODUCTOS COMPETENCIA DEL INVIMA SEGUN SEA EL CASO, EN CONCORDANCIA CON LA LEGISLACION SANITARIA, LOS PROCEDIMIENTOS, LAS POLITICAS Y DIRECTRICES DEL INSTITUTO.;"Título de PROFESIONAL en NBC: INGENIERIA AGROINDUSTRIAL, ALIMENTOS Y AFINES
 ,O, NBC:   INGENIERIA QUIMICA Y AFINES
 ,O, NBC:   QUIMICA Y AFINES.

";Treinta(30) meses de EXPERIENCIA PROFESIONAL RELACIONADA;30;"Título de PROFESIONAL en NBC: INGENIERIA AGROINDUSTRIAL, ALIMENTOS Y AFINES
 ,O, NBC:   INGENIERIA QUIMICA Y AFINES
 ,O, NBC:   QUIMICA Y AFINES.

Titulo de postgrado en la modalidad de ESPECIALIZACION EN AREAS RELACIONADAS CON LAS FUNCIONES DEL EMPLEO.

";Seis(6) meses de EXPERIENCIA PROFESIONAL RELACIONADA;6
255938;DESARROLLAR ACTIVIDADES DEL GRUPO LABORATORIO DE MICROBIOLOGIA DE PRODUCTOS FARMACEUTICOS Y OTRAS TECNOLOGIAS, CON EL FIN DE VERIFICAR EL CUMPLIMIENTO DE ESPECIFICACIONES Y REQUERIMIENTOS DE LA CALIDAD DE LOS PRODUCTOS FARMACEUTICOS, BIOLOGICOS DE USO HUMANO, COSMETICOS, DISPOSITIVOS MEDICOS Y OTRAS TECNOLOGIAS, SEGUN LAS NORMAS, ESTANDARES Y PROCEDIMIENTOS VIGENTES.;"Título de PROFESIONAL en NBC: BACTERIOLOGIA Disciplina Académica: BACTERIOLOGIA
 ,O, NBC:   BIOLOGIA, MICROBIOLOGIA Y AFINES Disciplina Académica: MICROBIOLOGIA INDUSTRIAL , MICROBIOLOGIA.

Titulo de postgrado en la modalidad de ESPECIALIZACION EN AREAS RELACIONADAS CON LAS FUNCIONES DEL EMPLEO.

";Diez y nueve(19) meses de EXPERIENCIA PROFESIONAL RELACIONADA;19;"Título de PROFESIONAL en NBC: BACTERIOLOGIA Disciplina Académica: BACTERIOLOGIA
 ,O, NBC:   BIOLOGIA, MICROBIOLOGIA Y AFINES Disciplina Académica: MICROBIOLOGIA INDUSTRIAL , MICROBIOLOGIA.

";Cuarenta y tres(43) meses de EXPERIENCIA PROFESIONAL RELACIONADA;43
255999;ANALIZAR, DISENAR, DESARROLLAR, MANTENER SISTEMAS DE INFORMACION PARA EL INSTITUTO ACORDE CON LOS LINEAMIENTOS, BUENAS PRACTICAS Y PROYECTOS DE LA OFICINA DE TECNOLOGIAS DE LA INFORMACION Y LAS NECESIDADES DEL INSTITUTO.;"Título de PROFESIONAL en NBC: INGENIERIA DE SISTEMAS, TELEMATICA Y AFINES
 ,O, NBC:   INGENIERIA ELECTRONICA, TELECOMUNICACIONES Y AFINES.

Titulo de postgrado en la modalidad de ESPECIALIZACION EN AREAS RELACIONADAS CON LAS FUNCIONES DEL EMPLEO.

";Veinticinco(25) meses de EXPERIENCIA PROFESIONAL RELACIONADA;25;"Título de PROFESIONAL en NBC: INGENIERIA DE SISTEMAS, TELEMATICA Y AFINES
 ,O, NBC:   INGENIERIA ELECTRONICA, TELECOMUNICACIONES Y AFINES.

";Cuarenta y nueve(49) meses de EXPERIENCIA PROFESIONAL RELACIONADA;49
252242;REALIZAR ACTIVIDADES DE APOYO TECNICO/ADMINISTRATIVO QUE PERMITAN EL DESARROLLO DE LAS FUNCIONES ASIGNADAS A LA OFICINA DE LABORATORIOS Y CONTROL DE CALIDAD.;"Título de TECNOLOGICA en NBC: ADMINISTRACION
 ,O, NBC:   INGENIERIA ADMINISTRATIVA Y AFINES
 ,O, NBC:   INGENIERIA INDUSTRIAL Y AFINES.

";Nueve(9) meses de EXPERIENCIA RELACIONADA;9;"Título de BACHILLERATO.

";Cuarenta y cinco(45) meses de EXPERIENCIA RELACIONADA;45
252240;ASISTIR EN LA PRESTACION DE LOS SERVICIOS DE ATENCION AL CIUDADANO SUMINISTRANDO INFORMACION SOBRE TRAMITES Y SERVICIOS , NORMAS, REQUISITOS, FORMATOS, ESTADO DE LOS ASUNTOS EN CURSO, DERECHOS Y DEBERES, DE ACUERDO CON LA NORMATIVIDAD, REGLAMENTACIONES Y PROCEDIMIENTOS VIGENTES SEGUN LOS CANALES DE COMUNICACION ESTABLECIDOS. GESTIONAR PQRDS DE ACUERDO A LAS ATRIBUCIONES DE LA ENTIDAD Y LOS TERMINOS ESTABLECIDOS.;"Título de PROFESIONAL en NBC: ADMINISTRACION
 ,O, NBC:   BACTERIOLOGIA
 ,O, NBC:   BIOLOGIA, MICROBIOLOGIA Y AFINES
 ,O, NBC:   CIENCIA POLITICA, RELACIONES INTERNACIONALES
 ,O, NBC:   DERECHO Y AFINES Disciplina Académica: DERECHO
 ,O, NBC:   ECONOMIA
 ,O, NBC:   INGENIERIA AGROINDUSTRIAL, ALIMENTOS Y AFINES
 ,O, NBC:   INGENIERIA BIOMEDICA Y AFINES
 ,O, NBC:   INGENIERIA DE SISTEMAS, TELEMATICA Y AFINES
 ,O, NBC:   INGENIERIA INDUSTRIAL Y AFINES
 ,O, NBC:   MEDICINA
 ,O, NBC:   ODONTOLOGIA
 ,O, NBC:   OPTOMETRIA, OTROS PROGRAMAS DE CIENCIAS DE LA SALUD
 ,O, NBC:   QUIMICA Y AFINES.

";Treinta(30) meses de EXPERIENCIA PROFESIONAL RELACIONADA;30;"Título de PROFESIONAL en NBC: ADMINISTRACION
 ,O, NBC:   BACTERIOLOGIA
 ,O, NBC:   BIOLOGIA, MICROBIOLOGIA Y AFINES
 ,O, NBC:   CIENCIA POLITICA, RELACIONES INTERNACIONALES
 ,O, NBC:   DERECHO Y AFINES Disciplina Académica: DERECHO
 ,O, NBC:   ECONOMIA
 ,O, NBC:   INGENIERIA AGROINDUSTRIAL, ALIMENTOS Y AFINES
 ,O, NBC:   INGENIERIA BIOMEDICA Y AFINES
 ,O, NBC:   INGENIERIA DE SISTEMAS, TELEMATICA Y AFINES
 ,O, NBC:   INGENIERIA INDUSTRIAL Y AFINES
 ,O, NBC:   MEDICINA
 ,O, NBC:   ODONTOLOGIA
 ,O, NBC:   OPTOMETRIA, OTROS PROGRAMAS DE CIENCIAS DE LA SALUD
 ,O, NBC:   QUIMICA Y AFINES.

Titulo de postgrado en la modalidad de ESPECIALIZACION EN AREAS RELACIONADAS CON LAS FUNCIONES DEL EMPLEO.

";Seis(6) meses de EXPERIENCIA PROFESIONAL RELACIONADA;6
252243;REALIZAR LAS ACTIVIDADES ANALITICAS DEL GRUPO LABORATORIO DE MICROBIOLOGIA DE PRODUCTOS FARMACEUTICOS Y OTRAS TECNOLOGIAS, CON EL FIN DE ASEGURAR LA EJECUCION DE  LOS PROGRAMAS DE INSPECCION, VIGILANCIA Y CONTROL INCLUIDOS EN LOS PLANES ESTRATEGICOS DEL INSTITUTO PARA LAS MUESTRAS COMPETENCIA TALES COMO PRODUCTOS FARMACEUTICOS,  BIOLOGICOS DE USO HUMANO, COSMETICOS Y DISPOSITIVOS MEDICOS.;"Título de PROFESIONAL en NBC: BACTERIOLOGIA
 ,O, NBC:   BIOLOGIA, MICROBIOLOGIA Y AFINES.

";Treinta(30) meses de EXPERIENCIA PROFESIONAL RELACIONADA;30;"Título de PROFESIONAL en NBC: BACTERIOLOGIA
 ,O, NBC:   BIOLOGIA, MICROBIOLOGIA Y AFINES.

Titulo de postgrado en la modalidad de ESPECIALIZACION EN AREAS RELACIONADAS CON LAS FUNCIONES DEL EMPLEO.

";Seis(6) meses de EXPERIENCIA PROFESIONAL RELACIONADA;6
252244;DESARROLLAR LOS PLANES, PROGRAMAS Y PROYECTOS DE INSPECCION, VIGILANCIA Y CONTROL DE CALIDAD DE LOS DISPOSITIVOS MEDICOS Y REACTIVOS DE DIAGNOSTICO IN VITRO A NIVEL NACIONAL.;"Título de PROFESIONAL en NBC: BACTERIOLOGIA
 ,O, NBC:   ENFERMERIA
 ,O, NBC:   INGENIERIA BIOMEDICA Y AFINES
 ,O, NBC:   INSTRUMENTACION QUIRURGICA
 ,O, NBC:   MEDICINA.

";Treinta(30) meses de EXPERIENCIA PROFESIONAL RELACIONADA;30;"Título de PROFESIONAL en NBC: BACTERIOLOGIA
 ,O, NBC:   ENFERMERIA
 ,O, NBC:   INGENIERIA BIOMEDICA Y AFINES
 ,O, NBC:   INSTRUMENTACION QUIRURGICA
 ,O, NBC:   MEDICINA.

Titulo de postgrado en la modalidad de ESPECIALIZACION EN AREAS RELACIONADAS CON LAS FUNCIONES DEL EMPLEO.

";Seis(6) meses de EXPERIENCIA PROFESIONAL RELACIONADA;6
252241;REALIZAR INSPECCION, VIGILANCIA Y CONTROL DE PRODUCTOS COMPETENCIA DEL INVIMA SEGUN SEA EL CASO, EN CONCORDANCIA CON LA LEGISLACION SANITARIA, LOS PROCEDIMIENTOS, LAS POLITICAS Y DIRECTRICES DEL INSTITUTO.;"Título de PROFESIONAL en NBC: BACTERIOLOGIA Disciplina Académica: BACTERIOLOGIA , BACTERIOLOGIA Y LABORATORIO CLINICO
 ,O, NBC:   INGENIERIA BIOMEDICA Y AFINES Disciplina Académica: INGENIERIA BIOMEDICA
 ,O, NBC:   INGENIERIA QUIMICA Y AFINES Disciplina Académica: INGENIERIA QUIMICA
 ,O, NBC:   QUIMICA Y AFINES Disciplina Académica: QUIMICA , QUIMICA FARMACEUTICA.

";Treinta(30) meses de EXPERIENCIA PROFESIONAL RELACIONADA;30;"Título de PROFESIONAL en NBC: BACTERIOLOGIA Disciplina Académica: BACTERIOLOGIA Y LABORATORIO CLINICO , BACTERIOLOGIA
 ,O, NBC:   INGENIERIA BIOMEDICA Y AFINES Disciplina Académica: INGENIERIA BIOMEDICA
 ,O, NBC:   INGENIERIA QUIMICA Y AFINES Disciplina Académica: INGENIERIA QUIMICA
 ,O, NBC:   QUIMICA Y AFINES Disciplina Académica: QUIMICA FARMACEUTICA.

Titulo de postgrado en la modalidad de ESPECIALIZACION EN AREAS RELACIONADAS CON LAS FUNCIONES DEL EMPLEO.

";Seis(6) meses de EXPERIENCIA PROFESIONAL RELACIONADA;6
252332;REALIZAR LAS ACTIVIDADES TENDIENTES A ASEGURAR LA EJECUCION DE LAS FUNCIONES ESTIPULADAS PARA LA DEPENDENCIA SEGUN ESTABLECIDO POR LA INSTITUCION, DE ACUERDO CON LAS NORMAS Y PROCEDIMEINTOS VIGENTES.;"Título de PROFESIONAL en NBC: BACTERIOLOGIA
 ,O, NBC:   BIOLOGIA, MICROBIOLOGIA Y AFINES
 ,O, NBC:   INGENIERIA AGROINDUSTRIAL, ALIMENTOS Y AFINES
 ,O, NBC:   INGENIERIA QUIMICA Y AFINES.

";Diez y ocho(18) meses de EXPERIENCIA PROFESIONAL RELACIONADA;18;"Título de PROFESIONAL en NBC: BACTERIOLOGIA
 ,O, NBC:   BIOLOGIA, MICROBIOLOGIA Y AFINES
 ,O, NBC:   INGENIERIA AGROINDUSTRIAL, ALIMENTOS Y AFINES
 ,O, NBC:   INGENIERIA QUIMICA Y AFINES.

Titulo de postgrado en la modalidad de ESPECIALIZACION EN AREAS RELACIONADAS CON LAS FUNCIONES DEL EMPLEO.

";NO REQUIERE EXPERIENCIA;
252333;DESARROLLAR ACTIVIDADES DEL LABORATORIO DE PRODUCTOS BIOLOGICOS CON EL FIN DE VERIFICAR EL CUMPLIMIENTO DE ESPECIFICACIONES Y REQUERIMIENTOS DE LA CALIDAD DE LOS MEDICAMENTOS DE ORIGEN BIOLOGICO DE USO HUMANO, SEGUN LAS NORMAS, ESTANDARES Y PROCEDIMIENTOS VIGENTES.;"Título de PROFESIONAL en NBC: BACTERIOLOGIA
 ,O, NBC:   BIOLOGIA, MICROBIOLOGIA Y AFINES.

";Veinticuatro(24) meses de EXPERIENCIA PROFESIONAL RELACIONADA;24;"Título de PROFESIONAL en NBC: BACTERIOLOGIA
 ,O, NBC:   BIOLOGIA, MICROBIOLOGIA Y AFINES.

Titulo de postgrado en la modalidad de ESPECIALIZACION EN AREAS RELACIONADAS CON LAS FUNCIONES DEL EMPLEO.

";NO REQUIERE EXPERIENCIA;
252334;VERIFICAR EL CUMPLIMIENTO DE LOS REQUISITOS DE CALIDAD DE LOS DISPOSITIVOS MEDICOS Y OTRAS TECNOLOGIAS COMO APOYO A LOS PROGRAMAS DE INSPECCION, VIGILANCIA Y CONTROL COMPETENCIA DEL INVIMA, DE ACUERDO CON LAS NORMAS Y PROCEDIMIENTOS VIGENTES.;"Título de PROFESIONAL en NBC: INGENIERIA BIOMEDICA Y AFINES
 ,O, NBC:   INGENIERIA MECANICA Y AFINES
 ,O, NBC:   INGENIERIA QUIMICA Y AFINES.

";Treinta(30) meses de EXPERIENCIA PROFESIONAL RELACIONADA;30;"Título de PROFESIONAL en NBC: INGENIERIA BIOMEDICA Y AFINES
 ,O, NBC:   INGENIERIA MECANICA Y AFINES
 ,O, NBC:   INGENIERIA QUIMICA Y AFINES.

Titulo de postgrado en la modalidad de ESPECIALIZACION EN AREAS RELACIONADAS CON LAS FUNCIONES DEL EMPLEO.

";Seis(6) meses de EXPERIENCIA PROFESIONAL RELACIONADA;6
252335;DESARROLLAR ACTIVIDADES DEL LABORATORIO DE PRODUCTOS BIOLOGICOS CON EL FIN DE VERIFICAR EL CUMPLIMIENTO DE ESPECIFICACIONES Y REQUERIMIENTOS DE LA CALIDAD DE LOS MEDICAMENTOS DE ORIGEN BIOLOGICO DE USO HUMANO, SEGUN LAS NORMAS, ESTANDARES Y PROCEDIMIENTOS VIGENTES.;"Título de PROFESIONAL en NBC: BACTERIOLOGIA
 ,O, NBC:   BIOLOGIA, MICROBIOLOGIA Y AFINES.

";Treinta(30) meses de EXPERIENCIA PROFESIONAL RELACIONADA;30;"Título de PROFESIONAL en NBC: BACTERIOLOGIA
 ,O, NBC:   BIOLOGIA, MICROBIOLOGIA Y AFINES.

Titulo de postgrado en la modalidad de ESPECIALIZACION EN AREAS RELACIONADAS CON LAS FUNCIONES DEL EMPLEO.

";Seis(6) meses de EXPERIENCIA PROFESIONAL RELACIONADA;6
252336;REALIZAR LAS ACTIVIDADES TENDIENTES A ASEGURAR LA EJECUCION DE LAS FUNCIONES ESTIPULADAS PARA LA DEPENDENCIA SEGUN ESTABLECIDO POR LA INSTITUCION, DE ACUERDO CON LAS NORMAS Y PROCEDIMIENTOS VIGENTES.;"Título de PROFESIONAL en NBC: BACTERIOLOGIA
 ,O, NBC:   BIOLOGIA, MICROBIOLOGIA Y AFINES
 ,O, NBC:   INGENIERIA AGROINDUSTRIAL, ALIMENTOS Y AFINES
 ,O, NBC:   INGENIERIA QUIMICA Y AFINES
 ,O, NBC:   QUIMICA Y AFINES.

";Treinta(30) meses de EXPERIENCIA PROFESIONAL RELACIONADA;30;"Título de PROFESIONAL en NBC: BACTERIOLOGIA
 ,O, NBC:   BIOLOGIA, MICROBIOLOGIA Y AFINES
 ,O, NBC:   INGENIERIA AGROINDUSTRIAL, ALIMENTOS Y AFINES
 ,O, NBC:   INGENIERIA QUIMICA Y AFINES
 ,O, NBC:   QUIMICA Y AFINES.

Titulo de postgrado en la modalidad de ESPECIALIZACION EN AREAS RELACIONADAS CON LAS FUNCIONES DEL EMPLEO.

";Seis(6) meses de EXPERIENCIA PROFESIONAL RELACIONADA;6
252337;DESARROLLAR, PROPENDER Y VERIFICAR EL CUMPLIMIENTO DE LOS MACROPROCESOS Y PROCESOS DEL SISTEMA DE GESTION INTEGRADO DEL INVIMA, QUE PERMITAN CUMPLIR CON LOS REQUISITOS LEGALES Y NORMATIVOS, POLITICAS INSTITUCIONALES Y NECESIDADES DE LAS PARTES INTERESADAS.;"Título de PROFESIONAL en NBC: ADMINISTRACION
 ,O, NBC:   BACTERIOLOGIA
 ,O, NBC:   BIOLOGIA, MICROBIOLOGIA Y AFINES
 ,O, NBC:   CONTADURIA PUBLICA
 ,O, NBC:   DERECHO Y AFINES Disciplina Académica: DERECHO
 ,O, NBC:   ECONOMIA
 ,O, NBC:   INGENIERIA ADMINISTRATIVA Y AFINES
 ,O, NBC:   INGENIERIA AMBIENTAL, SANITARIA Y AFINES
 ,O, NBC:   INGENIERIA INDUSTRIAL Y AFINES.

";Treinta(30) meses de EXPERIENCIA PROFESIONAL RELACIONADA;30;"Título de PROFESIONAL en NBC: ADMINISTRACION
 ,O, NBC:   BACTERIOLOGIA
 ,O, NBC:   BIOLOGIA, MICROBIOLOGIA Y AFINES
 ,O, NBC:   CONTADURIA PUBLICA
 ,O, NBC:   DERECHO Y AFINES Disciplina Académica: DERECHO
 ,O, NBC:   ECONOMIA
 ,O, NBC:   INGENIERIA ADMINISTRATIVA Y AFINES
 ,O, NBC:   INGENIERIA AMBIENTAL, SANITARIA Y AFINES
 ,O, NBC:   INGENIERIA INDUSTRIAL Y AFINES.

Titulo de postgrado en la modalidad de ESPECIALIZACION EN AREAS RELACIONADAS CON LAS FUNCIONES DEL EMPLEO.

";Seis(6) meses de EXPERIENCIA PROFESIONAL RELACIONADA;6
252338;CUMPLIR CON LOS PROCESOS Y PROCEDIMIENTOS DE LA OFICINA ASESORA JURIDICA CON MIRAS AL CUMPLIMIENTO DE LAS METAS INSTITUCIONALES.;"Título de PROFESIONAL en NBC: DERECHO Y AFINES Disciplina Académica: DERECHO.

";Quince(15) meses de EXPERIENCIA PROFESIONAL RELACIONADA;15;"Título de PROFESIONAL en NBC: DERECHO Y AFINES Disciplina Académica: DERECHO.

Titulo de postgrado en la modalidad de ESPECIALIZACION EN AREAS RELACIONADAS CON LAS FUNCIONES DEL EMPLEO.

";NO REQUIERE EXPERIENCIA;
252290;REALIZAR ACTIVIDADES RELACIONADAS CON LA INSPECCION, VIGILANCIA Y CONTROL DE PRODUCTOS COMPETENCIA DEL INVIMA, Y DE APOYO A PROCESOS ADMINISTRATIVOS Y OPERATIVOS, PARA EL BUEN FUNCIONAMIENTO DE LA DEPENDENCIA PARTIENDO DE LOS INSUMOS QUE GENERAN LOS GRUPOS DE TRABAJO.;"Título de PROFESIONAL en NBC: BIOLOGIA, MICROBIOLOGIA Y AFINES Disciplina Académica: MICROBIOLOGIA INDUSTRIAL , MICROBIOLOGIA
 ,O, NBC:   INGENIERIA AGROINDUSTRIAL, ALIMENTOS Y AFINES Disciplina Académica: INGENIERIA DE ALIMENTOS
 ,O, NBC:   INGENIERIA QUIMICA Y AFINES Disciplina Académica: INGENIERIA QUIMICA
 ,O, NBC:   MEDICINA VETERINARIA Disciplina Académica: MEDICINA VETERIANARIA Y ZOOTECNIA , MEDICINA VETERINARIA
 ,O, NBC:   QUIMICA Y AFINES Disciplina Académica: QUIMICA DE ALIMENTOS
 ,O, NBC:   ZOOTECNIA Disciplina Académica: ZOOTECNIA.

";Quince(15) meses de EXPERIENCIA PROFESIONAL RELACIONADA;15;"Título de PROFESIONAL en NBC: BIOLOGIA, MICROBIOLOGIA Y AFINES Disciplina Académica: MICROBIOLOGIA INDUSTRIAL , MICROBIOLOGIA
 ,O, NBC:   INGENIERIA AGROINDUSTRIAL, ALIMENTOS Y AFINES Disciplina Académica: INGENIERIA DE ALIMENTOS
 ,O, NBC:   INGENIERIA QUIMICA Y AFINES Disciplina Académica: INGENIERIA QUIMICA
 ,O, NBC:   MEDICINA VETERINARIA Disciplina Académica: MEDICINA VETERIANARIA Y ZOOTECNIA
 ,O, NBC:   QUIMICA Y AFINES Disciplina Académica: QUIMICA DE ALIMENTOS
 ,O, NBC:   ZOOTECNIA Disciplina Académica: ZOOTECNIA.

Titulo de postgrado en la modalidad de ESPECIALIZACION EN AREAS RELACIONADAS CON LAS FUNCIONES DEL EMPLEO.

";NO REQUIERE EXPERIENCIA;
252291;ADELANTAR LOS PROGRAMAS DE CONTROL DE CALIDAD DE ALIMENTOS Y BEBIDAS COMO APOYO A LAS LABORES DE VIGILANCIA Y CONTROL COMPETENCIA DE LA DIRECCION DE ALIMENTOS Y BEBIDAS DE ACUERDO CON LAS NORMAS Y PROCEDIMIENTOS VIGENTES.;"Título de PROFESIONAL en NBC: INGENIERIA AGROINDUSTRIAL, ALIMENTOS Y AFINES
 ,O, NBC:   INGENIERIA QUIMICA Y AFINES
 ,O, NBC:   QUIMICA Y AFINES.

";Treinta(30) meses de EXPERIENCIA PROFESIONAL RELACIONADA;30;"Título de PROFESIONAL en NBC: INGENIERIA AGROINDUSTRIAL, ALIMENTOS Y AFINES
 ,O, NBC:   INGENIERIA QUIMICA Y AFINES
 ,O, NBC:   QUIMICA Y AFINES.

Titulo de postgrado en la modalidad de ESPECIALIZACION EN AREAS RELACIONADAS CON LAS FUNCIONES DEL EMPLEO.

";Seis(6) meses de EXPERIENCIA PROFESIONAL RELACIONADA;6
252293;REALIZAR ACTIVIDADES DE APOYO TECNICO QUE PERMITAN LA INSPECCION, VIGILANCIA Y CONTROL DE LOS PRODUCTOS COMPETENCIA DEL INVIMA, PARA LA FABRICACION DE LOS MISMOS, ASI COMO RESOLVER LAS SOLICITUDES Y REMITIR LOS DOCUMENTOS RELACIONADOS CON LAS ACTIVIDADES MISIONALES DE LA DEPENDENCIA.;"Título de TECNOLOGICA en NBC: BACTERIOLOGIA
 ,O, NBC:   BIOLOGIA, MICROBIOLOGIA Y AFINES
 ,O, NBC:   INGENIERIA AGROINDUSTRIAL, ALIMENTOS Y AFINES
 ,O, NBC:   INGENIERIA AMBIENTAL, SANITARIA Y AFINES
 ,O, NBC:   INGENIERIA BIOMEDICA Y AFINES
 ,O, NBC:   ODONTOLOGIA
 ,O, NBC:   OPTOMETRIA, OTROS PROGRAMAS DE CIENCIAS DE LA SALUD
 ,O, NBC:   QUIMICA Y AFINES.

";Nueve(9) meses de EXPERIENCIA RELACIONADA;9;"Título de BACHILLERATO.

";Cuarenta y cinco(45) meses de EXPERIENCIA RELACIONADA;45
252294;APOYAR Y RECOMENDAR LEGALMENTE EN TODOS LOS ASUNTOS DE COMPETENCIA DE LA DEPENDENCIA Y DE LOS PROGRAMAS DEL INSTITUTO.;"Título de PROFESIONAL en NBC: DERECHO Y AFINES Disciplina Académica: DERECHO.

";Treinta(30) meses de EXPERIENCIA PROFESIONAL RELACIONADA;30;"Título de PROFESIONAL en NBC: DERECHO Y AFINES Disciplina Académica: DERECHO.

Titulo de postgrado en la modalidad de ESPECIALIZACION EN AREAS RELACIONADAS CON LAS FUNCIONES DEL EMPLEO.

";Seis(6) meses de EXPERIENCIA PROFESIONAL RELACIONADA;6
252295;REALIZAR EL ANALISIS MICROBIOLOGICO BASADO EN TECNOLOGIAS Y ESTANDARES INTERNACIONALES, PARA DETERMINAR LA INOCUIDAD DE LOS PRODUCTOS COMPETENCIA DEL INVIMA COMO APOYO A LAS LABORES DE VIGILANCIA Y CONTROL COMPETENCIA DE LA DIRECCION DE ALIMENTOS Y BEBIDAS DE ACUERDO CON LAS NORMAS Y PROCEDIMIENTOS VIGENTES.;"Título de PROFESIONAL en NBC: BACTERIOLOGIA Disciplina Académica: BACTERIOLOGIA
 ,O, NBC:   BIOLOGIA, MICROBIOLOGIA Y AFINES Disciplina Académica: MICROBIOLOGIA , MICROBIOLOGIA INDUSTRIAL.

Titulo de postgrado en la modalidad de ESPECIALIZACION EN AREAS RELACIONADAS CON LAS FUNCIONES DEL EMPLEO.

";Diez y nueve(19) meses de EXPERIENCIA PROFESIONAL RELACIONADA;19;"Título de PROFESIONAL en NBC: BACTERIOLOGIA Disciplina Académica: BACTERIOLOGIA
 ,O, NBC:   BIOLOGIA, MICROBIOLOGIA Y AFINES Disciplina Académica: MICROBIOLOGIA INDUSTRIAL , MICROBIOLOGIA.

";Cuarenta y tres(43) meses de EXPERIENCIA PROFESIONAL RELACIONADA;43
252296;REALIZAR APOYO A LAS ACTIVIDADES RELACIONADAS CON LA EJECUCION DE ACTIVIDADES INSPECCION, VIGILANCIA Y CONTROL DE PRODUCTOS COMPETENCIA DEL INVIMA, APOYO DE PROCESOS ADMINISTRATIVOS Y OPERATIVOS, PARA EL BUEN FUNCIONAMIENTO DE LA DEPENDENCIA PARTIENDO DE LOS INSUMOS QUE GENERAN LOS GRUPOS DE TRABAJO.;"Título de PROFESIONAL en NBC: INGENIERIA AGROINDUSTRIAL, ALIMENTOS Y AFINES Disciplina Académica: INGENIERIA DE ALIMENTOS
 ,O, NBC:   INGENIERIA QUIMICA Y AFINES Disciplina Académica: INGENIERIA QUIMICA
 ,O, NBC:   QUIMICA Y AFINES Disciplina Académica: QUIMICA DE ALIMENTOS.

";Doce(12) meses de EXPERIENCIA PROFESIONAL RELACIONADA;12;"Título de PROFESIONAL en NBC: INGENIERIA AGROINDUSTRIAL, ALIMENTOS Y AFINES Disciplina Académica: INGENIERIA DE ALIMENTOS
 ,O, NBC:   INGENIERIA QUIMICA Y AFINES Disciplina Académica: INGENIERIA QUIMICA
 ,O, NBC:   QUIMICA Y AFINES Disciplina Académica: QUIMICA DE ALIMENTOS.

Titulo de postgrado en la modalidad de ESPECIALIZACION EN AREAS RELACIONADAS CON LAS FUNCIONES DEL EMPLEO.

";NO REQUIERE EXPERIENCIA;
252312;REALIZAR LAS ACTIVIDADES DE LA DEPENDENCIA DEL GRUPO DE LABORATORIO DE PRODUCTOS FARMACEUTICOS Y OTRAS TECNOLOGIAS, TENDIENTES A ASEGURAR LA EJECUCION DE LOS PROGRAMAS DE VIGILANCIA Y CONTROL INCLUIDOS EN LOS PLANES ESTRATEGICOS DEL INSTITUTO.;"Título de PROFESIONAL en NBC: QUIMICA Y AFINES Disciplina Académica: QUIMICA FARMACEUTICA.

Titulo de postgrado en la modalidad de ESPECIALIZACION EN AREAS RELACIONADAS CON LAS FUNCIONES DEL EMPLEO.

";Veinticinco(25) meses de EXPERIENCIA PROFESIONAL RELACIONADA;25;"Título de PROFESIONAL en NBC: QUIMICA Y AFINES Disciplina Académica: QUIMICA FARMACEUTICA.

";Cuarenta y nueve(49) meses de EXPERIENCIA PROFESIONAL RELACIONADA;49
252313;ESTUDIAR LOS ASPECTOS LEGALES DE LAS SOLICITUDES DE TRAMITES ASOCIADOS CON LOS PRODUCTOS COMPETENCIA DE LA DIRECCION DE ALIMENTOS Y BEBIDAS.;"Título de PROFESIONAL en NBC: DERECHO Y AFINES Disciplina Académica: DERECHO.

";Treinta(30) meses de EXPERIENCIA PROFESIONAL RELACIONADA;30;"Título de PROFESIONAL en NBC: DERECHO Y AFINES Disciplina Académica: DERECHO.

Titulo de postgrado en la modalidad de ESPECIALIZACION EN AREAS RELACIONADAS CON LAS FUNCIONES DEL EMPLEO.

";Seis(6) meses de EXPERIENCIA PROFESIONAL RELACIONADA;6
252314;ELABORAR LOS ACTOS ADMINISTRATIVOS RELACIONADOS CON CADA TRAMITE (REGISTRO SANITARIO, MODIFICACION, CERTIFICACION, AUTORIZACION) DE LOS PRODUCTOS VIGILADOS POR EL INSTITUTO, DE ACUERDO CON LAS NORMAS Y PROCEDIMIENTOS VIGENTES.;"Título de PROFESIONAL en NBC: INGENIERIA AGROINDUSTRIAL, ALIMENTOS Y AFINES
 ,O, NBC:   INGENIERIA QUIMICA Y AFINES
 ,O, NBC:   QUIMICA Y AFINES.

";Diez y ocho(18) meses de EXPERIENCIA PROFESIONAL RELACIONADA;18;"Título de PROFESIONAL en NBC: INGENIERIA AGROINDUSTRIAL, ALIMENTOS Y AFINES
 ,O, NBC:   INGENIERIA QUIMICA Y AFINES
 ,O, NBC:   QUIMICA Y AFINES.

Titulo de postgrado en la modalidad de ESPECIALIZACION EN AREAS RELACIONADAS CON LAS FUNCIONES DEL EMPLEO.

";NO REQUIERE EXPERIENCIA;
252315;REALIZAR ACCIONES DE INSPECCION, VIGILANCIA Y CONTROL DE LOS PRODUCTOS COMPETENCIA DEL INSTITUTO, ESTABLECIENDO LA CALIDAD E INOCUIDAD, EN CONCORDANCIA CON LA LEGISLACION SANITARIA, LAS POLITICAS Y DIRECTRICES DEL INSTITUTO, ASI COMO LOS PROCESOS Y PROCEDIMIENTOS VIGENTES.;"Título de PROFESIONAL en NBC: INGENIERIA AGROINDUSTRIAL, ALIMENTOS Y AFINES
 ,O, NBC:   INGENIERIA QUIMICA Y AFINES
 ,O, NBC:   MEDICINA VETERINARIA
 ,O, NBC:   QUIMICA Y AFINES.

";Quince(15) meses de EXPERIENCIA PROFESIONAL RELACIONADA;15;"Título de PROFESIONAL en NBC: INGENIERIA AGROINDUSTRIAL, ALIMENTOS Y AFINES
 ,O, NBC:   INGENIERIA QUIMICA Y AFINES
 ,O, NBC:   MEDICINA VETERINARIA
 ,O, NBC:   QUIMICA Y AFINES.

Titulo de postgrado en la modalidad de ESPECIALIZACION EN AREAS RELACIONADAS CON LAS FUNCIONES DEL EMPLEO.

";NO REQUIERE EXPERIENCIA;
252316;REALIZAR CONTROL DE CALIDAD A LOS ALIMENTOS Y BEBIDAS COMO APOYO A LAS LABORES DE VIGILANCIA Y CONTROL COMPETENCIA DE LA DIRECCION DE ALIMENTOS Y BEBIDAS DE ACUERDO CON LAS NORMAS Y PROCEDIMIENTOS VIGENTES.;"Título de PROFESIONAL en NBC: INGENIERIA AGROINDUSTRIAL, ALIMENTOS Y AFINES
 ,O, NBC:   INGENIERIA QUIMICA Y AFINES
 ,O, NBC:   QUIMICA Y AFINES.

Titulo de postgrado en la modalidad de ESPECIALIZACION EN AREAS RELACIONADAS CON LAS FUNCIONES DEL EMPLEO.

";Siete(7) meses de EXPERIENCIA PROFESIONAL RELACIONADA;7;"Título de PROFESIONAL en NBC: INGENIERIA AGROINDUSTRIAL, ALIMENTOS Y AFINES
 ,O, NBC:   INGENIERIA QUIMICA Y AFINES
 ,O, NBC:   QUIMICA Y AFINES.

";Treinta y uno(31) meses de EXPERIENCIA PROFESIONAL RELACIONADA;31
252317;VERIFICAR EL CUMPLIMIENTO DE LOS REQUISITOS DE CALIDAD E INOCUIDAD DE LOS PRODUCTOS COMPETENCIA DE LA DIRECCION COMO APOYO A LOS PROGRAMAS DE VIGILANCIA Y CONTROL COMPETENCIA DE LA DIRECCION DE ALIMENTOS, DE ACUERDO CON LAS NORMAS Y PROCEDIMIENTOS VIGENTES.;"Título de PROFESIONAL en NBC: BACTERIOLOGIA Disciplina Académica: BACTERIOLOGIA
 ,O, NBC:   BIOLOGIA, MICROBIOLOGIA Y AFINES Disciplina Académica: MICROBIOLOGIA , MICROBIOLOGIA INDUSTRIAL.

Titulo de postgrado en la modalidad de ESPECIALIZACION EN AREAS RELACIONADAS CON LAS FUNCIONES DEL EMPLEO.

";Diez(10) meses de EXPERIENCIA PROFESIONAL RELACIONADA;10;"Título de PROFESIONAL en NBC: BACTERIOLOGIA Disciplina Académica: BACTERIOLOGIA
 ,O, NBC:   BIOLOGIA, MICROBIOLOGIA Y AFINES Disciplina Académica: MICROBIOLOGIA , MICROBIOLOGIA INDUSTRIAL.

";Treinta y cuatro(34) meses de EXPERIENCIA PROFESIONAL RELACIONADA;34
252318;REALIZAR LAS ACTIVIDADES RELACIONADAS CON LA LIQUIDACION DE LAS DEDUCCIONES, ASI COMO LA ELABORACION DE LAS DECLARACIONES TRIBUTARIAS.;"Título de PROFESIONAL en NBC: CONTADURIA PUBLICA.

Titulo de postgrado en la modalidad de ESPECIALIZACION EN AREAS RELACIONADAS CON LAS FUNCIONES DEL EMPLEO.

";Diez y seis(16) meses de EXPERIENCIA PROFESIONAL RELACIONADA;16;"Título de PROFESIONAL en NBC: CONTADURIA PUBLICA.

";Cuarenta(40) meses de EXPERIENCIA PROFESIONAL RELACIONADA;40
252319;REALIZAR ACTIVIDADES DE APOYO ADMINISTRATIVO, CONTABLE, FINANCIERO Y/O PRESUPUESTAL, APLICANDO LOS CONOCIMIENTOS QUE PERMITAN EL MEJORAMIENTO CONTINUO DE LOS PROCESOS ADMINISTRATIVOS Y LA EJECUCION DE LOS PROCEDIMIENTOS DE LA DEPENDENCIA DONDE SE ENCUENTRE UBICADO EL CARGO.;"Título de TECNOLOGICA en NBC: ADMINISTRACION
 ,O, NBC:   CONTADURIA PUBLICA
 ,O, NBC:   DERECHO Y AFINES
 ,O, NBC:   ECONOMIA
 ,O, NBC:   INGENIERIA INDUSTRIAL Y AFINES.

";Nueve(9) meses de EXPERIENCIA RELACIONADA;9;"Título de BACHILLERATO.

";Cuarenta y cinco(45) meses de EXPERIENCIA RELACIONADA;45
252320;PLANEAR LA INSPECCION, VIGILANCIA Y CONTROL DE LOS ESTABLECIMIENTOS COMPETENCIAS DE LA DIRECCION DE MEDICAMENTOS Y PRODUCTOS BIOLOGICOS, PARA GARANTIZAR QUE DICHOS PRODUCTOS CUMPLAN CON LOS PARAMETROS DE CALIDAD ESTABLECIDOS, DE ACUERDO CON LAS NORMAS Y PROCEDIMIENTOS VIGENTES.;"Título de PROFESIONAL en NBC: QUIMICA Y AFINES Disciplina Académica: QUIMICA FARMACEUTICA.

Titulo de postgrado en la modalidad de ESPECIALIZACION EN AREAS RELACIONADAS CON LAS FUNCIONES DEL EMPLEO.

";Diez(10) meses de EXPERIENCIA PROFESIONAL RELACIONADA;10;"Título de PROFESIONAL en NBC: QUIMICA Y AFINES Disciplina Académica: QUIMICA FARMACEUTICA.

";Treinta y cuatro(34) meses de EXPERIENCIA PROFESIONAL RELACIONADA;34
252260;APOYAR LAS ACTIVIDADES INHERENTES A LA ADMINISTRACION DE LOS RECURSOS FISICOS Y PRESTACION DE SERVICIOS ADMINISTRATIVOS: MANTENIMIENTO Y CONSERVACION DE LAS INSTALACIONES, EQUIPOS Y ELEMENTOS DE OFICINA, ASI COMO LA CUSTODIA DE LOS MISMOS.;"Título de TECNOLOGICA en NBC: ADMINISTRACION
 ,O, NBC:   CONTADURIA PUBLICA
 ,O, NBC:   INGENIERIA ADMINISTRATIVA Y AFINES
 ,O, NBC:   INGENIERIA CIVIL Y AFINES
 ,O, NBC:   INGENIERIA ELECTRICA Y AFINES
 ,O, NBC:   INGENIERIA INDUSTRIAL Y AFINES.

";Nueve(9) meses de EXPERIENCIA RELACIONADA;9;"Título de BACHILLERATO.

";Cuarenta y cinco(45) meses de EXPERIENCIA RELACIONADA;45
252261;EVALUAR Y EMITIR CONCEPTOS TECNICO-REGULATORIOS SOBRE MEDICAMENTOS BIOLOGICOS, RADIOFARMACOS, VACUNAS, BIOTECNOLOGICOS, NUEVAS TECNOLOGIAS Y PRODUCTOS INNOVADORES, APLICANDO LA NORMATIVIDAD SANITARIA VIGENTE Y ESTANDARES TECNICOS NACIONALES E INTERNACIONALES, PARA ASEGURAR DECISIONES ADMINISTRATIVAS SOLIDAS Y LEGALES, APOYAR DECISIONES REGULATORIAS BASADAS EN EVIDENCIA Y CONTRIBUIR A LA PROTECCION DE LA SALUD PUBLICA, CONFORME A LOS PROCEDIMIENTOS INSTITUCIONALES.;"Título de PROFESIONAL en NBC: QUIMICA Y AFINES Disciplina Académica: QUIMICA FARMACEUTICA.

";Treinta(30) meses de EXPERIENCIA PROFESIONAL RELACIONADA;30;"Título de PROFESIONAL en NBC: QUIMICA Y AFINES Disciplina Académica: QUIMICA FARMACEUTICA.

Titulo de postgrado en la modalidad de ESPECIALIZACION EN AREAS RELACIONADAS CON LAS FUNCIONES DEL EMPLEO.

";Seis(6) meses de EXPERIENCIA PROFESIONAL RELACIONADA;6
252262;PARTICIPAR EN EL DISENO, EJECUCION, EVALUACION Y CONTROL DEL SISTEMA DE SEGURIDAD Y SALUD EN EL TRABAJO DE CONFORMIDAD CON LAS POLITICAS, PROCEDIMIENTOS Y NORMATIVIDAD LEGAL VIGENTE.;"Título de PROFESIONAL en NBC: ADMINISTRACION
 ,O, NBC:   ENFERMERIA
 ,O, NBC:   INGENIERIA INDUSTRIAL Y AFINES
 ,O, NBC:   MEDICINA
 ,O, NBC:   PSICOLOGIA
 ,O, NBC:   SALUD PUBLICA.

";Treinta(30) meses de EXPERIENCIA PROFESIONAL RELACIONADA;30;"Título de PROFESIONAL en NBC: ADMINISTRACION
 ,O, NBC:   ENFERMERIA
 ,O, NBC:   INGENIERIA INDUSTRIAL Y AFINES
 ,O, NBC:   MEDICINA
 ,O, NBC:   PSICOLOGIA
 ,O, NBC:   SALUD PUBLICA.

Titulo de postgrado en la modalidad de ESPECIALIZACION en NBC: SALUD PUBLICA Disciplina Académica: ESPECIALIZACION EN SEGURIDAD Y SALUD DEL TRABAJO , ESPECIALIZACION EN SALUD OCUPACIONAL.

";Seis(6) meses de EXPERIENCIA PROFESIONAL RELACIONADA;6
252263;REALIZAR ACCIONES DE INSPECCION, VIGILANCIA Y CONTROL DE PRODUCTOS Y MATERIAS PRIMAS DE PRODUCTOS COMPETENCIA DEL INSTITUTO OBJETO DE IMPORTACION O EXPORTACION, DE ACUERDO CON LA NORMATIVIDAD, LOS PROCEDIMIENTOS VIGENTES Y LAS DIRECTRICES DEL INSTITUTO.;"Título de PROFESIONAL en NBC: INGENIERIA AGROINDUSTRIAL, ALIMENTOS Y AFINES Disciplina Académica: INGENIERIA DE ALIMENTOS
 ,O, NBC:   INGENIERIA AGRONOMICA, PECUARIA Y AFINES Disciplina Académica: INGENIERIA PESQUERA
 ,O, NBC:   MEDICINA VETERINARIA Disciplina Académica: MEDICINA VETERINARIA , MEDICINA VETERIANARIA Y ZOOTECNIA
 ,O, NBC:   QUIMICA Y AFINES Disciplina Académica: QUIMICA.

";Quince(15) meses de EXPERIENCIA PROFESIONAL RELACIONADA;15;"Título de PROFESIONAL en NBC: INGENIERIA AGROINDUSTRIAL, ALIMENTOS Y AFINES Disciplina Académica: INGENIERIA DE ALIMENTOS
 ,O, NBC:   INGENIERIA AGRONOMICA, PECUARIA Y AFINES Disciplina Académica: INGENIERIA PESQUERA
 ,O, NBC:   MEDICINA VETERINARIA Disciplina Académica: MEDICINA VETERINARIA , MEDICINA VETERIANARIA Y ZOOTECNIA
 ,O, NBC:   QUIMICA Y AFINES Disciplina Académica: QUIMICA.

Titulo de postgrado en la modalidad de ESPECIALIZACION EN AREAS RELACIONADAS CON LAS FUNCIONES DEL EMPLEO.

";NO REQUIERE EXPERIENCIA;
252264;ATENDER LOS REQUERIMIENTOS Y/O SOLICITUDES DE APOYO TECNOLOGICO A LOS USUARIOS DEL INSTITUTO, ASEGURANDO LA SOLUCION Y OPERACION DEL HARDWARE Y SOFTWARE DE LOS EQUIPOS DE COMPUTO A TRAVES DE LOS ACUERDOS DE SERVICIOS ESTABLECIDOS PARA EL INSTITUTO.;"Título de TECNOLOGICA en NBC: ADMINISTRACION
 ,O, NBC:   INGENIERIA DE SISTEMAS, TELEMATICA Y AFINES
 ,O, NBC:   INGENIERIA ELECTRONICA, TELECOMUNICACIONES Y AFINES.

";Nueve(9) meses de EXPERIENCIA RELACIONADA;9;"Título de BACHILLERATO.

";Cuarenta y cinco(45) meses de EXPERIENCIA RELACIONADA;45
252265;APOYAR EL RECIBO, ORGANIZACION Y SISTEMATIZACION DE LA INFORMACION RELACIONADA CON LAS NOVEDADES, SITUACIONES ADMINISTRATIVAS, SALARIALES Y PRESTACIONALES DE LOS FUNCIONARIOS, DE CONFORMIDAD CON LAS NORMAS LEGALES VIGENTES.;"Título de PROFESIONAL en NBC: ADMINISTRACION
 ,O, NBC:   CONTADURIA PUBLICA
 ,O, NBC:   ECONOMIA
 ,O, NBC:   INGENIERIA INDUSTRIAL Y AFINES.

";Treinta(30) meses de EXPERIENCIA PROFESIONAL RELACIONADA;30;"Título de PROFESIONAL en NBC: ADMINISTRACION
 ,O, NBC:   CONTADURIA PUBLICA
 ,O, NBC:   ECONOMIA
 ,O, NBC:   INGENIERIA INDUSTRIAL Y AFINES.

Titulo de postgrado en la modalidad de ESPECIALIZACION EN AREAS RELACIONADAS CON LAS FUNCIONES DEL EMPLEO.

";Seis(6) meses de EXPERIENCIA PROFESIONAL RELACIONADA;6
252266;GESTIONAR, ARTICULAR Y BRINDAR APOYO TECNICO ESPECIALIZADO PARA LA FORMULACION, IMPLEMENTACION Y SEGUIMIENTO DEL MODELO DE INSPECCION, VIGILANCIA Y CONTROL DE PRODUCTOS Y ESTABLECIMIENTOS DE LA DIRECCION DE MEDICAMENTOS Y PRODUCTOS BIOLOGICOS, APLICANDO CRITERIOS TECNICOS, REGULATORIOS Y DE GESTION DEL RIESGO, PARA GARANTIZAR EL CUMPLIMIENTO NORMATIVO, APOYAR DECISIONES DE INTERVENCION Y PROTEGER LA SALUD PUBLICA.;"Título de PROFESIONAL en NBC: BACTERIOLOGIA Disciplina Académica: BACTERIOLOGIA
 ,O, NBC:   BIOLOGIA, MICROBIOLOGIA Y AFINES Disciplina Académica: MICROBIOLOGIA , MICROBIOLOGIA INDUSTRIAL
 ,O, NBC:   INGENIERIA QUIMICA Y AFINES Disciplina Académica: INGENIERIA QUIMICA
 ,O, NBC:   QUIMICA Y AFINES Disciplina Académica: QUIMICA FARMACEUTICA.

";Treinta(30) meses de EXPERIENCIA PROFESIONAL RELACIONADA;30;"Título de PROFESIONAL en NBC: BACTERIOLOGIA Disciplina Académica: BACTERIOLOGIA
 ,O, NBC:   BIOLOGIA, MICROBIOLOGIA Y AFINES Disciplina Académica: MICROBIOLOGIA , MICROBIOLOGIA INDUSTRIAL
 ,O, NBC:   INGENIERIA QUIMICA Y AFINES Disciplina Académica: INGENIERIA QUIMICA
 ,O, NBC:   QUIMICA Y AFINES Disciplina Académica: QUIMICA FARMACEUTICA.

Titulo de postgrado en la modalidad de ESPECIALIZACION EN AREAS RELACIONADAS CON LAS FUNCIONES DEL EMPLEO.

";Seis(6) meses de EXPERIENCIA PROFESIONAL RELACIONADA;6
252267;REALIZAR ACTIVIDADES DE APOYO RELACIONADAS CON LA EJECUCION ANALITICA EN EL GRUPO DE LABORATORIO DE ORGANISMOS GENETICAMENTE MODIFICADOS DE ACUERDO CON LOS PROCEDIMIENTOS VIGENTES.;"Título de TECNOLOGICA en NBC: BIOLOGIA, MICROBIOLOGIA Y AFINES
 ,O, NBC:   INGENIERIA QUIMICA Y AFINES
 ,O, NBC:   QUIMICA Y AFINES.

";Nueve(9) meses de EXPERIENCIA RELACIONADA;9;"Título de BACHILLERATO.

";Cuarenta y cinco(45) meses de EXPERIENCIA RELACIONADA;45
252230;EJECUTAR LAS ACTIVIDADES DE INSPECCION, VIGILANCIA Y CONTROL SOBRE LOS PRODUCTOS QUE SON COMPETENCIA DEL INVIMA, MEDIANTE LA GESTION DE RELACIONADOS CON AUTORIZACIONES, REGISTROS Y/O LICENCIAS DE IMPORTACION Y EXPORTACION, ASI COMO PROCESOS DE INSPECCION Y CERTIFICACION, UTILIZANDO LOS MEDIOS DISPONIBLES POR LA ENTIDAD Y EN CUMPLIMIENTO DE LA LEGISLACION SANITARIA, LOS PROCEDIMIENTOS, POLITICAS Y DIRECTRICES DEL INSTITUTO.;"Título de PROFESIONAL en NBC: BACTERIOLOGIA Disciplina Académica: BACTERIOLOGIA
 ,O, NBC:   BIOLOGIA, MICROBIOLOGIA Y AFINES Disciplina Académica: MICROBIOLOGIA
 ,O, NBC:   INGENIERIA AGROINDUSTRIAL, ALIMENTOS Y AFINES Disciplina Académica: INGENIERIA DE ALIMENTOS
 ,O, NBC:   INGENIERIA BIOMEDICA Y AFINES Disciplina Académica: BIOINGENIERIA , INGENIERIA BIOMEDICA
 ,O, NBC:   INGENIERIA QUIMICA Y AFINES Disciplina Académica: INGENIERIA QUIMICA
 ,O, NBC:   ODONTOLOGIA Disciplina Académica: ODONTOLOGIA
 ,O, NBC:   OPTOMETRIA, OTROS PROGRAMAS DE CIENCIAS DE LA SALUD Disciplina Académica: OPTOMETRIA
 ,O, NBC:   QUIMICA Y AFINES Disciplina Académica: QUIMICA FARMACEUTICA.

";Treinta(30) meses de EXPERIENCIA PROFESIONAL RELACIONADA;30;"Título de PROFESIONAL en NBC: BACTERIOLOGIA Disciplina Académica: BACTERIOLOGIA
 ,O, NBC:   BIOLOGIA, MICROBIOLOGIA Y AFINES Disciplina Académica: MICROBIOLOGIA
 ,O, NBC:   INGENIERIA AGROINDUSTRIAL, ALIMENTOS Y AFINES Disciplina Académica: INGENIERIA DE ALIMENTOS
 ,O, NBC:   INGENIERIA BIOMEDICA Y AFINES Disciplina Académica: INGENIERIA BIOMEDICA , BIOINGENIERIA
 ,O, NBC:   INGENIERIA QUIMICA Y AFINES Disciplina Académica: INGENIERIA QUIMICA
 ,O, NBC:   ODONTOLOGIA Disciplina Académica: ODONTOLOGIA
 ,O, NBC:   OPTOMETRIA, OTROS PROGRAMAS DE CIENCIAS DE LA SALUD Disciplina Académica: OPTOMETRIA
 ,O, NBC:   QUIMICA Y AFINES Disciplina Académica: QUIMICA FARMACEUTICA.

Titulo de postgrado en la modalidad de ESPECIALIZACION EN AREAS RELACIONADAS CON LAS FUNCIONES DEL EMPLEO.

";Seis(6) meses de EXPERIENCIA PROFESIONAL RELACIONADA;6
252232;IMPLEMENTAR LAS METODOLOGIAS Y LOS PROCEDIMIENTOS QUE PERMITAN EMITIR CONCEPTOS SOBRE EL CUMPLIMIENTO DE ESPECIFICACIONES Y REQUERIMIENTOS QUE GARANTICEN LA CALIDAD DE LOS PRODUCTOS COSMETICOS, DE HIGIENE DOMESTICA, ABSORBENTES DE HIGIENE PERSONAL Y PLAGUICIDAS DE USO DOMESTICO, VERIFICANDO EL CUMPLIMIENTO DE LA NORMATIVIDAD SANITARIA LEGAL VIGENTE.;"Título de PROFESIONAL en NBC: BIOLOGIA, MICROBIOLOGIA Y AFINES
 ,O, NBC:   INGENIERIA QUIMICA Y AFINES
 ,O, NBC:   QUIMICA Y AFINES.

";Treinta(30) meses de EXPERIENCIA PROFESIONAL RELACIONADA;30;"Título de PROFESIONAL en NBC: BIOLOGIA, MICROBIOLOGIA Y AFINES
 ,O, NBC:   INGENIERIA QUIMICA Y AFINES
 ,O, NBC:   QUIMICA Y AFINES.

Titulo de postgrado en la modalidad de ESPECIALIZACION EN AREAS RELACIONADAS CON LAS FUNCIONES DEL EMPLEO.

";Seis(6) meses de EXPERIENCIA PROFESIONAL RELACIONADA;6
252233;DESARROLLAR ACTIVIDADES DEL LABORATORIO FISICOQUIMICO DE PRODUCTOS FARMACEUTICOS Y OTRAS TECNOLOGIAS, CON EL FIN DE VERIFICAR EL CUMPLIMIENTO DE ESPECIFICACIONES Y REQUERIMIENTOS DE CALIDAD FISICOQUIMICOS DE PRODUCTOS FARMACEUTICOS, BIOLOGICOS DE USO HUMANO Y COSMETICOS, SEGUN LAS NORMAS, ESTANDARES Y PROCEDIMIENTOS VIGENTES.;"Título de PROFESIONAL en NBC: QUIMICA Y AFINES Disciplina Académica: QUIMICA , QUIMICA FARMACEUTICA.

";Doce(12) meses de EXPERIENCIA PROFESIONAL RELACIONADA;12;"Título de PROFESIONAL en NBC: QUIMICA Y AFINES Disciplina Académica: QUIMICA , QUIMICA FARMACEUTICA.

Titulo de postgrado en la modalidad de ESPECIALIZACION EN AREAS RELACIONADAS CON LAS FUNCIONES DEL EMPLEO.

";NO REQUIERE EXPERIENCIA;
252234;APOYAR Y RECOMENDAR LEGALMENTE EN TODOS LOS ASUNTOS DE COMPETENCIA DE LA DEPENDENCIA Y DE LOS PROGRAMAS DEL INSTITUTO.;"Título de PROFESIONAL en NBC: DERECHO Y AFINES Disciplina Académica: DERECHO.

";Doce(12) meses de EXPERIENCIA PROFESIONAL RELACIONADA;12;"Título de PROFESIONAL en NBC: DERECHO Y AFINES Disciplina Académica: DERECHO.

Titulo de postgrado en la modalidad de ESPECIALIZACION EN AREAS RELACIONADAS CON LAS FUNCIONES DEL EMPLEO.

";NO REQUIERE EXPERIENCIA;
252235;"PARTICIPAR EN LA IMPLEMENTACION Y EJECUCION DE METODOLOGIAS, HERRAMIENTAS, CONTROLES Y PROCEDIMIENTOS QUE PERMITAN EMITIR CONCEPTOS ACERCA DEL CUMPLIMIENTO DE LAS METAS QUE ESTAN PREVISTAS POR LA DIRECCION DE COSMETICOS, ASEO, PLAGUICIDAS Y PRODUCTOS DE HIGIENE DOMESTICA, CONDUCENTES A LA TOMA DE DECISIONES PARA CONCRETAR LOS OBJETIVOS PROPUESTOS, SEGUN LAS NORMAS, ESTANDARES Y PROCESOS ADMINISTRATIVOS VIGENTES QUE
REGULEN LA MATERIA.";"Título de PROFESIONAL en NBC: ADMINISTRACION
 ,O, NBC:   ECONOMIA
 ,O, NBC:   INGENIERIA INDUSTRIAL Y AFINES.

";Quince(15) meses de EXPERIENCIA PROFESIONAL RELACIONADA;15;"Título de PROFESIONAL en NBC: ADMINISTRACION
 ,O, NBC:   ECONOMIA
 ,O, NBC:   INGENIERIA INDUSTRIAL Y AFINES.

Titulo de postgrado en la modalidad de ESPECIALIZACION EN AREAS RELACIONADAS CON LAS FUNCIONES DEL EMPLEO.

";NO REQUIERE EXPERIENCIA;
252231;"REALIZAR ACTIVIDADES DE INSPECCION VIGILANCIA Y CONTROL DE PLANTAS DE BENEFICIO DE ANIMALES DE ABASTO PUBLICO, DE DESPOSTES, DE DESPRESE Y ACONDICIONADORES; PARA LA PROTECCION DE LA SALUD DE LA POBLACION DE CONFORMIDAD CON LA LEGISLACION Y PROCEDIMIENTOS VIGENTES.";"Título de PROFESIONAL en NBC: MEDICINA VETERINARIA Disciplina Académica: MEDICINA VETERINARIA , MEDICINA VETERIANARIA Y ZOOTECNIA.

";Treinta(30) meses de EXPERIENCIA PROFESIONAL RELACIONADA;30;"Título de PROFESIONAL en NBC: MEDICINA VETERINARIA Disciplina Académica: MEDICINA VETERIANARIA Y ZOOTECNIA , MEDICINA VETERINARIA.

Titulo de postgrado en la modalidad de ESPECIALIZACION EN AREAS RELACIONADAS CON LAS FUNCIONES DEL EMPLEO.

";Seis(6) meses de EXPERIENCIA PROFESIONAL RELACIONADA;6
252236;REALIZAR ACTIVIDADES DE APOYO QUE PERMITAN LA INSPECCION, VIGILANCIA Y CONTROL DE ALIMENTOS Y MATERIAS PRIMAS PARA LA FABRICACION DE ESTOS, SEGUN SEA EL CASO, EN CONCORDANCIA CON LA LEGISLACION Y PROCEDIMIENTOS VIGENTES Y LAS POLITICAS Y DIRECTRICES DEL INSTITUTO.;"Título de TECNOLOGICA en NBC: INGENIERIA AGROINDUSTRIAL, ALIMENTOS Y AFINES
 ,O, NBC:   INGENIERIA AMBIENTAL, SANITARIA Y AFINES
 ,O, NBC:   INGENIERIA QUIMICA Y AFINES
 ,O, NBC:   MEDICINA VETERINARIA
 ,O, NBC:   QUIMICA Y AFINES.

";Nueve(9) meses de EXPERIENCIA RELACIONADA;9;"Título de BACHILLERATO.

";Cuarenta y cinco(45) meses de EXPERIENCIA RELACIONADA;45
252237;CUMPLIR CON LOS PROCESOS Y PROCEDIMIENTOS DE LA OFICINA ASESORA JURIDICA CON MIRAS AL CUMPLIMIENTO DE LAS METAS INSTITUCIONALES.;"Título de PROFESIONAL en NBC: DERECHO Y AFINES Disciplina Académica: DERECHO.

";Treinta(30) meses de EXPERIENCIA PROFESIONAL RELACIONADA;30;"Título de PROFESIONAL en NBC: DERECHO Y AFINES Disciplina Académica: DERECHO.

Titulo de postgrado en la modalidad de ESPECIALIZACION EN AREAS RELACIONADAS CON LAS FUNCIONES DEL EMPLEO.

";Seis(6) meses de EXPERIENCIA PROFESIONAL RELACIONADA;6
252238;VERIFICAR EL CUMPLIMIENTO DE LA NORMATIVIDAD SANITARIA VIGENTE RELACIONADA CON LA EXPEDICION DE LOS REGISTROS SANITARIOS DE LOS PRODUCTOS COMPETENCIA DE LA DIRECCION DE DISPOSITIVOS MEDICOS Y OTRAS TECNOLOGIAS.;"Título de PROFESIONAL en NBC: BACTERIOLOGIA
 ,O, NBC:   ENFERMERIA
 ,O, NBC:   INGENIERIA BIOMEDICA Y AFINES
 ,Y, NBC:   INGENIERIA QUIMICA Y AFINES
 ,O, NBC:   INSTRUMENTACION QUIRURGICA
 ,O, NBC:   ODONTOLOGIA.

";Treinta(30) meses de EXPERIENCIA PROFESIONAL RELACIONADA;30;"Título de PROFESIONAL en NBC: BACTERIOLOGIA
 ,O, NBC:   ENFERMERIA
 ,O, NBC:   INGENIERIA BIOMEDICA Y AFINES
 ,O, NBC:   INGENIERIA QUIMICA Y AFINES
 ,O, NBC:   INSTRUMENTACION QUIRURGICA
 ,O, NBC:   ODONTOLOGIA.

Titulo de postgrado en la modalidad de ESPECIALIZACION EN AREAS RELACIONADAS CON LAS FUNCIONES DEL EMPLEO.

";Seis(6) meses de EXPERIENCIA PROFESIONAL RELACIONADA;6
252239;REALIZAR INSPECCION, VIGILANCIA Y CONTROL DE PRODUCTOS COMPETENCIA DEL INVIMA SEGUN SEA EL CASO, EN CONCORDANCIA CON LA LEGISLACION SANITARIA, LOS PROCEDIMIENTOS, LAS POLITICAS Y DIRECTRICES DEL INSTITUTO.;"Título de PROFESIONAL en NBC: BACTERIOLOGIA Disciplina Académica: BACTERIOLOGIA Y LABORATORIO CLINICO , BACTERIOLOGIA
 ,O, NBC:   INGENIERIA BIOMEDICA Y AFINES Disciplina Académica: INGENIERIA BIOMEDICA
 ,O, NBC:   INGENIERIA QUIMICA Y AFINES Disciplina Académica: INGENIERIA QUIMICA
 ,O, NBC:   ODONTOLOGIA Disciplina Académica: ODONTOLOGIA
 ,O, NBC:   OPTOMETRIA, OTROS PROGRAMAS DE CIENCIAS DE LA SALUD Disciplina Académica: OPTOMETRIA
 ,O, NBC:   QUIMICA Y AFINES Disciplina Académica: QUIMICA , QUIMICA FARMACEUTICA.

";Treinta(30) meses de EXPERIENCIA PROFESIONAL RELACIONADA;30;"Título de PROFESIONAL en NBC: BACTERIOLOGIA Disciplina Académica: BACTERIOLOGIA , BACTERIOLOGIA Y LABORATORIO CLINICO
 ,O, NBC:   INGENIERIA BIOMEDICA Y AFINES Disciplina Académica: INGENIERIA BIOMEDICA
 ,O, NBC:   INGENIERIA QUIMICA Y AFINES Disciplina Académica: INGENIERIA QUIMICA
 ,O, NBC:   ODONTOLOGIA Disciplina Académica: ODONTOLOGIA
 ,O, NBC:   OPTOMETRIA, OTROS PROGRAMAS DE CIENCIAS DE LA SALUD Disciplina Académica: OPTOMETRIA
 ,O, NBC:   QUIMICA Y AFINES Disciplina Académica: QUIMICA , QUIMICA FARMACEUTICA.

";Seis(6) meses de EXPERIENCIA PROFESIONAL RELACIONADA;6
252245;REALIZAR ACTIVIDADES DE APOYO Y ASISTENCIA ADMINISTRATIVA EN EL TRAMITE Y EJECUCION DE LOS PROCESOS LLEVADOS A CABO EN LA DEPENDENCIA, DE ACUERDO CON LAS DISPOSICIONES LEGALES, REGLAMENTARIAS Y PROCEDIMIENTOS VIGENTES.;"Aprobación de Cinco(5) Años  de BACHILLERATO.

";Seis(6) meses de EXPERIENCIA LABORAL;6;;;
252247;EVALUAR Y VERIFICAR EL CUMPLIMIENTO DE LOS REQUISITOS DE CALIDAD, SEGURIDAD Y EFICACIA DE LOS PRODUCTOS COMPETENCIA DE LA DIRECCION DE MEDICAMENTOS Y PRODUCTOS BIOLOGICOS, CON EL FIN DE GARANTIZAR SU APTITUD PARA EL CONSUMO HUMANO, DE ACUERDO CON LAS NORMAS Y PROCEDIMIENTOS VIGENTES.;"Título de PROFESIONAL en NBC: QUIMICA Y AFINES Disciplina Académica: QUIMICA FARMACEUTICA.

";Treinta(30) meses de EXPERIENCIA PROFESIONAL RELACIONADA;30;"Título de PROFESIONAL en NBC: QUIMICA Y AFINES Disciplina Académica: QUIMICA FARMACEUTICA.

Titulo de postgrado en la modalidad de ESPECIALIZACION EN AREAS RELACIONADAS CON LAS FUNCIONES DEL EMPLEO.

";Seis(6) meses de EXPERIENCIA PROFESIONAL RELACIONADA;6
252248;DESARROLLAR ACTIVIDADES DEL GRUPO LABORATORIO PRODUCTOS FARMACEUTICOS Y OTRAS TECNOLOGIAS, EN EL DESARROLLO DE LAS ACTIVIDADES TECNICAS Y ADMINISTRATIVAS SEGUN LAS NORMAS, ESTANDARES Y PROCEDIMIENTOS VIGENTES.;"Aprobación de Tres(3) Años  de BACHILLERATO.

";Seis(6) meses de EXPERIENCIA LABORAL;6;;;
252249;EJECUTAR ACTIVIDADES INSPECCION, VIGILANCIA Y CONTROL DE PRODUCTOS COMPETENCIA DEL INVIMA, PROCESOS ADMINISTRATIVOS Y OPERATIVOS PARA EL BUEN FUNCIONAMIENTO DE LA DEPENDENCIA PARTIENDO DE LOS INSUMOS QUE GENERAN LOS GRUPOS DE TRABAJO.;"Título de PROFESIONAL en NBC: MEDICINA VETERINARIA Disciplina Académica: MEDICINA VETERINARIA Y ZOOTECNIA , MEDICINA VETERINARIA.

";Treinta(30) meses de EXPERIENCIA PROFESIONAL RELACIONADA;30;"Título de PROFESIONAL en NBC: MEDICINA VETERINARIA Disciplina Académica: MEDICINA VETERINARIA Y ZOOTECNIA , MEDICINA VETERINARIA.

Titulo de postgrado en la modalidad de ESPECIALIZACION EN AREAS RELACIONADAS CON LAS FUNCIONES DEL EMPLEO.

";Seis(6) meses de EXPERIENCIA PROFESIONAL RELACIONADA;6
252250;REALIZAR LAS ACTIVIDADES REQUERIDAS DE ARTICULACION Y COORDINACION CON LAS ENTIDADES TERRITORIALES DE SALUD Y FORMULAR, DESARROLLAR, HACER SEGUIMIENTO Y EVALUACION A LOS PLANES, PROGRAMAS Y PROYECTOS DE INSPECCION, VIGILANCIA Y CONTROL DE RIESGO QUE AFECTAN LA INOCUIDAD DE LOS ALIMENTOS.;"Título de PROFESIONAL en NBC: INGENIERIA AGROINDUSTRIAL, ALIMENTOS Y AFINES
 ,O, NBC:   INGENIERIA QUIMICA Y AFINES
 ,O, NBC:   MEDICINA VETERINARIA.

";Treinta(30) meses de EXPERIENCIA PROFESIONAL RELACIONADA;30;"Título de PROFESIONAL en NBC: INGENIERIA AGROINDUSTRIAL, ALIMENTOS Y AFINES
 ,O, NBC:   INGENIERIA QUIMICA Y AFINES
 ,O, NBC:   MEDICINA VETERINARIA.

Titulo de postgrado en la modalidad de ESPECIALIZACION EN AREAS RELACIONADAS CON LAS FUNCIONES DEL EMPLEO.

";Seis(6) meses de EXPERIENCIA PROFESIONAL RELACIONADA;6
252251;"RESPONDER POR QUE LOS REACTIVOS E INSUMOS ESTEN DISPONIBLES EN CALIDAD Y CANTIDAD SUFICIENTE PARA LA REALIZACION DE LOS ANALISIS FISICOQUIMICOS DE ALIMENTOS Y BEBIDAS; PRESTAR APOYO TECNICO EN LAS ACTIVIDADES PROPIAS DE LA DEPENDENCIA, CUMPLIENDO CON LOS REQUERIMIENTOS ESTABLECIDOS EN LAS NORMAS Y PROCEDIMIENTOS VIGENTES.";"Aprobación de Tres(3) Años  de BACHILLERATO.

";Seis(6) meses de EXPERIENCIA LABORAL;6;;;
252252;REALIZAR ACTIVIDADES DE APOYO ADMINISTRATIVO A LA GESTION, APLICANDO LOS CONOCIMIENTOS QUE PERMITAN EL MEJORAMIENTO CONTINUO DE LOS PROCESOS Y LA EJECUCION DE LOS PROCEDIMIENTOS DE LA DEPENDENCIA DONDE SE ENCUENTRE UBICADO EL CARGO.;"Título de TECNOLOGICA en NBC: ADMINISTRACION
 ,O, NBC:   BIOLOGIA, MICROBIOLOGIA Y AFINES
 ,O, NBC:   INGENIERIA AGROINDUSTRIAL, ALIMENTOS Y AFINES
 ,O, NBC:   INGENIERIA AMBIENTAL, SANITARIA Y AFINES
 ,O, NBC:   INGENIERIA BIOMEDICA Y AFINES
 ,O, NBC:   INGENIERIA QUIMICA Y AFINES
 ,O, NBC:   ODONTOLOGIA
 ,O, NBC:   OPTOMETRIA, OTROS PROGRAMAS DE CIENCIAS DE LA SALUD
 ,O, NBC:   QUIMICA Y AFINES.

";Nueve(9) meses de EXPERIENCIA RELACIONADA;9;"Título de BACHILLERATO.

";Cuarenta y cinco(45) meses de EXPERIENCIA RELACIONADA;45
252253;REALIZAR ACTIVIDADES DE APOYO Y ASISTENCIA ADMINISTRATIVA EN EL TRAMITE Y EJECUCION DE LOS PROCESOS LLEVADOS A CABO EN LA DEPENDENCIA, DE ACUERDO CON LAS DISPOSICIONES LEGALES, REGLAMENTARIAS Y PROCEDIMIENTOS VIGENTES.;"Título de BACHILLERATO.

";Veinticinco(25) meses de EXPERIENCIA LABORAL;25;;;
252254;REALIZAR ACTIVIDADES DE INSPECCION, VIGILANCIA Y CONTROL (IVC) DE PRODUCTOS Y MATERIAS PRIMAS, INCLUIDOS ALIMENTOS Y BEBIDAS, QUE SEAN COMPETENCIA DEL INVIMA Y QUE ESTEN SUJETOS A PROCESOS DE IMPORTACION O EXPORTACION, EN PUERTOS, AEROPUERTOS O PASOS FRONTERIZOS, SEGUN CORRESPONDA, EN CUMPLIMIENTO DE LA LEGISLACION SANITARIA VIGENTE, LOS PROCEDIMIENTOS, POLITICAS Y DIRECTRICES ESTABLECIDAS POR EL INSTITUTO;"Título de PROFESIONAL en NBC: MEDICINA VETERINARIA Disciplina Académica: MEDICINA VETERINARIA , MEDICINA VETERINARIA Y ZOOTECNIA.

";Treinta(30) meses de EXPERIENCIA PROFESIONAL RELACIONADA;30;"Título de PROFESIONAL en NBC: MEDICINA VETERINARIA Disciplina Académica: MEDICINA VETERINARIA Y ZOOTECNIA , MEDICINA VETERINARIA.

Titulo de postgrado en la modalidad de ESPECIALIZACION EN AREAS RELACIONADAS CON LAS FUNCIONES DEL EMPLEO.

";Seis(6) meses de EXPERIENCIA PROFESIONAL RELACIONADA;6
252255;EJECUTAR EL SEGUIMIENTO A LOS PROGRAMAS DE VIGILANCIA POST-COMERCIALIZACION, DE LOS MEDICAMENTOS, CON EL FIN DE GARANTIZAR SU EFICACIA Y SEGURIDAD PARA EL CONSUMO HUMANO, EL USO ADECUADO Y EL CONTROL SANITARIO CONFORME A LA NORMA Y PROCEDIMIENTOS VIGENTES.;"Título de PROFESIONAL en NBC: QUIMICA Y AFINES Disciplina Académica: QUIMICA FARMACEUTICA.

";Treinta(30) meses de EXPERIENCIA PROFESIONAL RELACIONADA;30;"Título de PROFESIONAL en NBC: QUIMICA Y AFINES Disciplina Académica: QUIMICA FARMACEUTICA.

Titulo de postgrado en la modalidad de ESPECIALIZACION EN AREAS RELACIONADAS CON LAS FUNCIONES DEL EMPLEO.

";Seis(6) meses de EXPERIENCIA PROFESIONAL RELACIONADA;6
252256;VERIFICAR EL CUMPLIMIENTO DE REQUISITOS DE LOS TRAMITES ASOCIADOS A LOS PRODUCTOS QUE SON COMPETENCIA DEL INVIMA, CON EL FIN DE GARANTIZAR SU APTITUD PARA EL CONSUMO HUMANO, DE ACUERDO CON LAS NORMAS Y PROCEDIMIENTOS VIGENTES.;"Título de PROFESIONAL en NBC: INGENIERIA AGROINDUSTRIAL, ALIMENTOS Y AFINES
 ,O, NBC:   INGENIERIA QUIMICA Y AFINES
 ,O, NBC:   QUIMICA Y AFINES.

";Treinta(30) meses de EXPERIENCIA PROFESIONAL RELACIONADA;30;"Título de PROFESIONAL en NBC: INGENIERIA AGROINDUSTRIAL, ALIMENTOS Y AFINES
 ,O, NBC:   INGENIERIA QUIMICA Y AFINES
 ,O, NBC:   QUIMICA Y AFINES.

Titulo de postgrado en la modalidad de ESPECIALIZACION EN AREAS RELACIONADAS CON LAS FUNCIONES DEL EMPLEO.

";Seis(6) meses de EXPERIENCIA PROFESIONAL RELACIONADA;6
252246;REALIZAR INSPECCION, VIGILANCIA Y CONTROL DE PRODUCTOS COMPETENCIA DEL INVIMA EN CONCORDANCIA CON LA LEGISLACION SANITARIA, LOS PROCEDIMIENTOS, LAS POLITICAS Y DIRECTRICES DEL INSTITUTO.;"Título de PROFESIONAL en NBC: BIOLOGIA, MICROBIOLOGIA Y AFINES Disciplina Académica: MICROBIOLOGIA , MICROBIOLOGIA INDUSTRIAL
 ,O, NBC:   INGENIERIA AGROINDUSTRIAL, ALIMENTOS Y AFINES Disciplina Académica: INGENIERIA DE ALIMENTOS
 ,O, NBC:   INGENIERIA QUIMICA Y AFINES Disciplina Académica: INGENIERIA QUIMICA
 ,O, NBC:   MEDICINA VETERINARIA Disciplina Académica: MEDICINA VETERIANARIA Y ZOOTECNIA , MEDICINA VETERINARIA
 ,O, NBC:   QUIMICA Y AFINES Disciplina Académica: QUIMICA DE ALIMENTOS
 ,O, NBC:   ZOOTECNIA Disciplina Académica: ZOOTECNIA.

";Treinta(30) meses de EXPERIENCIA PROFESIONAL RELACIONADA;30;"Título de PROFESIONAL en NBC: BIOLOGIA, MICROBIOLOGIA Y AFINES Disciplina Académica: MICROBIOLOGIA INDUSTRIAL , MICROBIOLOGIA
 ,O, NBC:   INGENIERIA AGROINDUSTRIAL, ALIMENTOS Y AFINES Disciplina Académica: INGENIERIA DE ALIMENTOS
 ,O, NBC:   INGENIERIA QUIMICA Y AFINES Disciplina Académica: INGENIERIA QUIMICA
 ,O, NBC:   MEDICINA VETERINARIA Disciplina Académica: MEDICINA VETERINARIA Y ZOOTECNIA , MEDICINA VETERINARIA
 ,O, NBC:   QUIMICA Y AFINES Disciplina Académica: QUIMICA DE ALIMENTOS
 ,O, NBC:   ZOOTECNIA Disciplina Académica: ZOOTECNIA.

Titulo de postgrado en la modalidad de ESPECIALIZACION EN AREAS RELACIONADAS CON LAS FUNCIONES DEL EMPLEO.

";Seis(6) meses de EXPERIENCIA PROFESIONAL RELACIONADA;6
252257;REALIZAR ACTIVIDADES TECNICAS Y OPERATIVAS QUE PERMITA LA INSPECCION, VIGILANCIA Y CONTROL DE ALIMENTOS Y MATERIAS PRIMAS OBJETO DE IMPORTACION O EXPORTACION EN EL PUERTO, AEROPUERTO O PASO FRONTERIZO SEGUN SEA EL CASO, APLICANDO LA LEGISLACION Y PROCEDIMIENTOS VIGENTES SEGUN DIRECTRICES DE LA ENTIDAD.;"Título de TECNOLOGICA en NBC: BACTERIOLOGIA
 ,O, NBC:   BIOLOGIA, MICROBIOLOGIA Y AFINES
 ,O, NBC:   INGENIERIA AGROINDUSTRIAL, ALIMENTOS Y AFINES
 ,O, NBC:   INGENIERIA AMBIENTAL, SANITARIA Y AFINES
 ,O, NBC:   INGENIERIA QUIMICA Y AFINES
 ,O, NBC:   MEDICINA VETERINARIA
 ,O, NBC:   QUIMICA Y AFINES
 ,O, NBC:   ZOOTECNIA.

";Nueve(9) meses de EXPERIENCIA RELACIONADA;9;"Título de BACHILLERATO.

";Cuarenta y cinco(45) meses de EXPERIENCIA RELACIONADA;45
252258;REALIZAR ACTIVIDADES DE INSPECCION, VIGILANCIA Y CONTROL (IVC) DE PRODUCTOS Y MATERIAS PRIMAS, INCLUIDOS ALIMENTOS Y BEBIDAS, QUE SEAN COMPETENCIA DEL INVIMA Y QUE ESTEN SUJETOS A PROCESOS DE IMPORTACION O EXPORTACION, EN PUERTOS, AEROPUERTOS O PASOS FRONTERIZOS, SEGUN CORRESPONDA, EN CUMPLIMIENTO DE LA LEGISLACION SANITARIA VIGENTE, LOS PROCEDIMIENTOS, POLITICAS Y DIRECTRICES ESTABLECIDAS POR EL INSTITUTO;"Título de PROFESIONAL en NBC: BIOLOGIA, MICROBIOLOGIA Y AFINES Disciplina Académica: MICROBIOLOGIA INDUSTRIAL , MICROBIOLOGIA
 ,O, NBC:   INGENIERIA AGROINDUSTRIAL, ALIMENTOS Y AFINES Disciplina Académica: INGENIERIA AGROINDUSTRIAL , INGENIERIA DE ALIMENTOS
 ,O, NBC:   INGENIERIA AGRONOMICA, PECUARIA Y AFINES Disciplina Académica: INGENIERIA PESQUERA
 ,O, NBC:   INGENIERIA QUIMICA Y AFINES Disciplina Académica: INGENIERIA QUIMICA.

";Treinta(30) meses de EXPERIENCIA PROFESIONAL RELACIONADA;30;"Título de PROFESIONAL en NBC: BIOLOGIA, MICROBIOLOGIA Y AFINES Disciplina Académica: MICROBIOLOGIA INDUSTRIAL , MICROBIOLOGIA
 ,O, NBC:   INGENIERIA AGROINDUSTRIAL, ALIMENTOS Y AFINES Disciplina Académica: INGENIERIA AGROINDUSTRIAL , INGENIERIA DE ALIMENTOS
 ,O, NBC:   INGENIERIA AGRONOMICA, PECUARIA Y AFINES Disciplina Académica: INGENIERIA PESQUERA
 ,O, NBC:   INGENIERIA QUIMICA Y AFINES Disciplina Académica: INGENIERIA QUIMICA.

Titulo de postgrado en la modalidad de ESPECIALIZACION EN AREAS RELACIONADAS CON LAS FUNCIONES DEL EMPLEO.

";Seis(6) meses de EXPERIENCIA PROFESIONAL RELACIONADA;6
252270;PROPONER EL DESARROLLO DE POLITICAS, PLANES, PROGRAMAS, PROYECTOS Y PROCEDIMIENTOS RELACIONADOS CON LA GESTION E IMPLEMENTACION DE LOS PROCESOS DE INSPECCION, VIGILANCIA Y CONTROL DE RIESGOS QUE AFECTAN LA INOCUIDAD DE LOS ALIMENTOS, ESPECIALMENTE DE LAS CADENAS DE FRUTAS Y DE OTROS VEGETALES COMPETENCIA DE LA DIRECCION DE ALIMENTOS Y BEBIDAS, DE ACUERDO CON LAS NORMAS Y PROCEDIMIENTOS VIGENTES.;"Título de PROFESIONAL en NBC: INGENIERIA AGROINDUSTRIAL, ALIMENTOS Y AFINES
 ,O, NBC:   INGENIERIA QUIMICA Y AFINES
 ,O, NBC:   QUIMICA Y AFINES.

Titulo de postgrado en la modalidad de ESPECIALIZACION EN AREAS RELACIONADAS CON LAS FUNCIONES DEL EMPLEO.

";Diez y seis(16) meses de EXPERIENCIA PROFESIONAL RELACIONADA;16;"Título de PROFESIONAL en NBC: INGENIERIA AGROINDUSTRIAL, ALIMENTOS Y AFINES
 ,O, NBC:   INGENIERIA QUIMICA Y AFINES
 ,O, NBC:   QUIMICA Y AFINES.

";Cuarenta(40) meses de EXPERIENCIA PROFESIONAL RELACIONADA;40
252271;VERIFICAR EL CUMPLIMIENTO DE LOS REQUISITOS LEGALES Y PROCEDIMENTALES DE LOS PRODUCTOS COMPETENCIA DE LA DIRECCION DE MEDICAMENTOS Y PRODUCTOS BIOLOGICOS, CON LA FINALIDAD DE GARANTIZAR LA LEGALIDAD DE LAS ACTUACIONES ADMINISTRATIVAS, APOYAR LAS DECISIONES REGULATORIAS Y CONTRIBUIR A LA PROTECCION DE LA SALUD PUBLICA, CONFORME AL MARCO JURIDICO Y PROCEDIMIENTOS INSTITUCIONALES VIGENTES.;"Título de PROFESIONAL en NBC: DERECHO Y AFINES Disciplina Académica: DERECHO.

";Treinta(30) meses de EXPERIENCIA PROFESIONAL RELACIONADA;30;"Título de PROFESIONAL en NBC: DERECHO Y AFINES Disciplina Académica: DERECHO.

Titulo de postgrado en la modalidad de ESPECIALIZACION EN AREAS RELACIONADAS CON LAS FUNCIONES DEL EMPLEO.

";Seis(6) meses de EXPERIENCIA PROFESIONAL RELACIONADA;6
252272;ELABORAR LOS ACTOS ADMINISTRATIVOS DENTRO DE CADA UNA DE LAS ETAPAS DE LOS PROCESOS SANCIONATORIOS, DERIVADOS DE LAS ACTIVIDADES DE INSPECCION, VIGILANCIA Y CONTROL EFECTUADOS POR EL INSTITUTO DENTRO DE LAS COMPETENCIAS MISIONALES ESTABLECIDAS PARA TAL FIN, CONFORME A LAS NORMAS VIGENTES.;"Título de PROFESIONAL en NBC: DERECHO Y AFINES Disciplina Académica: DERECHO.

";Treinta(30) meses de EXPERIENCIA PROFESIONAL RELACIONADA;30;"Título de PROFESIONAL en NBC: DERECHO Y AFINES Disciplina Académica: DERECHO.

Titulo de postgrado en la modalidad de ESPECIALIZACION EN AREAS RELACIONADAS CON LAS FUNCIONES DEL EMPLEO.

";Seis(6) meses de EXPERIENCIA PROFESIONAL RELACIONADA;6
252273;REALIZAR LABORES DE ASISTENCIA TECNICA QUE FACILITEN EL DESARROLLO DE LAS FUNCIONES Y RESPONSABILIDADES DE LA DEPENDENCIA, DE CONFORMIDAD CON LOS PROCEDIMIENTOS VIGENTES.;"Título de TECNOLOGICA en NBC: ADMINISTRACION
 ,O, NBC:   BIBLIOTECOLOGIA, OTROS DE CIENCIAS SOCIALES Y HUMANAS
 ,O, NBC:   CONTADURIA PUBLICA
 ,O, NBC:   DERECHO Y AFINES
 ,O, NBC:   ECONOMIA
 ,O, NBC:   INGENIERIA ADMINISTRATIVA Y AFINES
 ,O, NBC:   INGENIERIA INDUSTRIAL Y AFINES.

";Nueve(9) meses de EXPERIENCIA RELACIONADA;9;"Título de BACHILLERATO.

";Cuarenta y cinco(45) meses de EXPERIENCIA RELACIONADA;45
252274;REALIZAR EL ANALISIS Y GESTION DE LA INFORMACION RECIBIDA POR LAS DISTINTAS DEPENDENCIAS DEL INSTITUTO, CIUDADANOS Y ENTIDADES DEL ESTADO, RELACIONADA CON POSIBLES ACTOS O PRACTICAS ILEGALES ASOCIADAS A PRODUCTOS DE COMPETENCIA DEL INVIMA PARA COORDINAR ACCIONES DE INSPECCION, VIGILANCIA Y CONTROL Y EMISION DE CONCEPTOS TECNICOS, ORIENTADAS A MINIMIZAR Y COMBATIR RIESGOS DERIVADOS DE LA ILEGALIDAD, EL COMERCIO ELECTRONICO NO AUTORIZADO Y LA PRODUCCION CLANDESTINA DE PRODUCTOS REGULADOS POR EL INSTITUTO.;"Título de PROFESIONAL en NBC: INGENIERIA AGROINDUSTRIAL, ALIMENTOS Y AFINES Disciplina Académica: INGENIERIA DE ALIMENTOS
 ,O, NBC:   INGENIERIA BIOMEDICA Y AFINES Disciplina Académica: INGENIERIA BIOMEDICA
 ,O, NBC:   INGENIERIA QUIMICA Y AFINES Disciplina Académica: INGENIERIA QUIMICA
 ,O, NBC:   MEDICINA VETERINARIA Disciplina Académica: MEDICINA VETERINARIA Y ZOOTECNIA , MEDICINA VETERINARIA
 ,O, NBC:   OPTOMETRIA, OTROS PROGRAMAS DE CIENCIAS DE LA SALUD Disciplina Académica: OPTOMETRIA
 ,O, NBC:   QUIMICA Y AFINES Disciplina Académica: QUIMICA FARMACEUTICA , QUIMICA , QUIMICA DE ALIMENTOS.

";Treinta(30) meses de EXPERIENCIA PROFESIONAL RELACIONADA;30;"Título de PROFESIONAL en NBC: INGENIERIA AGROINDUSTRIAL, ALIMENTOS Y AFINES Disciplina Académica: INGENIERIA DE ALIMENTOS
 ,O, NBC:   INGENIERIA BIOMEDICA Y AFINES Disciplina Académica: INGENIERIA BIOMEDICA
 ,O, NBC:   INGENIERIA QUIMICA Y AFINES Disciplina Académica: INGENIERIA QUIMICA
 ,O, NBC:   MEDICINA VETERINARIA Disciplina Académica: MEDICINA VETERINARIA Y ZOOTECNIA , MEDICINA VETERINARIA
 ,O, NBC:   OPTOMETRIA, OTROS PROGRAMAS DE CIENCIAS DE LA SALUD Disciplina Académica: OPTOMETRIA
 ,O, NBC:   QUIMICA Y AFINES Disciplina Académica: QUIMICA FARMACEUTICA , QUIMICA DE ALIMENTOS , QUIMICA.

Titulo de postgrado en la modalidad de ESPECIALIZACION EN AREAS RELACIONADAS CON LAS FUNCIONES DEL EMPLEO.

";Seis(6) meses de EXPERIENCIA PROFESIONAL RELACIONADA;6
252275;DESARROLLAR LAS ACTIVIDADES REQUERIDAS PARA LA EVALUACION DEL DESEMPENO Y MEDICION DE RENDIMIENTO LABORAL, DE ACUERDO CON LA NORMATIVIDAD Y PROCEDIMIENTOS VIGENTES.;"Título de PROFESIONAL en NBC: ADMINISTRACION
 ,O, NBC:   DERECHO Y AFINES Disciplina Académica: DERECHO
 ,O, NBC:   INGENIERIA INDUSTRIAL Y AFINES.

Titulo de postgrado en la modalidad de ESPECIALIZACION EN AREAS RELACIONADAS CON LAS FUNCIONES DEL EMPLEO.

";Diez y seis(16) meses de EXPERIENCIA PROFESIONAL RELACIONADA;16;"Título de PROFESIONAL en NBC: ADMINISTRACION
 ,O, NBC:   DERECHO Y AFINES Disciplina Académica: DERECHO
 ,O, NBC:   INGENIERIA INDUSTRIAL Y AFINES.

";Cuarenta(40) meses de EXPERIENCIA PROFESIONAL RELACIONADA;40
252276;REALIZAR LAS ACTIVIDADES REQUERIDAS DE ARTICULACION Y COORDINACION CON LAS ENTIDADES TERRITORIALES DE SALUD Y PROPONER EL DESARROLLO DE POLITICAS, PLANES, PROGRAMAS, PROYECTOS Y PROCEDIMIENTOS RELACIONADOS CON LA GESTION E IMPLEMENTACION DE LOS PROCESOS DE INSPECCION, VIGILANCIA Y CONTROL DE RIESGOS QUE AFECTAN LA INOCUIDAD DE LOS ALIMENTOS.;"Título de PROFESIONAL en NBC: INGENIERIA AGROINDUSTRIAL, ALIMENTOS Y AFINES
 ,O, NBC:   INGENIERIA QUIMICA Y AFINES
 ,O, NBC:   MEDICINA VETERINARIA.

Titulo de postgrado en la modalidad de ESPECIALIZACION EN AREAS RELACIONADAS CON LAS FUNCIONES DEL EMPLEO.

";Diez y seis(16) meses de EXPERIENCIA PROFESIONAL RELACIONADA;16;"Título de PROFESIONAL en NBC: INGENIERIA AGROINDUSTRIAL, ALIMENTOS Y AFINES
 ,O, NBC:   INGENIERIA QUIMICA Y AFINES
 ,O, NBC:   MEDICINA VETERINARIA.

";Cuarenta(40) meses de EXPERIENCIA PROFESIONAL RELACIONADA;40
252259;CONDUCIR Y CUSTODIAR EL VEHICULO ASIGNADO AL SERVICIO DEL INSTITUTO, RESPETANDO LAS DISPOSICIONES DE TRANSITO Y NORMAS DE SEGURIDAD.;"Aprobación de Cuatro(4) Años  de BACHILLERATO.

";NO REQUIERE EXPERIENCIA;;;;
252268;DESARROLLAR PLANES Y PROGRAMAS DE EVALUACION DEL RIESGO EN LA INSPECCION VIGILANCIA Y CONTROL DE ALIMENTOS, PARA LA PROTECCION DE LA SALUD DE LA POBLACION, DE ACUERDO CON LAS NORMAS Y PROCEDIMIENTOS VIGENTES.;"Título de PROFESIONAL en NBC: INGENIERIA AGROINDUSTRIAL, ALIMENTOS Y AFINES
 ,O, NBC:   INGENIERIA QUIMICA Y AFINES
 ,O, NBC:   MEDICINA VETERINARIA
 ,O, NBC:   QUIMICA Y AFINES.

Titulo de postgrado en la modalidad de ESPECIALIZACION EN AREAS RELACIONADAS CON LAS FUNCIONES DEL EMPLEO.

";Diez y seis(16) meses de EXPERIENCIA PROFESIONAL RELACIONADA;16;"Título de PROFESIONAL en NBC: INGENIERIA AGROINDUSTRIAL, ALIMENTOS Y AFINES
 ,O, NBC:   INGENIERIA QUIMICA Y AFINES
 ,O, NBC:   MEDICINA VETERINARIA
 ,O, NBC:   QUIMICA Y AFINES.

";Cuarenta(40) meses de EXPERIENCIA PROFESIONAL RELACIONADA;40
252269;GARANTIZAR EL CUMPLIMIENTO DE LOS ESTANDARES TECNICOS REQUERIDOS Y EL DESARROLLO DE NUEVAS METODOLOGIAS RELACIONADOS CON LOS ANALISIS FISICOQUIMICOS PARA LA DETERMINACION DE SUSTANCIAS QUIMICAS Y CONTAMINANTES PRESENTES EN LOS ALIMENTOS, MATERIAS PRIMAS Y BEBIDAS, CON EL FIN DE VERIFICAR LOS REQUISITOS DE CALIDAD E INOCUIDAD.;"Título de PROFESIONAL en NBC: INGENIERIA AGROINDUSTRIAL, ALIMENTOS Y AFINES
 ,O, NBC:   INGENIERIA QUIMICA Y AFINES
 ,O, NBC:   QUIMICA Y AFINES.

Titulo de postgrado en la modalidad de ESPECIALIZACION EN AREAS RELACIONADAS CON LAS FUNCIONES DEL EMPLEO.

";Veinticinco(25) meses de EXPERIENCIA PROFESIONAL RELACIONADA;25;"Título de PROFESIONAL en NBC: INGENIERIA AGROINDUSTRIAL, ALIMENTOS Y AFINES
 ,O, NBC:   INGENIERIA QUIMICA Y AFINES
 ,O, NBC:   QUIMICA Y AFINES.

";Cuarenta y nueve(49) meses de EXPERIENCIA PROFESIONAL RELACIONADA;49
252305;ARTICULAR Y HACER SEGUIMIENTO A LA GESTION ADMINISTRATIVA, PRESUPUESTAL, CONTRACTUAL, TECNOLOGICA Y DE TALENTO HUMANO DE LA DIRECCION, GARANTIZANDO LA EJECUCION DEL PLAN OPERATIVO ANUAL, LA GESTION DEL RIESGO, EL FORTALECIMIENTO REGULATORIO BAJO EL ENFOQUE DE GBT (GLOBAL BENCHMARKING TOOL / HERRAMIENTA GLOBAL DE EVALUACION DE LA CAPACIDAD REGULADORA) Y WLA (WHO LISTED AUTHORITY / LISTADO DE AUTORIDADES DE REFERENCIA DE LA OMS), EN CUMPLIMIENTO DE LA NORMATIVIDAD VIGENTE Y LOS OBJETIVOS INSTITUCIONALES.;"Título de PROFESIONAL en NBC: BACTERIOLOGIA Disciplina Académica: BACTERIOLOGIA
 ,O, NBC:   BIOLOGIA, MICROBIOLOGIA Y AFINES Disciplina Académica: MICROBIOLOGIA
 ,O, NBC:   INGENIERIA QUIMICA Y AFINES Disciplina Académica: INGENIERIA QUIMICA
 ,O, NBC:   QUIMICA Y AFINES Disciplina Académica: QUIMICA , QUIMICA FARMACEUTICA.

";Treinta(30) meses de EXPERIENCIA PROFESIONAL RELACIONADA;30;"Título de PROFESIONAL en NBC: BACTERIOLOGIA Disciplina Académica: BACTERIOLOGIA
 ,O, NBC:   BIOLOGIA, MICROBIOLOGIA Y AFINES Disciplina Académica: MICROBIOLOGIA
 ,O, NBC:   INGENIERIA QUIMICA Y AFINES Disciplina Académica: INGENIERIA QUIMICA
 ,O, NBC:   QUIMICA Y AFINES Disciplina Académica: QUIMICA FARMACEUTICA , QUIMICA.

Titulo de postgrado en la modalidad de ESPECIALIZACION EN AREAS RELACIONADAS CON LAS FUNCIONES DEL EMPLEO.

";Seis(6) meses de EXPERIENCIA PROFESIONAL RELACIONADA;6
252302;REALIZAR LAS ACTIVIDADES NECESARIAS EN OPERACION, MONITOREO, ADMINISTRACION DE LOS RECURSOS DEL CENTRO DE DATOS, PROMOVIENDO LA DISPONIBILIDAD SOBRE LOS SERVICIOS TECNOLOGICOS, RESPALDADOS EN LOS SISTEMAS OPERATIVOS DE LOS SERVIDORES, EQUIPOS DE COMUNICACIONES Y SEGURIDAD, DIRECTORIO ACTIVO, CORREO ELECTRONICO, HERRAMIENTAS DE COLABORACION, CONSOLA DE ANTIVIRUS, Y EJECUCION DE COPIAS DE SEGURIDAD.;"Título de PROFESIONAL en NBC: INGENIERIA DE SISTEMAS, TELEMATICA Y AFINES
 ,O, NBC:   INGENIERIA ELECTRONICA, TELECOMUNICACIONES Y AFINES.

";Treinta(30) meses de EXPERIENCIA PROFESIONAL RELACIONADA;30;"Título de PROFESIONAL en NBC: INGENIERIA DE SISTEMAS, TELEMATICA Y AFINES
 ,O, NBC:   INGENIERIA ELECTRONICA, TELECOMUNICACIONES Y AFINES.

Titulo de postgrado en la modalidad de ESPECIALIZACION EN AREAS RELACIONADAS CON LAS FUNCIONES DEL EMPLEO.

";Seis(6) meses de EXPERIENCIA PROFESIONAL RELACIONADA;6
252303;ESTUDIAR LOS ASPECTOS LEGALES DE LAS SOLICITUDES DE TRAMITE ASOCIADOS CON LOS PRODUCTOS COMPETENCIA DE LA DIRECCION DE ALIMENTOS Y BEBIDAS.;"Título de PROFESIONAL en NBC: DERECHO Y AFINES Disciplina Académica: DERECHO.

Titulo de postgrado en la modalidad de ESPECIALIZACION EN AREAS RELACIONADAS CON LAS FUNCIONES DEL EMPLEO.

";Diez(10) meses de EXPERIENCIA PROFESIONAL RELACIONADA;10;"Título de PROFESIONAL en NBC: DERECHO Y AFINES Disciplina Académica: DERECHO.

";Treinta y cuatro(34) meses de EXPERIENCIA PROFESIONAL RELACIONADA;34
252304;ELABORAR, EJECUTAR Y HACER SEGUIMIENTO DE PROCESOS ADMINISTRATIVOS, OPERATIVOS, FINANCIEROS Y/O PRESUPUESTALES PARA EL BUEN FUNCIONAMIENTO DE LA DEPENDENCIA;"Título de PROFESIONAL en NBC: ADMINISTRACION Disciplina Académica: ADMINISTRACION DE EMPRESAS , ADMINISTRACION PUBLICA
 ,O, NBC:   CONTADURIA PUBLICA Disciplina Académica: CONTADURIA PUBLICA
 ,O, NBC:   DERECHO Y AFINES Disciplina Académica: DERECHO
 ,O, NBC:   ECONOMIA Disciplina Académica: ECONOMIA
 ,O, NBC:   INGENIERIA INDUSTRIAL Y AFINES Disciplina Académica: INGENIERIA INDUSTRIAL.

";Treinta(30) meses de EXPERIENCIA PROFESIONAL RELACIONADA;30;"Título de PROFESIONAL en NBC: ADMINISTRACION Disciplina Académica: ADMINISTRACION DE EMPRESAS , ADMINISTRACION PUBLICA
 ,O, NBC:   CONTADURIA PUBLICA Disciplina Académica: CONTADURIA PUBLICA
 ,O, NBC:   DERECHO Y AFINES Disciplina Académica: DERECHO
 ,O, NBC:   ECONOMIA Disciplina Académica: ECONOMIA
 ,O, NBC:   INGENIERIA INDUSTRIAL Y AFINES Disciplina Académica: INGENIERIA INDUSTRIAL.

Titulo de postgrado en la modalidad de ESPECIALIZACION EN AREAS RELACIONADAS CON LAS FUNCIONES DEL EMPLEO.

";Seis(6) meses de EXPERIENCIA PROFESIONAL RELACIONADA;6
252306;RESPONDER POR QUE LOS EQUIPOS, REACTIVOS E INSUMOS DEL LABORATORIO DE PRODUCTOS FARMACEUTICOS Y OTRAS TECNOLOGIAS, ESTEN DISPONIBLES EN CALIDAD Y CANTIDAD SUFICIENTE PARA LA REALIZACION DE LOS ANALISIS, ASI COMO LA REALIZACION DE ACTIVIDADES DE APOYO, CUMPLIENDO CON LOS REQUERIMIENTOS ESTABLECIDOS EN LAS NORMAS Y PROCEDIMIENTOS VIGENTES.;"Título de TECNOLOGICA en NBC: INGENIERIA QUIMICA Y AFINES
 ,O, NBC:   QUIMICA Y AFINES.

";Nueve(9) meses de EXPERIENCIA RELACIONADA;9;"Título de BACHILLERATO.

";Cuarenta y cinco(45) meses de EXPERIENCIA RELACIONADA;45
252277;PREPARAR LA EJECUCION PRESUPUESTAL DE INGRESOS Y GASTOS Y EFECTUAR REGISTROS PRESUPUESTALES, DE ACUERDO CON LAS NORMAS VIGENTES Y EL MANUAL DE PROCESOS Y PROCEDIMIENTOS ADOPTADO POR LA ENTIDAD.;"Título de PROFESIONAL en NBC: ADMINISTRACION
 ,O, NBC:   CONTADURIA PUBLICA
 ,O, NBC:   ECONOMIA
 ,O, NBC:   INGENIERIA INDUSTRIAL Y AFINES.

";Treinta(30) meses de EXPERIENCIA PROFESIONAL RELACIONADA;30;"Título de PROFESIONAL en NBC: ADMINISTRACION
 ,O, NBC:   CONTADURIA PUBLICA
 ,O, NBC:   ECONOMIA
 ,O, NBC:   INGENIERIA INDUSTRIAL Y AFINES.

Titulo de postgrado en la modalidad de ESPECIALIZACION EN AREAS RELACIONADAS CON LAS FUNCIONES DEL EMPLEO.

";Seis(6) meses de EXPERIENCIA PROFESIONAL RELACIONADA;6
252278;GARANTIZAR LA EVALUACION, VIGILANCIA Y CONTROL DE LA INVESTIGACION CLINICA CON MEDICAMENTOS Y TERAPIAS AVANZADAS EN SERES HUMANOS, APLICANDO CRITERIOS TECNICOS, CIENTIFICOS, REGULATORIOS Y DE GESTION DEL RIESGO, PARA PROTEGER A LOS PARTICIPANTES, ASEGURAR EL CUMPLIMIENTO DE LAS BUENAS PRACTICAS CLINICAS Y FORTALECER EL SISTEMA NACIONAL DE INVESTIGACION CLINICA CONFORME A LA NORMATIVIDAD VIGENTE Y ESTANDARES INTERNACIONALES.;"Título de PROFESIONAL en NBC: BACTERIOLOGIA Disciplina Académica: BACTERIOLOGIA
 ,O, NBC:   MEDICINA Disciplina Académica: MEDICINA
 ,O, NBC:   QUIMICA Y AFINES Disciplina Académica: QUIMICA FARMACEUTICA.

";Treinta(30) meses de EXPERIENCIA PROFESIONAL RELACIONADA;30;"Título de PROFESIONAL en NBC: BACTERIOLOGIA Disciplina Académica: BACTERIOLOGIA
 ,O, NBC:   MEDICINA Disciplina Académica: MEDICINA
 ,O, NBC:   QUIMICA Y AFINES Disciplina Académica: QUIMICA FARMACEUTICA.

Titulo de postgrado en la modalidad de ESPECIALIZACION EN AREAS RELACIONADAS CON LAS FUNCIONES DEL EMPLEO.

";Seis(6) meses de EXPERIENCIA PROFESIONAL RELACIONADA;6
252279;EJECUTAR ACTIVIDADES PARA LA GESTION DE LOS PLANES, PROGRAMAS Y PROYECTOS DE LAS DEPENDENCIAS EN EL MARCO DEL FORTALECIMIENTO DE LA PLANEACION ORGANIZACIONAL Y LA GESTION INTEGRAL EN ARMONIA CON LAS POLITICAS NACIONALES, SECTORIALES E INSTITUCIONALES, EN CUMPLIMIENTO DE LAS FUNCIONES DE LA ENTIDAD.;"Título de PROFESIONAL en NBC: ADMINISTRACION
 ,O, NBC:   CONTADURIA PUBLICA
 ,O, NBC:   ECONOMIA
 ,O, NBC:   INGENIERIA ADMINISTRATIVA Y AFINES
 ,O, NBC:   INGENIERIA INDUSTRIAL Y AFINES.

";Treinta(30) meses de EXPERIENCIA PROFESIONAL RELACIONADA;30;"Título de PROFESIONAL en NBC: ADMINISTRACION
 ,O, NBC:   CONTADURIA PUBLICA
 ,O, NBC:   ECONOMIA
 ,O, NBC:   INGENIERIA ADMINISTRATIVA Y AFINES
 ,O, NBC:   INGENIERIA INDUSTRIAL Y AFINES.

Titulo de postgrado en la modalidad de ESPECIALIZACION EN AREAS RELACIONADAS CON LAS FUNCIONES DEL EMPLEO.

";Seis(6) meses de EXPERIENCIA PROFESIONAL RELACIONADA;6
252280;DEFINIR ESTRATEGIAS E INSTRUMENTOS PARA LA EJECUCION ADECUADA DE LAS POLITICAS, PLANES, PROGRAMAS Y PROYECTOS DE LA DIRECCION DE MEDICAMENTOS Y PRODUCTOS BIOLOGICOS Y ESTUDIO DE REGISTROS SANITARIOS DE CONFORMIDAD CON LA LEGISLACION SANITARIA Y LOS PROCEDIMIENTOS VIGENTES.;"Título de PROFESIONAL en NBC: QUIMICA Y AFINES Disciplina Académica: QUIMICA FARMACEUTICA.

Titulo de postgrado en la modalidad de ESPECIALIZACION EN AREAS RELACIONADAS CON LAS FUNCIONES DEL EMPLEO.

";Diez y seis(16) meses de EXPERIENCIA PROFESIONAL RELACIONADA;16;"Título de PROFESIONAL en NBC: QUIMICA Y AFINES Disciplina Académica: QUIMICA FARMACEUTICA.

";Cuarenta(40) meses de EXPERIENCIA PROFESIONAL RELACIONADA;40
252281;DESARROLLAR ACTIVIDADES DEL GRUPO LABORATORIO FISICOQUIMICO DE PRODUCTOS FARMACEUTICOS Y OTRAS TECNOLOGIA CON EL FIN DE VERIFICAR EL CUMPLIMIENTO DE ESPECIFICACIONES Y REQUERIMIENTOS DE CALIDAD FISICOQUIMICOS DE PRODUCTOS FARMACEUTICOS, BIOLOGICOS DE USO HUMANO Y COSMETICOS SEGUN LAS NORMAS, ESTANDARES Y PROCEDIMIENTOS VIGENTES.;"Título de PROFESIONAL en NBC: QUIMICA Y AFINES Disciplina Académica: QUIMICA FARMACEUTICA , QUIMICA.

";Treinta(30) meses de EXPERIENCIA PROFESIONAL RELACIONADA;30;"Título de PROFESIONAL en NBC: QUIMICA Y AFINES Disciplina Académica: QUIMICA FARMACEUTICA , QUIMICA.

Titulo de postgrado en la modalidad de ESPECIALIZACION EN AREAS RELACIONADAS CON LAS FUNCIONES DEL EMPLEO.

";Seis(6) meses de EXPERIENCIA PROFESIONAL RELACIONADA;6
252282;EJECUTAR TODAS LAS ACCIONES NECESARIAS QUE SE DESARROLLEN EN LAS DIFERENTES ETAPAS DEL PROCESO CONTRACTUAL QUE ADELANTE EL INVIMA, EN CUMPLIMIENTO DE SUS OBJETIVOS, METAS Y FUNCIONES INSTITUCIONALES, DE ACUERDO CON LOS REQUERIMIENTOS DE LAS DEPENDENCIAS, LA NORMATIVIDAD VIGENTE, LOS PRINCIPIOS DE LA CONTRATACION Y LOS FINES DEL ESTADO. ASI COMO COLABORAR EN LAS DIFERENTES ACTIVIDADES PROPIAS DE LA DEPENDENCIA.;"Título de PROFESIONAL en NBC: DERECHO Y AFINES Disciplina Académica: DERECHO.

";Treinta(30) meses de EXPERIENCIA PROFESIONAL RELACIONADA;30;"Título de PROFESIONAL en NBC: DERECHO Y AFINES Disciplina Académica: DERECHO.

Titulo de postgrado en la modalidad de ESPECIALIZACION EN AREAS RELACIONADAS CON LAS FUNCIONES DEL EMPLEO.

";Seis(6) meses de EXPERIENCIA PROFESIONAL RELACIONADA;6
252283;EVALUAR Y EMITIR CONCEPTOS TECNICOS SOBRE LA PUBLICIDAD Y PROMOCION DE PRODUCTOS COMPETENCIA DE LA DIRECCION DE MEDICAMENTOS Y PRODUCTOS BIOLOGICOS, Y GESTIONAR ACCIONES DE VIGILANCIA Y CONTROL PARA VERIFICAR EL CUMPLIMIENTO NORMATIVO, PREVENIR PRACTICAS ENGANOSAS, PROTEGER LA SALUD PUBLICA Y SALVAGUARDAR LOS DERECHOS DE LOS CONSUMIDORES, CONFORME A LOS PROCEDIMIENTOS INSTITUCIONALES Y LINEAMIENTOS REGULATORIOS VIGENTES.;"Título de PROFESIONAL en NBC: MEDICINA Disciplina Académica: MEDICINA
 ,O, NBC:   QUIMICA Y AFINES Disciplina Académica: QUIMICA FARMACEUTICA.

";Treinta(30) meses de EXPERIENCIA PROFESIONAL RELACIONADA;30;"Título de PROFESIONAL en NBC: MEDICINA Disciplina Académica: MEDICINA
 ,O, NBC:   QUIMICA Y AFINES Disciplina Académica: QUIMICA FARMACEUTICA.

Titulo de postgrado en la modalidad de ESPECIALIZACION EN AREAS RELACIONADAS CON LAS FUNCIONES DEL EMPLEO.

";Seis(6) meses de EXPERIENCIA PROFESIONAL RELACIONADA;6
252284;REALIZAR ACTIVIDADES DE APOYO RELACIONADAS CON LA EJECUCION ANALITICA EN EL GRUPO DE LABORATORIO DE PRODUCTOS BIOLOGICOS DE ACUERDO CON LOS PROCEDIMIENTOS VIGENTES.;"Título de TECNOLOGICA en NBC: BACTERIOLOGIA
 ,O, NBC:   QUIMICA Y AFINES.

";Nueve(9) meses de EXPERIENCIA RELACIONADA;9;"Título de BACHILLERATO.

";Cuarenta y cinco(45) meses de EXPERIENCIA RELACIONADA;45
252285;"DESARROLLAR LA ESTANDARIZACION Y/O VERIFICACION DE TECNICAS ANALITICAS MICROBIOLOGICAS PARA EL GRUPO LABORATORIO DE MICROBIOLOGIA DE PRODUCTOS FARMACEUTICOS Y OTRAS TECNOLOGIAS; ASI MISMO, REALIZAR ANALISIS MICROBIOLOGICOS DE CONTROL DE CALIDAD DE LOS PRODUCTOS FARMACEUTICOS, PRODUCTOS BIOLOGICOS DE USO HUMANO, COSMETICOS Y DISPOSITIVOS MEDICOS, SEGUN LAS NORMAS OFICIALES Y PROCEDIMIENTOS VIGENTES.";"Título de PROFESIONAL en NBC: BACTERIOLOGIA Disciplina Académica: BACTERIOLOGIA
 ,O, NBC:   BIOLOGIA, MICROBIOLOGIA Y AFINES Disciplina Académica: MICROBIOLOGIA , MICROBIOLOGIA INDUSTRIAL.

Titulo de postgrado en la modalidad de ESPECIALIZACION EN AREAS RELACIONADAS CON LAS FUNCIONES DEL EMPLEO.

";Veinticinco(25) meses de EXPERIENCIA PROFESIONAL RELACIONADA;25;"Título de PROFESIONAL en NBC: BACTERIOLOGIA Disciplina Académica: BACTERIOLOGIA
 ,O, NBC:   BIOLOGIA, MICROBIOLOGIA Y AFINES Disciplina Académica: MICROBIOLOGIA INDUSTRIAL , MICROBIOLOGIA.

";Cuarenta y nueve(49) meses de EXPERIENCIA PROFESIONAL RELACIONADA;49
252286;VERIFICAR EL CUMPLIMIENTO DE LOS REQUISITOS DE CALIDAD E INOCUIDAD DE LOS PRODUCTOS COMPETENCIA DE LA DIRECCION COMO APOYO A LOS PROGRAMAS DE VIGILANCIA Y CONTROL COMPETENCIA DE LA DIRECCION DE ALIMENTOS Y BEBIDAS, DE ACUERDO CON LAS NORMAS Y PROCEDIMIENTOS VIGENTES.;"Título de PROFESIONAL en NBC: BACTERIOLOGIA Disciplina Académica: BACTERIOLOGIA Y LABORATORIO CLINICO , BACTERIOLOGIA
 ,O, NBC:   BIOLOGIA, MICROBIOLOGIA Y AFINES Disciplina Académica: MICROBIOLOGIA , MICROBIOLOGIA INDUSTRIAL.

";Treinta(30) meses de EXPERIENCIA PROFESIONAL RELACIONADA;30;"Título de PROFESIONAL en NBC: BACTERIOLOGIA Disciplina Académica: BACTERIOLOGIA , BACTERIOLOGIA Y LABORATORIO CLINICO
 ,O, NBC:   BIOLOGIA, MICROBIOLOGIA Y AFINES Disciplina Académica: MICROBIOLOGIA , MICROBIOLOGIA INDUSTRIAL.

Titulo de postgrado en la modalidad de ESPECIALIZACION EN AREAS RELACIONADAS CON LAS FUNCIONES DEL EMPLEO.

";Seis(6) meses de EXPERIENCIA PROFESIONAL RELACIONADA;6
252287;GARANTIZAR EL CUMPLIMIENTO DE LOS ESTANDARES TECNICOS REQUERIDOS Y EL DESARROLLO DE NUEVAS METODOLOGIAS, RELACIONADOS CON LOS ANALISIS FISICOQUIMICOS PARA LA DETERMINACION DE SUSTANCIAS QUIMICAS Y CONTAMINANTES PRESENTES EN LOS ALIMENTOS, MATERIAS PRIMAS Y BEBIDAS, CON EL FIN DE VERIFICAR LOS REQUISITOS DE CALIDAD E INOCUIDAD.;"Título de PROFESIONAL en NBC: INGENIERIA QUIMICA Y AFINES
 ,O, NBC:   QUIMICA Y AFINES.

Titulo de postgrado en la modalidad de ESPECIALIZACION EN AREAS RELACIONADAS CON LAS FUNCIONES DEL EMPLEO.

";Diez y seis(16) meses de EXPERIENCIA PROFESIONAL RELACIONADA;16;"Título de PROFESIONAL en NBC: INGENIERIA QUIMICA Y AFINES
 ,O, NBC:   QUIMICA Y AFINES.

";Cuarenta(40) meses de EXPERIENCIA PROFESIONAL RELACIONADA;40
252288;"DESARROLLAR PLANES Y PROGRAMAS DE INSPECCION VIGILANCIA Y CONTROL VIGILANCIA
EPIDEMIOLOGICA DE ALIMENTOS Y BEBIDAS, PARA LA PROTECCION DE LA SALUD DE LA POBLACION, DE ACUERDO CON LAS NORMAS Y PROCEDIMIENTOS VIGENTES.";"Título de PROFESIONAL en NBC: BACTERIOLOGIA
 ,O, NBC:   BIOLOGIA, MICROBIOLOGIA Y AFINES
 ,O, NBC:   INGENIERIA AGROINDUSTRIAL, ALIMENTOS Y AFINES
 ,O, NBC:   MEDICINA VETERINARIA
 ,O, NBC:   QUIMICA Y AFINES.

Titulo de postgrado en la modalidad de ESPECIALIZACION EN AREAS RELACIONADAS CON LAS FUNCIONES DEL EMPLEO.

";Trece(13) meses de EXPERIENCIA PROFESIONAL RELACIONADA;13;"Título de PROFESIONAL en NBC: BACTERIOLOGIA
 ,O, NBC:   BIOLOGIA, MICROBIOLOGIA Y AFINES
 ,O, NBC:   INGENIERIA AGROINDUSTRIAL, ALIMENTOS Y AFINES
 ,O, NBC:   MEDICINA VETERINARIA
 ,O, NBC:   QUIMICA Y AFINES.

";Treinta y siete(37) meses de EXPERIENCIA PROFESIONAL RELACIONADA;37
252289;GARANTIZAR LA INSPECCION, VIGILANCIA Y CONTROL DE ESTABLECIMIENTOS Y PRODUCTOS COMPETENCIA DE LA DIRECCION DE MEDICAMENTOS Y PRODUCTOS BIOLOGICOS, MEDIANTE CERTIFICACIONES EN BUENAS PRACTICAS, EMISION DE CONCEPTOS Y ACTOS ADMINISTRATIVOS, GESTION DEL RIESGO SANITARIO, FORTALECIMIENTO NORMATIVO Y TECNICO DE LABORATORIOS Y BANCOS DE SANGRE, PARA ASEGURAR EL CUMPLIMIENTO NORMATIVO Y PROTEGER LA SALUD PUBLICA.;"Título de PROFESIONAL en NBC: BACTERIOLOGIA Disciplina Académica: BACTERIOLOGIA Y LABORATORIO CLINICO , BACTERIOLOGIA
 ,O, NBC:   INGENIERIA QUIMICA Y AFINES Disciplina Académica: INGENIERIA QUIMICA
 ,O, NBC:   MEDICINA Disciplina Académica: MEDICINA
 ,O, NBC:   QUIMICA Y AFINES Disciplina Académica: QUIMICA FARMACEUTICA.

";Treinta(30) meses de EXPERIENCIA PROFESIONAL RELACIONADA;30;"Título de PROFESIONAL en NBC: BACTERIOLOGIA Disciplina Académica: BACTERIOLOGIA Y LABORATORIO CLINICO , BACTERIOLOGIA
 ,O, NBC:   INGENIERIA QUIMICA Y AFINES Disciplina Académica: INGENIERIA QUIMICA
 ,O, NBC:   MEDICINA Disciplina Académica: MEDICINA
 ,O, NBC:   QUIMICA Y AFINES Disciplina Académica: QUIMICA FARMACEUTICA.

Titulo de postgrado en la modalidad de ESPECIALIZACION EN AREAS RELACIONADAS CON LAS FUNCIONES DEL EMPLEO.

";Seis(6) meses de EXPERIENCIA PROFESIONAL RELACIONADA;6
252298;ADMINISTRAR EL CENTRO DE DATOS DEL INSTITUTO Y SU INFRAESTRUCTURA TECNOLOGICA, GESTIONANDO, IMPLEMENTANDO Y CONTROLANDO LOS RECURSOS FISICOS Y LOGICOS DEL MISMO, GARANTIZANDO LA OPERACION DE LAS PLATAFORMAS TECNOLOGICAS, ACORDE A LOS CONTROLES ESTABLECIDOS, PLANES DE CONTINGENCIA Y SEGURIDAD EN LA PLATAFORMA.;"Título de PROFESIONAL en NBC: INGENIERIA DE SISTEMAS, TELEMATICA Y AFINES
 ,O, NBC:   INGENIERIA ELECTRONICA, TELECOMUNICACIONES Y AFINES.

";Treinta(30) meses de EXPERIENCIA PROFESIONAL RELACIONADA;30;"Título de PROFESIONAL en NBC: INGENIERIA DE SISTEMAS, TELEMATICA Y AFINES
 ,O, NBC:   INGENIERIA ELECTRONICA, TELECOMUNICACIONES Y AFINES.

Titulo de postgrado en la modalidad de ESPECIALIZACION EN AREAS RELACIONADAS CON LAS FUNCIONES DEL EMPLEO.

";Seis(6) meses de EXPERIENCIA PROFESIONAL RELACIONADA;6
252299;GESTIONAR LOS PROCESOS ADMINISTRATIVOS Y OPERATIVOS DE LOS PROCEDIMIENTOS RELACIONADOS CON EL ARCHIVO CENTRAL DE DOCUMENTOS Y CORRESPONDENCIA DE LA ENTIDAD, VELANDO POR SU CONSERVACION, SEGURIDAD E INTEGRIDAD, DE ACUERDO CON LAS NORMAS Y PROCEDIMIENTOS VIGENTES.;"Título de PROFESIONAL en NBC: BIBLIOTECOLOGIA, OTROS DE CIENCIAS SOCIALES Y HUMANAS Disciplina Académica: SISTEMAS DE INFORMACION, BIBLIOTECOLOGIA Y ARCHIVISTICA , ARCHIVISTICA Y GESTION DE LA INFORMACION DIGITAL , CIENCIA DE LA INFORMACION Y LA DOCUMENTACION, BIBLIOTECOLOGIA Y ARCHIVISTICA.

";Diez y ocho(18) meses de EXPERIENCIA PROFESIONAL RELACIONADA;18;"Título de PROFESIONAL en NBC: BIBLIOTECOLOGIA, OTROS DE CIENCIAS SOCIALES Y HUMANAS Disciplina Académica: ARCHIVISTICA Y GESTION DE LA INFORMACION DIGITAL , CIENCIA DE LA INFORMACION Y LA DOCUMENTACION, BIBLIOTECOLOGIA Y ARCHIVISTICA , SISTEMAS DE INFORMACION, BIBLIOTECOLOGIA Y ARCHIVISTICA.

Titulo de postgrado en la modalidad de ESPECIALIZACION EN AREAS RELACIONADAS CON LAS FUNCIONES DEL EMPLEO.

";NO REQUIERE EXPERIENCIA;
252300;GESTIONAR LAS SOLICITUDES, CONSULTAS Y REQUERIMIENTOS DE LA DIRECCION MEDIANTE CANALES INSTITUCIONALES, DE MANERA OPORTUNA, TRAZABLE, EFICIENTE, TRANSPARENTE Y ALINEADA CON LOS PRINCIPIOS DE SERVICIO AL CIUDADANO.;"Título de PROFESIONAL en NBC: BACTERIOLOGIA Disciplina Académica: BACTERIOLOGIA
 ,O, NBC:   BIOLOGIA, MICROBIOLOGIA Y AFINES Disciplina Académica: MICROBIOLOGIA INDUSTRIAL , MICROBIOLOGIA
 ,O, NBC:   INGENIERIA QUIMICA Y AFINES Disciplina Académica: INGENIERIA QUIMICA
 ,O, NBC:   QUIMICA Y AFINES Disciplina Académica: QUIMICA FARMACEUTICA.

";Treinta(30) meses de EXPERIENCIA PROFESIONAL RELACIONADA;30;"Título de PROFESIONAL en NBC: BACTERIOLOGIA Disciplina Académica: BACTERIOLOGIA
 ,O, NBC:   BIOLOGIA, MICROBIOLOGIA Y AFINES Disciplina Académica: MICROBIOLOGIA , MICROBIOLOGIA INDUSTRIAL
 ,O, NBC:   INGENIERIA QUIMICA Y AFINES Disciplina Académica: INGENIERIA QUIMICA
 ,O, NBC:   QUIMICA Y AFINES Disciplina Académica: QUIMICA FARMACEUTICA.

Titulo de postgrado en la modalidad de ESPECIALIZACION EN AREAS RELACIONADAS CON LAS FUNCIONES DEL EMPLEO.

";Seis(6) meses de EXPERIENCIA PROFESIONAL RELACIONADA;6
252301;REALIZAR EL ANALISIS FISICOQUIMICO DE ALTA COMPLEJIDAD PARA DETERMINAR LA INOCUIDAD Y CALIDAD DE LOS ALIMENTOS Y BEBIDAS, COMO APOYO A LAS LABORES DE VIGILANCIA Y CONTROL COMPETENCIA DE LA DIRECCION DE ALIMENTOS Y BEBIDAS DE ACUERDO CON LAS NORMAS Y PROCEDIMIENTOS VIGENTES.;"Título de PROFESIONAL en NBC: INGENIERIA AGROINDUSTRIAL, ALIMENTOS Y AFINES
 ,O, NBC:   INGENIERIA QUIMICA Y AFINES
 ,O, NBC:   QUIMICA Y AFINES.

Titulo de postgrado en la modalidad de ESPECIALIZACION EN AREAS RELACIONADAS CON LAS FUNCIONES DEL EMPLEO.

";Diez y nueve(19) meses de EXPERIENCIA PROFESIONAL RELACIONADA;19;"Título de PROFESIONAL en NBC: INGENIERIA AGROINDUSTRIAL, ALIMENTOS Y AFINES
 ,O, NBC:   INGENIERIA QUIMICA Y AFINES
 ,O, NBC:   QUIMICA Y AFINES.

";Cuarenta y tres(43) meses de EXPERIENCIA PROFESIONAL RELACIONADA;43
252322;APOYAR LA EJECUCION DE LA ESTRATEGIA DE COMUNICACION INSTITUCIONAL Y SU DIFUSION A NIVEL INTERNO Y EXTERNO, PROPORCIONANDO COHERENCIA E INTEGRACION ENTRE OBJETIVOS ESTRATEGICOS Y FUNCIONALES, PLANES Y ACCIONES DE LA DIRECCION GENERAL, DIRECCIONES MISIONALES, OFICINA DE ATENCION AL CIUDADANO Y LA OFICINA DE ASUNTOS INTERNACIONALES.;"Título de PROFESIONAL en NBC: COMUNICACION SOCIAL, PERIODISMO Y AFINES
 ,O, NBC:   DISENO Disciplina Académica: COMUNICACION VISUAL Y MULTIMEDIA , DISEÑO GRAFICO , ECOMUNICACION EN NARRATIVAS TRANSMEDIA , DISEÑO DE COMUNICACION
 ,O, NBC:   PUBLICIDAD Y AFINES.

Titulo de postgrado en la modalidad de ESPECIALIZACION EN AREAS RELACIONADAS CON LAS FUNCIONES DEL EMPLEO.

";Diez y nueve(19) meses de EXPERIENCIA PROFESIONAL RELACIONADA;19;"Título de PROFESIONAL en NBC: COMUNICACION SOCIAL, PERIODISMO Y AFINES
 ,O, NBC:   DISENO Disciplina Académica: DISENO GRAFICO , COMUNICACION VISUAL Y MULTIMEDIA , ECOMUNICACION EN NARRATIVAS TRANSMEDIA , DISEÑO DE COMUNICACION
 ,O, NBC:   PUBLICIDAD Y AFINES.

";Cuarenta y tres(43) meses de EXPERIENCIA PROFESIONAL RELACIONADA;43
252323;APOYAR LA RECOLECCION, CONSOLIDACION Y ANALISIS DE LA INFORMACION DE LA GESTION INSTITUCIONAL PARA GARANTIZAR LA DISPONIBILIDAD DE LA MISMA EN FORMA CLARA Y EN TIEMPO;"Título de PROFESIONAL en NBC: ADMINISTRACION
 ,O, NBC:   CONTADURIA PUBLICA
 ,O, NBC:   ECONOMIA
 ,O, NBC:   INGENIERIA ADMINISTRATIVA Y AFINES
 ,O, NBC:   INGENIERIA INDUSTRIAL Y AFINES.

";Veinticuatro(24) meses de EXPERIENCIA PROFESIONAL RELACIONADA;24;"Título de PROFESIONAL en NBC: ADMINISTRACION
 ,O, NBC:   CONTADURIA PUBLICA
 ,O, NBC:   ECONOMIA
 ,O, NBC:   INGENIERIA ADMINISTRATIVA Y AFINES
 ,O, NBC:   INGENIERIA INDUSTRIAL Y AFINES.

Titulo de postgrado en la modalidad de ESPECIALIZACION EN AREAS RELACIONADAS CON LAS FUNCIONES DEL EMPLEO.

";NO REQUIERE EXPERIENCIA;
252324;PROPONER PLANES, PROGRAMAS Y LOS INSTRUMENTOS ARCHIVISTICOS REQUERIDOS PARA LA GESTION DOCUMENTAL DEL INSTITUTO, ASI COMO REALIZAR SEGUIMIENTO Y CONTROL PARA LA ADECUADA EJECUCION DE LAS ACTIVIDADES QUE INVOLUCREN LA GESTION DOCUMENTAL.;"Título de PROFESIONAL en NBC: BIBLIOTECOLOGIA, OTROS DE CIENCIAS SOCIALES Y HUMANAS Disciplina Académica: ARCHIVISTICA Y GESTION DE LA INFORMACION DIGITAL , SISTEMAS DE INFORMACION, BIBLIOTECOLOGIA Y ARCHIVISTICA , CIENCIA DE LA INFORMACION Y LA DOCUMENTACION, BIBLIOTECOLOGIA Y ARCHIVISTICA.

Titulo de postgrado en la modalidad de ESPECIALIZACION EN AREAS RELACIONADAS CON LAS FUNCIONES DEL EMPLEO.

";Veinticinco(25) meses de EXPERIENCIA PROFESIONAL RELACIONADA;25;"Título de PROFESIONAL en NBC: BIBLIOTECOLOGIA, OTROS DE CIENCIAS SOCIALES Y HUMANAS Disciplina Académica: SISTEMAS DE INFORMACION, BIBLIOTECOLOGIA Y ARCHIVISTICA , ARCHIVISTICA Y GESTION DE LA INFORMACION DIGITAL , CIENCIA DE LA INFORMACION, BIBLIOTECOLOGIA Y ARCHIVISTICA.

";Cuarenta y nueve(49) meses de EXPERIENCIA PROFESIONAL RELACIONADA;49
252325;"REALIZAR ACTIVIDADES DE SOLUCION DE ERRORES, AJUSTES, DESARROLLO, PRUEBAS Y
DOCUMENTACION ASOCIADOS A LOS APLICATIVOS DEL INSTITUTO, DE ACUERDO CON LOS
LINEAMIENTOS Y PROCEDIMIENTOS DE LA OFICINA DE TECNOLOGIAS DE LA INFORMACION.";"Título de PROFESIONAL en NBC: INGENIERIA DE SISTEMAS, TELEMATICA Y AFINES
 ,O, NBC:   INGENIERIA ELECTRONICA, TELECOMUNICACIONES Y AFINES.

";Diez y ocho(18) meses de EXPERIENCIA PROFESIONAL RELACIONADA;18;"Título de PROFESIONAL en NBC: INGENIERIA DE SISTEMAS, TELEMATICA Y AFINES
 ,O, NBC:   INGENIERIA ELECTRONICA, TELECOMUNICACIONES Y AFINES.

Titulo de postgrado en la modalidad de ESPECIALIZACION EN AREAS RELACIONADAS CON LAS FUNCIONES DEL EMPLEO.

";NO REQUIERE EXPERIENCIA;
252326;RESPONDER POR LOS ESTADOS FINANCIEROS DEL INVIMA, DE ACUERDO CON LAS NORMAS, TECNICAS CONTABLES VIGENTES Y MANUAL DE PROCESOS Y PROCEDIMIENTOS ADOPTADO POR LA ENTIDAD.;"Título de PROFESIONAL en NBC: CONTADURIA PUBLICA.

Titulo de postgrado en la modalidad de ESPECIALIZACION EN AREAS RELACIONADAS CON LAS FUNCIONES DEL EMPLEO.

";Veinticinco(25) meses de EXPERIENCIA PROFESIONAL RELACIONADA;25;"Título de PROFESIONAL en NBC: CONTADURIA PUBLICA.

";Cuarenta y nueve(49) meses de EXPERIENCIA PROFESIONAL RELACIONADA;49
252307;RESPONDER POR QUE LOS EQUIPOS, REACTIVOS E INSUMOS DEL LABORATORIO DE MICROBIOLOGIA DE ALIMENTOS ESTEN DISPONIBLES EN CALIDAD Y CANTIDAD SUFICIENTE PARA LA REALIZACION DE LOS ANALISIS, ASI COMO LA REALIZACION DE ACTIVIDADES DE APOYO, CUMPLIENDO CON LOS REQUERIMIENTOS ESTABLECIDOS EN LAS NORMAS Y PROCEDIMIENTOS VIGENTES.;"Título de TECNOLOGICA en NBC: INGENIERIA AGROINDUSTRIAL, ALIMENTOS Y AFINES.

";Nueve(9) meses de EXPERIENCIA RELACIONADA;9;"Título de BACHILLERATO.

";Cuarenta y cinco(45) meses de EXPERIENCIA RELACIONADA;45
252308;ADELANTAR LOS PROCESOS DISCIPLINARIOS ASIGNADOS, DE ACUERDO CON LAS POLITICAS FIJADAS POR LA COORDINACION Y SEGUN LAS DISPOSICIONES Y TERMINOS LEGALES VIGENTES.;"Título de PROFESIONAL en NBC: DERECHO Y AFINES Disciplina Académica: DERECHO.

";Treinta(30) meses de EXPERIENCIA PROFESIONAL RELACIONADA;30;"Título de PROFESIONAL en NBC: DERECHO Y AFINES Disciplina Académica: DERECHO.

Titulo de postgrado en la modalidad de ESPECIALIZACION EN AREAS RELACIONADAS CON LAS FUNCIONES DEL EMPLEO.

";Seis(6) meses de EXPERIENCIA PROFESIONAL RELACIONADA;6
252309;COADYUVAR LOS PROCESOS ADMINISTRATIVOS QUE SE LLEVAN A CABO AL INTERIOR DE LA DIRECCION PARA CUMPLIR LAS METAS INSTITUCIONALES DE ACUERDO CON LAS NORMAS, ESTANDARES Y PROCEDIMIENTOS VIGENTES EN LA MATERIA.;"Título de PROFESIONAL en NBC: ADMINISTRACION
 ,O, NBC:   DERECHO Y AFINES Disciplina Académica: DERECHO
 ,O, NBC:   ECONOMIA.

";Veinticuatro(24) meses de EXPERIENCIA PROFESIONAL RELACIONADA;24;"Título de PROFESIONAL en NBC: ADMINISTRACION
 ,O, NBC:   DERECHO Y AFINES Disciplina Académica: DERECHO
 ,O, NBC:   ECONOMIA.

Titulo de postgrado en la modalidad de ESPECIALIZACION EN AREAS RELACIONADAS CON LAS FUNCIONES DEL EMPLEO.

";NO REQUIERE EXPERIENCIA;
252310;GESTIONAR EL RIESGO DE DESABASTECIMIENTO, PARA APOYAR DECISIONES REGULATORIAS INFORMADAS, GARANTIZAR CONTINUIDAD DE ACCESO, OPTIMIZAR TRAMITES Y CONTRIBUIR A LA PROTECCION DE LA SALUD PUBLICA, CONFORME A LA NORMATIVIDAD Y PROCEDIMIENTOS VIGENTES.;"Título de PROFESIONAL en NBC: BIOLOGIA, MICROBIOLOGIA Y AFINES Disciplina Académica: MICROBIOLOGIA INDUSTRIAL , MICROBIOLOGIA
 ,O, NBC:   INGENIERIA QUIMICA Y AFINES Disciplina Académica: INGENIERIA QUIMICA
 ,O, NBC:   QUIMICA Y AFINES Disciplina Académica: QUIMICA FARMACEUTICA.

";Treinta(30) meses de EXPERIENCIA PROFESIONAL RELACIONADA;30;"Título de PROFESIONAL en NBC: BIOLOGIA, MICROBIOLOGIA Y AFINES Disciplina Académica: MICROBIOLOGIA INDUSTRIAL , MICROBIOLOGIA
 ,O, NBC:   INGENIERIA QUIMICA Y AFINES Disciplina Académica: INGENIERIA QUIMICA
 ,O, NBC:   QUIMICA Y AFINES Disciplina Académica: QUIMICA FARMACEUTICA.

Titulo de postgrado en la modalidad de ESPECIALIZACION EN AREAS RELACIONADAS CON LAS FUNCIONES DEL EMPLEO.

";Seis(6) meses de EXPERIENCIA PROFESIONAL RELACIONADA;6
252311;APOYAR LAS ACTIVIDADES INSTITUCIONALES RELACIONADAS CON EL DESARROLLO DE LOS COMPROMISOS DERIVADOS DE ACUERDOS Y NEGOCIACIONES INTERNACIONALES Y OTROS COMPROMISOS DE CARACTER INTERNACIONAL DE INTERES DE LA INSTITUCION EN EL MARCO DE LAS FUNCIONES Y PRODUCTOS DE COMPETENCIA DEL INVIMA.;"Título de PROFESIONAL en NBC: INGENIERIA AGROINDUSTRIAL, ALIMENTOS Y AFINES
 ,O, NBC:   INGENIERIA INDUSTRIAL Y AFINES
 ,O, NBC:   MEDICINA VETERINARIA.

Titulo de postgrado en la modalidad de ESPECIALIZACION EN AREAS RELACIONADAS CON LAS FUNCIONES DEL EMPLEO.

";Diez y seis(16) meses de EXPERIENCIA PROFESIONAL RELACIONADA;16;"Título de PROFESIONAL en NBC: INGENIERIA AGROINDUSTRIAL, ALIMENTOS Y AFINES
 ,O, NBC:   INGENIERIA INDUSTRIAL Y AFINES
 ,O, NBC:   MEDICINA VETERINARIA.

";Cuarenta(40) meses de EXPERIENCIA PROFESIONAL RELACIONADA;40
252321;GESTIONAR, LIDERAR Y EJECUTAR LAS ACTIVIDADES TECNICAS, OPERATIVAS Y ADMINISTRATIVAS, ASOCIADAS AL PROCESO DE INSPECCION, VIGILANCIA Y CONTROL EN LA IMPORTACION Y EXPORTACION DE PRODUCTOS Y MATERIAS PRIMAS PARA SU FABRICACION, QUE SON COMPETENCIA DEL INVIMA, DE ACUERDO CON LA NORMATIVIDAD SANITARIA, PROCEDIMIENTOS VIGENTES, LAS POLITICAS Y DIRECTRICES DEL INSTITUTO.;"Título de PROFESIONAL en NBC: BIOLOGIA, MICROBIOLOGIA Y AFINES Disciplina Académica: MICROBIOLOGIA INDUSTRIAL , MICROBIOLOGÍA CON ÉNFASIS EN ALIMENTOS , MICROBIOLOGIA
 ,O, NBC:   INGENIERIA AGROINDUSTRIAL, ALIMENTOS Y AFINES Disciplina Académica: INGENIERIA DE ALIMENTOS
 ,O, NBC:   INGENIERIA QUIMICA Y AFINES Disciplina Académica: INGENIERIA QUIMICA
 ,O, NBC:   MEDICINA VETERINARIA Disciplina Académica: MEDICINA VETERINARIA , MEDICINA VETERINARIA Y ZOOTECNIA.

Titulo de postgrado en la modalidad de ESPECIALIZACION EN AREAS RELACIONADAS CON LAS FUNCIONES DEL EMPLEO.

";Diez y seis(16) meses de EXPERIENCIA PROFESIONAL RELACIONADA;16;"Título de PROFESIONAL en NBC: BIOLOGIA, MICROBIOLOGIA Y AFINES Disciplina Académica: MICROBIOLOGIA , MICROBIOLOGIA INDUSTRIAL , MICROBIOLOGÍA CON ÉNFASIS EN ALIMENTOS
 ,O, NBC:   INGENIERIA AGROINDUSTRIAL, ALIMENTOS Y AFINES Disciplina Académica: INGENIERIA DE ALIMENTOS
 ,O, NBC:   INGENIERIA QUIMICA Y AFINES Disciplina Académica: INGENIERIA QUIMICA
 ,O, NBC:   MEDICINA VETERINARIA Disciplina Académica: MEDICINA VETERINARIA , MEDICINA VETERINARIA Y ZOOTECNIA.

";Cuarenta(40) meses de EXPERIENCIA PROFESIONAL RELACIONADA;40
252327;ADMINISTRAR LOS PLANES, PROGRAMAS Y PROYECTOS RELACIONADOS CON EL MANTENIMIENTO DE MAQUINAS Y EQUIPOS, FLOTA VEHICULAR, INFRAESTRUCTURA FISICA DE ACUERDO CON LAS CARACTERISTICAS Y NECESIDADES DE LAS DEPENDENCIAS QUE CONFORMAN LA ENTIDAD.;"Título de PROFESIONAL en NBC: ADMINISTRACION
 ,O, NBC:   INGENIERIA CIVIL Y AFINES
 ,O, NBC:   INGENIERIA ELECTRONICA, TELECOMUNICACIONES Y AFINES
 ,O, NBC:   INGENIERIA INDUSTRIAL Y AFINES
 ,O, NBC:   INGENIERIA MECANICA Y AFINES.

Titulo de postgrado en la modalidad de ESPECIALIZACION EN AREAS RELACIONADAS CON LAS FUNCIONES DEL EMPLEO.

";Diez y seis(16) meses de EXPERIENCIA PROFESIONAL RELACIONADA;16;"Título de PROFESIONAL en NBC: ADMINISTRACION
 ,O, NBC:   INGENIERIA CIVIL Y AFINES
 ,O, NBC:   INGENIERIA ELECTRONICA, TELECOMUNICACIONES Y AFINES
 ,O, NBC:   INGENIERIA INDUSTRIAL Y AFINES
 ,O, NBC:   INGENIERIA MECANICA Y AFINES.

";Cuarenta(40) meses de EXPERIENCIA PROFESIONAL RELACIONADA;40
252328;REALIZAR LA EJECUCION Y SEGUIMIENTO DE PROCESOS ADMINISTRATIVOS, OPERATIVOS, FINANCIEROS O PRESUPUESTALES CON EL FIN DE GARANTIZAR EL BUEN FUNCIONAMIENTO DE LA DEPENDENCIA.;"Título de PROFESIONAL en NBC: ADMINISTRACION
 ,O, NBC:   CONTADURIA PUBLICA
 ,O, NBC:   DERECHO Y AFINES Disciplina Académica: DERECHO
 ,O, NBC:   ECONOMIA
 ,O, NBC:   INGENIERIA INDUSTRIAL Y AFINES.

";Treinta(30) meses de EXPERIENCIA PROFESIONAL RELACIONADA;30;"Título de PROFESIONAL en NBC: ADMINISTRACION
 ,O, NBC:   CONTADURIA PUBLICA
 ,O, NBC:   DERECHO Y AFINES Disciplina Académica: DERECHO
 ,O, NBC:   ECONOMIA
 ,O, NBC:   INGENIERIA INDUSTRIAL Y AFINES.

Titulo de postgrado en la modalidad de ESPECIALIZACION EN AREAS RELACIONADAS CON LAS FUNCIONES DEL EMPLEO.

";Seis(6) meses de EXPERIENCIA PROFESIONAL RELACIONADA;6
252329;REALIZAR ACTIVIDADES DE APOYO Y ASISTENCIA ADMINISTRATIVA EN EL TRAMITE Y EJECUCION DE LOS PROCESOS LLEVADOS A CABO EN LA DEPENDENCIA, DE ACUERDO CON LAS DISPOSICIONES LEGALES, REGLAMENTARIAS Y PROCEDIMIENTOS VIGENTES.;"Título de BACHILLERATO.

";Cinco(5) meses de EXPERIENCIA LABORAL;5;;;
252330;REALIZAR ACTIVIDADES DEL GRUPO LABORATORIO FISICOQUIMICO DE ALIMENTOS Y BEBIDAS, EN EL DESARROLLO DE LAS ACTIVIDADES DE TECNICAS Y ADMINISTRATIVAS SEGUN LAS NORMAS, ESTANDARES Y PROCEDIMIENTOS VIGENTES, ASI COMO LA REALIZACION DE ACTIVIDADES DE APOYO, CUMPLIENDO CON LOS REQUERIMIENTOS ESTABLECIDOS EN LAS NORMAS Y PROCEDIMIENTOS VIGENTES.;"Título de TECNOLOGICA en NBC: INGENIERIA QUIMICA Y AFINES
 ,O, NBC:   QUIMICA Y AFINES.

";Nueve(9) meses de EXPERIENCIA RELACIONADA;9;"Título de BACHILLERATO.

";Cuarenta y cinco(45) meses de EXPERIENCIA RELACIONADA;45
252331;ADELANTAR LAS ACTIVIDADES DE IDENTIFICACION, DISENO, DESARROLLO E IMPLEMENTACION DE REPORTES, TABLEROS DE CONTROL E INFORMES JUNTO CON LOS PROCESOS DE GENERACION, AUTOMATIZACION, PRESENTACION Y MANTENIMIENTO ACORDE A LAS NECESIDADES PRESENTADAS POR LAS AREAS MISIONALES Y DE APOYO DEL INSTITUTO.;"Título de PROFESIONAL en NBC: INGENIERIA DE SISTEMAS, TELEMATICA Y AFINES
 ,O, NBC:   INGENIERIA ELECTRONICA, TELECOMUNICACIONES Y AFINES.

";Treinta(30) meses de EXPERIENCIA PROFESIONAL RELACIONADA;30;"Título de PROFESIONAL en NBC: INGENIERIA DE SISTEMAS, TELEMATICA Y AFINES
 ,O, NBC:   INGENIERIA ELECTRONICA, TELECOMUNICACIONES Y AFINES.

Titulo de postgrado en la modalidad de ESPECIALIZACION EN AREAS RELACIONADAS CON LAS FUNCIONES DEL EMPLEO.

";Seis(6) meses de EXPERIENCIA PROFESIONAL RELACIONADA;6
252339;APOYAR LA GESTION CONTABLE DE ACUERDO CON LAS NORMAS, TECNICAS CONTABLES VIGENTES Y MANUAL DE PROCESOS Y PROCEDIMIENTOS ADOPTADO POR LA ENTIDAD.;"Título de PROFESIONAL en NBC: CONTADURIA PUBLICA.

";Treinta(30) meses de EXPERIENCIA PROFESIONAL RELACIONADA;30;"Título de PROFESIONAL en NBC: CONTADURIA PUBLICA.

Titulo de postgrado en la modalidad de ESPECIALIZACION EN AREAS RELACIONADAS CON LAS FUNCIONES DEL EMPLEO.

";Seis(6) meses de EXPERIENCIA PROFESIONAL RELACIONADA;6
252340;DESARROLLAR LAS ACTIVIDADES PLANES, PROGRAMAS Y PROYECTOS RELACIONADOS CON LOS PROCESOS DE ALMACEN GENERAL E INVENTARIOS DEL INSTITUTO, RESPONDIENDO POR LA ENTREGA DE SUMINISTROS REQUERIDOS POR LAS DIFERENTES AREAS DEL INSTITUTO DE CONFORMIDAD CON LOS LINEAMIENTOS ESTABLECIDOS PARA TAL FIN.;"Título de PROFESIONAL en NBC: ADMINISTRACION
 ,O, NBC:   CONTADURIA PUBLICA
 ,O, NBC:   ECONOMIA
 ,O, NBC:   INGENIERIA ADMINISTRATIVA Y AFINES
 ,O, NBC:   INGENIERIA CIVIL Y AFINES
 ,O, NBC:   INGENIERIA INDUSTRIAL Y AFINES.

";Veinticuatro(24) meses de EXPERIENCIA PROFESIONAL RELACIONADA;24;"Título de PROFESIONAL en NBC: ADMINISTRACION
 ,O, NBC:   CONTADURIA PUBLICA
 ,O, NBC:   ECONOMIA
 ,O, NBC:   INGENIERIA ADMINISTRATIVA Y AFINES
 ,O, NBC:   INGENIERIA CIVIL Y AFINES
 ,O, NBC:   INGENIERIA INDUSTRIAL Y AFINES.

Titulo de postgrado en la modalidad de ESPECIALIZACION EN AREAS RELACIONADAS CON LAS FUNCIONES DEL EMPLEO.

";NO REQUIERE EXPERIENCIA;
252341;ORGANIZAR Y EJECUTAR LAS ACTIVIDADES RELACIONADAS CON LA ADMINISTRACION DE LOS RECURSOS FISICOS DE LA INSTITUCION, EN PROCURA DE LA GESTION DE LOS MISMOS, DE ACUERDO CON LAS FUNCIONES ASIGNADAS AL GRUPO.;"Título de PROFESIONAL en NBC: ADMINISTRACION
 ,O, NBC:   CONTADURIA PUBLICA
 ,O, NBC:   ECONOMIA
 ,O, NBC:   INGENIERIA CIVIL Y AFINES
 ,O, NBC:   INGENIERIA DE SISTEMAS, TELEMATICA Y AFINES
 ,O, NBC:   INGENIERIA INDUSTRIAL Y AFINES.

";Veinticuatro(24) meses de EXPERIENCIA PROFESIONAL RELACIONADA;24;"Título de PROFESIONAL en NBC: ADMINISTRACION
 ,O, NBC:   CONTADURIA PUBLICA
 ,O, NBC:   ECONOMIA
 ,O, NBC:   INGENIERIA CIVIL Y AFINES
 ,O, NBC:   INGENIERIA DE SISTEMAS, TELEMATICA Y AFINES
 ,O, NBC:   INGENIERIA INDUSTRIAL Y AFINES.

Titulo de postgrado en la modalidad de ESPECIALIZACION EN AREAS RELACIONADAS CON LAS FUNCIONES DEL EMPLEO.

";NO REQUIERE EXPERIENCIA;
255933;PREPARAR LA EJECUCION PRESUPUESTAL DE INGRESOS Y GASTOS Y EFECTUAR REGISTROS PRESUPUESTALES, DE ACUERDO CON LAS NORMAS VIGENTES Y EL MANUAL DE PROCESOS Y PROCEDIMIENTOS ADOPTADO POR LA ENTIDAD.;"Título de PROFESIONAL en NBC: ADMINISTRACION
 ,O, NBC:   CONTADURIA PUBLICA
 ,O, NBC:   ECONOMIA
 ,O, NBC:   INGENIERIA INDUSTRIAL Y AFINES.

";Treinta(30) meses de EXPERIENCIA PROFESIONAL RELACIONADA;30;"Título de PROFESIONAL en NBC: ADMINISTRACION
 ,O, NBC:   CONTADURIA PUBLICA
 ,O, NBC:   ECONOMIA
 ,O, NBC:   INGENIERIA INDUSTRIAL Y AFINES.

Titulo de postgrado en la modalidad de ESPECIALIZACION EN AREAS RELACIONADAS CON LAS FUNCIONES DEL EMPLEO.

";Seis(6) meses de EXPERIENCIA PROFESIONAL RELACIONADA;6
255934;ELABORAR Y REALIZAR SEGUIMIENTO A LOS PLANES DE MONITOREO DE RESIDUOS DE PLAGUICIDAS DE USO VETERINARIO, CONTAMINANTES O PATOGENOS DE ACUERDO CON LAS NORMAS Y PROCEDIMIENTOS VIGENTES.;"Título de PROFESIONAL en NBC: INGENIERIA AGROINDUSTRIAL, ALIMENTOS Y AFINES
 ,O, NBC:   INGENIERIA QUIMICA Y AFINES
 ,O, NBC:   MEDICINA VETERINARIA
 ,O, NBC:   QUIMICA Y AFINES.

Titulo de postgrado en la modalidad de ESPECIALIZACION EN AREAS RELACIONADAS CON LAS FUNCIONES DEL EMPLEO.

";Diez(10) meses de EXPERIENCIA PROFESIONAL RELACIONADA;10;"Título de PROFESIONAL en NBC: INGENIERIA AGROINDUSTRIAL, ALIMENTOS Y AFINES
 ,O, NBC:   INGENIERIA QUIMICA Y AFINES
 ,O, NBC:   MEDICINA VETERINARIA
 ,O, NBC:   QUIMICA Y AFINES.

";Treinta y cuatro(34) meses de EXPERIENCIA PROFESIONAL RELACIONADA;34
255935;REALIZAR LA INSPECCION, VIGILANCIA Y CONTROL DE ALIMENTOS ESTABLECIENDO SU CALIDAD E INOCUIDAD, EN CONCORDANCIA CON LA LEGISLACION SANITARIA, LAS POLITICAS Y DIRECTRICES DEL INSTITUTO Y LOS PROCEDIMIENTOS VIGENTES.;"Título de PROFESIONAL en NBC: INGENIERIA AGROINDUSTRIAL, ALIMENTOS Y AFINES
 ,O, NBC:   INGENIERIA QUIMICA Y AFINES
 ,O, NBC:   MEDICINA VETERINARIA
 ,O, NBC:   NUTRICION Y DIETETICA
 ,O, NBC:   QUIMICA Y AFINES.

Titulo de postgrado en la modalidad de ESPECIALIZACION EN AREAS RELACIONADAS CON LAS FUNCIONES DEL EMPLEO.

";Diez(10) meses de EXPERIENCIA PROFESIONAL RELACIONADA;10;"Título de PROFESIONAL en NBC: INGENIERIA AGROINDUSTRIAL, ALIMENTOS Y AFINES
 ,O, NBC:   INGENIERIA QUIMICA Y AFINES
 ,O, NBC:   MEDICINA VETERINARIA
 ,O, NBC:   NUTRICION Y DIETETICA
 ,O, NBC:   QUIMICA Y AFINES.

";Treinta y cuatro(34) meses de EXPERIENCIA PROFESIONAL RELACIONADA;34
255939;REALIZAR LAS ACTIVIDADES QUE SE GENEREN DEL MANEJO DEL SISTEMA DE INFORMACION EN LA INSPECCION VIGILANCIA Y CONTROL DE LOS PRODUCTOS COMPETENCIA DEL INVIMA, PARA LA PROTECCION DE LA SALUD DE LA POBLACION, DE ACUERDO CON LAS NORMAS Y PROCEDIMIENTOS VIGENTES.;"Título de PROFESIONAL en NBC: INGENIERIA AGROINDUSTRIAL, ALIMENTOS Y AFINES
 ,O, NBC:   INGENIERIA QUIMICA Y AFINES
 ,O, NBC:   MEDICINA VETERINARIA
 ,O, NBC:   QUIMICA Y AFINES.

Titulo de postgrado en la modalidad de ESPECIALIZACION EN AREAS RELACIONADAS CON LAS FUNCIONES DEL EMPLEO.

";Siete(7) meses de EXPERIENCIA PROFESIONAL RELACIONADA;7;"Título de PROFESIONAL en NBC: INGENIERIA AGROINDUSTRIAL, ALIMENTOS Y AFINES
 ,O, NBC:   INGENIERIA QUIMICA Y AFINES
 ,O, NBC:   MEDICINA VETERINARIA
 ,O, NBC:   QUIMICA Y AFINES.

";Treinta y uno(31) meses de EXPERIENCIA PROFESIONAL RELACIONADA;31
255940;GESTIONAR Y EJECUTAR LAS ACTIVIDADES RELACIONADAS AL PROCESO DE INSPECCION, VIGILANCIA Y CONTROL DE PRODUCTOS COMPETENCIA DEL INVIMA EN CONCORDANCIA CON LA LEGISLACION SANITARIA, LOS PROCEDIMIENTOS, LAS POLITICAS Y DIRECTRICES DEL INSTITUTO.;"Título de PROFESIONAL en NBC: INGENIERIA AGROINDUSTRIAL, ALIMENTOS Y AFINES Disciplina Académica: INGENIERIA DE ALIMENTOS , INGENIERIA AGROINDUSTRIAL
 ,O, NBC:   INGENIERIA QUIMICA Y AFINES Disciplina Académica: INGENIERIA QUIMICA
 ,O, NBC:   MEDICINA VETERINARIA Disciplina Académica: MEDICINA VETERINARIA Y ZOOTECNIA , MEDICINA VETERINARIA
 ,O, NBC:   QUIMICA Y AFINES Disciplina Académica: QUIMICA DE ALIMENTOS.

Titulo de postgrado en la modalidad de ESPECIALIZACION EN AREAS RELACIONADAS CON LAS FUNCIONES DEL EMPLEO.

";Siete(7) meses de EXPERIENCIA PROFESIONAL RELACIONADA;7;"Título de PROFESIONAL en NBC: INGENIERIA AGROINDUSTRIAL, ALIMENTOS Y AFINES Disciplina Académica: INGENIERIA AGROINDUSTRIAL , INGENIERIA DE ALIMENTOS
 ,O, NBC:   INGENIERIA QUIMICA Y AFINES Disciplina Académica: INGENIERIA QUIMICA
 ,O, NBC:   MEDICINA VETERINARIA Disciplina Académica: MEDICINA VETERINARIA Y ZOOTECNIA , MEDICINA VETERINARIA
 ,O, NBC:   QUIMICA Y AFINES Disciplina Académica: QUIMICA DE ALIMENTOS.

";Treinta y uno(31) meses de EXPERIENCIA PROFESIONAL RELACIONADA;31
255941;APOYAR LA EJECUCION DE LAS ACTIVIDADES TECNICAS, OPERATIVAS Y ADMINISTRATIVAS, ASOCIADAS AL PROCESO DE INSPECCION, VIGILANCIA Y CONTROL EN LA IMPORTACION Y EXPORTACION DE PRODUCTOS Y MATERIAS PRIMAS PARA SU FABRICACION, QUE SON COMPETENCIA DEL INVIMA, DE ACUERDO CON LA NORMATIVIDAD SANITARIA, PROCEDIMIENTOS VIGENTES, LAS POLITICAS Y DIRECTRICES DEL INSTITUTO.;"Título de PROFESIONAL en NBC: BIOLOGIA, MICROBIOLOGIA Y AFINES Disciplina Académica: MICROBIOLOGÍA CON ÉNFASIS EN ALIMENTOS , MICROBIOLOGIA INDUSTRIAL
 ,O, NBC:   INGENIERIA AGROINDUSTRIAL, ALIMENTOS Y AFINES Disciplina Académica: INGENIERIA DE ALIMENTOS
 ,O, NBC:   INGENIERIA QUIMICA Y AFINES Disciplina Académica: INGENIERIA QUIMICA
 ,O, NBC:   MEDICINA VETERINARIA Disciplina Académica: MEDICINA VETERINARIA , MEDICINA VETERINARIA Y ZOOTECNIA.

Titulo de postgrado en la modalidad de ESPECIALIZACION EN AREAS RELACIONADAS CON LAS FUNCIONES DEL EMPLEO.

";Diez(10) meses de EXPERIENCIA PROFESIONAL RELACIONADA;10;"Título de PROFESIONAL en NBC: BIOLOGIA, MICROBIOLOGIA Y AFINES Disciplina Académica: MICROBIOLOGÍA CON ÉNFASIS EN ALIMENTOS , MICROBIOLOGIA INDUSTRIAL
 ,O, NBC:   INGENIERIA AGROINDUSTRIAL, ALIMENTOS Y AFINES Disciplina Académica: INGENIERIA DE ALIMENTOS
 ,O, NBC:   INGENIERIA QUIMICA Y AFINES Disciplina Académica: INGENIERIA QUIMICA
 ,O, NBC:   MEDICINA VETERINARIA Disciplina Académica: MEDICINA VETERINARIA , MEDICINA VETERINARIA Y ZOOTECNIA.

";Treinta y cuatro(34) meses de EXPERIENCIA PROFESIONAL RELACIONADA;34
252342;APOYAR EN LAS ACTIVIDADES MANUALES O TAREAS DE SIMPLE EJECUCION PROPIAS DE LA DEPENDENCIA.;"Título de BACHILLERATO.

";NO REQUIERE EXPERIENCIA;;"Aprobación de Cuatro(4) Años  de BACHILLERATO.

";Uno(1) años de EXPERIENCIA LABORAL;1
252343;REALIZAR ACTIVIDADES DE APOYO Y ASISTENCIA ADMINISTRATIVA EN EL TRAMITE Y EJECUCION DE LOS PROCESOS LLEVADOS A CABO EN LA DEPENDENCIA, DE ACUERDO CON LAS DISPOSICIONES LEGALES, REGLAMENTARIAS Y PROCEDIMIENTOS VIGENTES.;"Aprobación de Cinco(5) Años  de BACHILLERATO.

";Seis(6) meses de EXPERIENCIA LABORAL;6;;;
252344;REALIZAR ACTIVIDADES DE APOYO Y ASISTENCIA ADMINISTRATIVA EN EL TRAMITE Y EJECUCION DE LOS PROCESOS LLEVADOS A CABO EN LA DEPENDENCIA, DE ACUERDO CON LAS DISPOSICIONES LEGALES, REGLAMENTARIAS Y PROCEDIMIENTOS VIGENTES.;"Título de BACHILLERATO.

";Veinticinco(25) meses de EXPERIENCIA LABORAL;25;;;
252345;DESEMPENAR FUNCIONES DE OFICINA Y DE ASISTENCIA ADMINISTRATIVA QUE FACILITEN EL DESARROLLO DE LA GESTION ADMINISTRATIVA Y EL CUMPLIMIENTO DE LAS ESPONSABILIDADES DE LA DEPENDENCIA, TENIENDO EN CUENTA LA NORMATIVIDAD VIGENTE, PROCEDIMIENTOS Y LAS POLITICAS DE LA ENTIDAD.;"Título de BACHILLERATO.

";Quince(15) meses de EXPERIENCIA LABORAL;15;"Aprobación de Cuatro(4) Años  de BACHILLERATO.

";Veintisiete(27) meses de EXPERIENCIA LABORAL;27
252346;DESEMPENAR FUNCIONES DE OFICINA Y DE ASISTENCIA ADMINISTRATIVA, QUE FACILITEN EL DESARROLLO DE LAS FUNCIONES Y RESPONSABILIDADES DE LOS NIVELES SUPERIORES EN LA GESTION ADMINISTRATIVA DE LA DEPENDENCIA.;"Título de BACHILLERATO.

";Diez(10) meses de EXPERIENCIA LABORAL;10;;;
252347;APOYAR LAS ACTIVIDADES INHERENTES A LA ADMINISTRACION DE LOS RECURSOS FISICOS Y PRESTACION DE SERVICIOS ADMINISTRATIVOS: MANTENIMIENTO Y CONSERVACION DE LAS INSTALACIONES, EQUIPOS Y ELEMENTOS DE OFICINA, ASI COMO LA CUSTODIA DE LOS MISMOS.;"Título de TECNOLOGICA en NBC: ADMINISTRACION
 ,O, NBC:   CONTADURIA PUBLICA
 ,O, NBC:   INGENIERIA ADMINISTRATIVA Y AFINES
 ,O, NBC:   INGENIERIA CIVIL Y AFINES
 ,O, NBC:   INGENIERIA ELECTRICA Y AFINES
 ,O, NBC:   INGENIERIA INDUSTRIAL Y AFINES.

";Nueve(9) meses de EXPERIENCIA RELACIONADA;9;"Título de BACHILLERATO.

";Cuarenta y cinco(45) meses de EXPERIENCIA RELACIONADA;45
252348;REALIZAR ACTIVIDADES DE APOYO ADMINISTRATIVO, CONTABLE, FINANCIERO Y/O PRESUPUESTAL, APLICANDO LOS CONOCIMIENTOS QUE PERMITAN EL MEJORAMIENTO CONTINUO DE LOS PROCESOS ADMINISTRATIVOS Y LA EJECUCION DE LOS PROCEDIMIENTOS DE LA DEPENDENCIA DONDE SE ENCUENTRE UBICADO EL CARGO.;"Título de TECNOLOGICA en NBC: ADMINISTRACION
 ,O, NBC:   CONTADURIA PUBLICA
 ,O, NBC:   DERECHO Y AFINES
 ,O, NBC:   ECONOMIA
 ,O, NBC:   INGENIERIA INDUSTRIAL Y AFINES.

";Nueve(9) meses de EXPERIENCIA RELACIONADA;9;"Título de BACHILLERATO.

";Cuarenta y cinco(45) meses de EXPERIENCIA RELACIONADA;45
252349;REALIZAR FUNCIONES DE ASISTENCIA ADMINISTRATIVA, QUE FACILITEN EL DESARROLLO Y EJECUCION DE LAS ACTIVIDADES ASIGNADAS A LA DEPENDENCIA, TENIENDO EN CUENTA LA NORMATIVIDAD VIGENTE, PROCEDIMIENTOS Y LAS POLITICAS DE LA ENTIDAD.;"Título de BACHILLERATO.

";Cinco(5) meses de EXPERIENCIA LABORAL;5;;;
